report,reportLabel,acronym,acronymLabel
https://climatekg.tibwiki.io/entity/Q10,Special Report: Global Warming of 1.5°C,https://climatekg.tibwiki.io/entity/Q2089,1.5DS
https://climatekg.tibwiki.io/entity/Q77,Working Group I: Climate Change 2021 – The Physical Science Basis,https://climatekg.tibwiki.io/entity/Q3038,20CR
https://climatekg.tibwiki.io/entity/Q10,Special Report: Global Warming of 1.5°C,https://climatekg.tibwiki.io/entity/Q2090,2DS
https://climatekg.tibwiki.io/entity/Q35,Special Report: Climate Change and Land,https://climatekg.tibwiki.io/entity/Q2649,3-NOP
https://climatekg.tibwiki.io/entity/Q106,"Working Group II: Climate Change 2022 – Impacts, Adaptation and Vulnerability",https://climatekg.tibwiki.io/entity/Q3325,3-PG
https://climatekg.tibwiki.io/entity/Q35,Special Report: Climate Change and Land,https://climatekg.tibwiki.io/entity/Q2650,A/F
https://climatekg.tibwiki.io/entity/Q106,"Working Group II: Climate Change 2022 – Impacts, Adaptation and Vulnerability",https://climatekg.tibwiki.io/entity/Q3326,A/R
https://climatekg.tibwiki.io/entity/Q150,Working Group III: Climate Change 2022 – Mitigation of Climate Change,https://climatekg.tibwiki.io/entity/Q3326,A/R
https://climatekg.tibwiki.io/entity/Q77,Working Group I: Climate Change 2021 – The Physical Science Basis,https://climatekg.tibwiki.io/entity/Q3039,A1B
https://climatekg.tibwiki.io/entity/Q57,Special Report: The Ocean and Cryosphere in a Changing Climate,https://climatekg.tibwiki.io/entity/Q2901,AABW
https://climatekg.tibwiki.io/entity/Q77,Working Group I: Climate Change 2021 – The Physical Science Basis,https://climatekg.tibwiki.io/entity/Q2901,AABW
https://climatekg.tibwiki.io/entity/Q106,"Working Group II: Climate Change 2022 – Impacts, Adaptation and Vulnerability",https://climatekg.tibwiki.io/entity/Q3327,AAI
https://climatekg.tibwiki.io/entity/Q77,Working Group I: Climate Change 2021 – The Physical Science Basis,https://climatekg.tibwiki.io/entity/Q3040,AAIW
https://climatekg.tibwiki.io/entity/Q77,Working Group I: Climate Change 2021 – The Physical Science Basis,https://climatekg.tibwiki.io/entity/Q3041,AAO
https://climatekg.tibwiki.io/entity/Q106,"Working Group II: Climate Change 2022 – Impacts, Adaptation and Vulnerability",https://climatekg.tibwiki.io/entity/Q3041,AAO
https://climatekg.tibwiki.io/entity/Q106,"Working Group II: Climate Change 2022 – Impacts, Adaptation and Vulnerability",https://climatekg.tibwiki.io/entity/Q3328,AAS
https://climatekg.tibwiki.io/entity/Q150,Working Group III: Climate Change 2022 – Mitigation of Climate Change,https://climatekg.tibwiki.io/entity/Q3703,AB
https://climatekg.tibwiki.io/entity/Q35,Special Report: Climate Change and Land,https://climatekg.tibwiki.io/entity/Q2651,ABC
https://climatekg.tibwiki.io/entity/Q35,Special Report: Climate Change and Land,https://climatekg.tibwiki.io/entity/Q2652,ABM
https://climatekg.tibwiki.io/entity/Q57,Special Report: The Ocean and Cryosphere in a Changing Climate,https://climatekg.tibwiki.io/entity/Q2902,ABNJ
https://climatekg.tibwiki.io/entity/Q106,"Working Group II: Climate Change 2022 – Impacts, Adaptation and Vulnerability",https://climatekg.tibwiki.io/entity/Q2902,ABNJ
https://climatekg.tibwiki.io/entity/Q106,"Working Group II: Climate Change 2022 – Impacts, Adaptation and Vulnerability",https://climatekg.tibwiki.io/entity/Q3329,ABS
https://climatekg.tibwiki.io/entity/Q57,Special Report: The Ocean and Cryosphere in a Changing Climate,https://climatekg.tibwiki.io/entity/Q2903,AC
https://climatekg.tibwiki.io/entity/Q106,"Working Group II: Climate Change 2022 – Impacts, Adaptation and Vulnerability",https://climatekg.tibwiki.io/entity/Q2903,AC
https://climatekg.tibwiki.io/entity/Q150,Working Group III: Climate Change 2022 – Mitigation of Climate Change,https://climatekg.tibwiki.io/entity/Q2903,AC
https://climatekg.tibwiki.io/entity/Q57,Special Report: The Ocean and Cryosphere in a Changing Climate,https://climatekg.tibwiki.io/entity/Q2904,ACC
https://climatekg.tibwiki.io/entity/Q77,Working Group I: Climate Change 2021 – The Physical Science Basis,https://climatekg.tibwiki.io/entity/Q2904,ACC
https://climatekg.tibwiki.io/entity/Q106,"Working Group II: Climate Change 2022 – Impacts, Adaptation and Vulnerability",https://climatekg.tibwiki.io/entity/Q3330,ACCC
https://climatekg.tibwiki.io/entity/Q106,"Working Group II: Climate Change 2022 – Impacts, Adaptation and Vulnerability",https://climatekg.tibwiki.io/entity/Q3331,ACCCRN
https://climatekg.tibwiki.io/entity/Q10,Special Report: Global Warming of 1.5°C,https://climatekg.tibwiki.io/entity/Q2091,ACCESS
https://climatekg.tibwiki.io/entity/Q77,Working Group I: Climate Change 2021 – The Physical Science Basis,https://climatekg.tibwiki.io/entity/Q2091,ACCESS
https://climatekg.tibwiki.io/entity/Q10,Special Report: Global Warming of 1.5°C,https://climatekg.tibwiki.io/entity/Q2092,ACCMIP
https://climatekg.tibwiki.io/entity/Q77,Working Group I: Climate Change 2021 – The Physical Science Basis,https://climatekg.tibwiki.io/entity/Q2092,ACCMIP
https://climatekg.tibwiki.io/entity/Q10,Special Report: Global Warming of 1.5°C,https://climatekg.tibwiki.io/entity/Q2093,ACCRN
https://climatekg.tibwiki.io/entity/Q150,Working Group III: Climate Change 2022 – Mitigation of Climate Change,https://climatekg.tibwiki.io/entity/Q3704,ACCTS
https://climatekg.tibwiki.io/entity/Q77,Working Group I: Climate Change 2021 – The Physical Science Basis,https://climatekg.tibwiki.io/entity/Q3043,ACE
https://climatekg.tibwiki.io/entity/Q106,"Working Group II: Climate Change 2022 – Impacts, Adaptation and Vulnerability",https://climatekg.tibwiki.io/entity/Q3043,ACE
https://climatekg.tibwiki.io/entity/Q150,Working Group III: Climate Change 2022 – Mitigation of Climate Change,https://climatekg.tibwiki.io/entity/Q3705,ACF
https://climatekg.tibwiki.io/entity/Q10,Special Report: Global Warming of 1.5°C,https://climatekg.tibwiki.io/entity/Q2094,ACOLA
https://climatekg.tibwiki.io/entity/Q106,"Working Group II: Climate Change 2022 – Impacts, Adaptation and Vulnerability",https://climatekg.tibwiki.io/entity/Q3332,ACRE
https://climatekg.tibwiki.io/entity/Q106,"Working Group II: Climate Change 2022 – Impacts, Adaptation and Vulnerability",https://climatekg.tibwiki.io/entity/Q3333,ACT
https://climatekg.tibwiki.io/entity/Q10,Special Report: Global Warming of 1.5°C,https://climatekg.tibwiki.io/entity/Q2095,ACs
https://climatekg.tibwiki.io/entity/Q35,Special Report: Climate Change and Land,https://climatekg.tibwiki.io/entity/Q2096,ADB
https://climatekg.tibwiki.io/entity/Q10,Special Report: Global Warming of 1.5°C,https://climatekg.tibwiki.io/entity/Q2096,ADB
https://climatekg.tibwiki.io/entity/Q106,"Working Group II: Climate Change 2022 – Impacts, Adaptation and Vulnerability",https://climatekg.tibwiki.io/entity/Q2096,ADB
https://climatekg.tibwiki.io/entity/Q150,Working Group III: Climate Change 2022 – Mitigation of Climate Change,https://climatekg.tibwiki.io/entity/Q3706,ADEME
https://climatekg.tibwiki.io/entity/Q10,Special Report: Global Warming of 1.5°C,https://climatekg.tibwiki.io/entity/Q2097,ADVANCE
https://climatekg.tibwiki.io/entity/Q106,"Working Group II: Climate Change 2022 – Impacts, Adaptation and Vulnerability",https://climatekg.tibwiki.io/entity/Q3334,ADW
https://climatekg.tibwiki.io/entity/Q77,Working Group I: Climate Change 2021 – The Physical Science Basis,https://climatekg.tibwiki.io/entity/Q3044,AED
https://climatekg.tibwiki.io/entity/Q106,"Working Group II: Climate Change 2022 – Impacts, Adaptation and Vulnerability",https://climatekg.tibwiki.io/entity/Q3335,AEMO
https://climatekg.tibwiki.io/entity/Q77,Working Group I: Climate Change 2021 – The Physical Science Basis,https://climatekg.tibwiki.io/entity/Q3046,AERONET
https://climatekg.tibwiki.io/entity/Q77,Working Group I: Climate Change 2021 – The Physical Science Basis,https://climatekg.tibwiki.io/entity/Q3047,AEW
https://climatekg.tibwiki.io/entity/Q57,Special Report: The Ocean and Cryosphere in a Changing Climate,https://climatekg.tibwiki.io/entity/Q2905,AEWC
https://climatekg.tibwiki.io/entity/Q10,Special Report: Global Warming of 1.5°C,https://climatekg.tibwiki.io/entity/Q2098,AEZ
https://climatekg.tibwiki.io/entity/Q77,Working Group I: Climate Change 2021 – The Physical Science Basis,https://climatekg.tibwiki.io/entity/Q3048,AF
https://climatekg.tibwiki.io/entity/Q106,"Working Group II: Climate Change 2022 – Impacts, Adaptation and Vulnerability",https://climatekg.tibwiki.io/entity/Q3048,AF
https://climatekg.tibwiki.io/entity/Q150,Working Group III: Climate Change 2022 – Mitigation of Climate Change,https://climatekg.tibwiki.io/entity/Q3048,AF
https://climatekg.tibwiki.io/entity/Q150,Working Group III: Climate Change 2022 – Mitigation of Climate Change,https://climatekg.tibwiki.io/entity/Q3707,AFD
https://climatekg.tibwiki.io/entity/Q189,"Climate Change 2023: Synthesis Report. Contribution of Working Groups I, II and III to the Sixth Assessment Report of the Intergovernmental Panel on Climate Change",https://climatekg.tibwiki.io/entity/Q2100,AFOLU
https://climatekg.tibwiki.io/entity/Q35,Special Report: Climate Change and Land,https://climatekg.tibwiki.io/entity/Q2100,AFOLU
https://climatekg.tibwiki.io/entity/Q10,Special Report: Global Warming of 1.5°C,https://climatekg.tibwiki.io/entity/Q2100,AFOLU
https://climatekg.tibwiki.io/entity/Q77,Working Group I: Climate Change 2021 – The Physical Science Basis,https://climatekg.tibwiki.io/entity/Q2100,AFOLU
https://climatekg.tibwiki.io/entity/Q106,"Working Group II: Climate Change 2022 – Impacts, Adaptation and Vulnerability",https://climatekg.tibwiki.io/entity/Q2100,AFOLU
https://climatekg.tibwiki.io/entity/Q150,Working Group III: Climate Change 2022 – Mitigation of Climate Change,https://climatekg.tibwiki.io/entity/Q2100,AFOLU
https://climatekg.tibwiki.io/entity/Q77,Working Group I: Climate Change 2021 – The Physical Science Basis,https://climatekg.tibwiki.io/entity/Q3049,AFR
https://climatekg.tibwiki.io/entity/Q150,Working Group III: Climate Change 2022 – Mitigation of Climate Change,https://climatekg.tibwiki.io/entity/Q3049,AFR
https://climatekg.tibwiki.io/entity/Q106,"Working Group II: Climate Change 2022 – Impacts, Adaptation and Vulnerability",https://climatekg.tibwiki.io/entity/Q3336,AFSI
https://climatekg.tibwiki.io/entity/Q77,Working Group I: Climate Change 2021 – The Physical Science Basis,https://climatekg.tibwiki.io/entity/Q3050,AGAGE
https://climatekg.tibwiki.io/entity/Q150,Working Group III: Climate Change 2022 – Mitigation of Climate Change,https://climatekg.tibwiki.io/entity/Q3050,AGAGE
https://climatekg.tibwiki.io/entity/Q10,Special Report: Global Warming of 1.5°C,https://climatekg.tibwiki.io/entity/Q2101,AGCM
https://climatekg.tibwiki.io/entity/Q77,Working Group I: Climate Change 2021 – The Physical Science Basis,https://climatekg.tibwiki.io/entity/Q2101,AGCM
https://climatekg.tibwiki.io/entity/Q77,Working Group I: Climate Change 2021 – The Physical Science Basis,https://climatekg.tibwiki.io/entity/Q3051,AGFP
https://climatekg.tibwiki.io/entity/Q77,Working Group I: Climate Change 2021 – The Physical Science Basis,https://climatekg.tibwiki.io/entity/Q3052,AGR/ECOL
https://climatekg.tibwiki.io/entity/Q35,Special Report: Climate Change and Land,https://climatekg.tibwiki.io/entity/Q2655,AGRA
https://climatekg.tibwiki.io/entity/Q77,Working Group I: Climate Change 2021 – The Physical Science Basis,https://climatekg.tibwiki.io/entity/Q3053,AGTP
https://climatekg.tibwiki.io/entity/Q77,Working Group I: Climate Change 2021 – The Physical Science Basis,https://climatekg.tibwiki.io/entity/Q3054,AGWP
https://climatekg.tibwiki.io/entity/Q106,"Working Group II: Climate Change 2022 – Impacts, Adaptation and Vulnerability",https://climatekg.tibwiki.io/entity/Q3337,AHP
https://climatekg.tibwiki.io/entity/Q35,Special Report: Climate Change and Land,https://climatekg.tibwiki.io/entity/Q2102,AI
https://climatekg.tibwiki.io/entity/Q10,Special Report: Global Warming of 1.5°C,https://climatekg.tibwiki.io/entity/Q2102,AI
https://climatekg.tibwiki.io/entity/Q106,"Working Group II: Climate Change 2022 – Impacts, Adaptation and Vulnerability",https://climatekg.tibwiki.io/entity/Q2102,AI
https://climatekg.tibwiki.io/entity/Q150,Working Group III: Climate Change 2022 – Mitigation of Climate Change,https://climatekg.tibwiki.io/entity/Q2102,AI
https://climatekg.tibwiki.io/entity/Q106,"Working Group II: Climate Change 2022 – Impacts, Adaptation and Vulnerability",https://climatekg.tibwiki.io/entity/Q3338,AIDR
https://climatekg.tibwiki.io/entity/Q106,"Working Group II: Climate Change 2022 – Impacts, Adaptation and Vulnerability",https://climatekg.tibwiki.io/entity/Q3339,AIHW
https://climatekg.tibwiki.io/entity/Q150,Working Group III: Climate Change 2022 – Mitigation of Climate Change,https://climatekg.tibwiki.io/entity/Q3708,AILAC
https://climatekg.tibwiki.io/entity/Q10,Special Report: Global Warming of 1.5°C,https://climatekg.tibwiki.io/entity/Q2103,AIM
https://climatekg.tibwiki.io/entity/Q77,Working Group I: Climate Change 2021 – The Physical Science Basis,https://climatekg.tibwiki.io/entity/Q3055,AIRS
https://climatekg.tibwiki.io/entity/Q57,Special Report: The Ocean and Cryosphere in a Changing Climate,https://climatekg.tibwiki.io/entity/Q2906,AIS
https://climatekg.tibwiki.io/entity/Q77,Working Group I: Climate Change 2021 – The Physical Science Basis,https://climatekg.tibwiki.io/entity/Q2906,AIS
https://climatekg.tibwiki.io/entity/Q106,"Working Group II: Climate Change 2022 – Impacts, Adaptation and Vulnerability",https://climatekg.tibwiki.io/entity/Q3340,AK
https://climatekg.tibwiki.io/entity/Q10,Special Report: Global Warming of 1.5°C,https://climatekg.tibwiki.io/entity/Q2104,ALA
https://climatekg.tibwiki.io/entity/Q150,Working Group III: Climate Change 2022 – Mitigation of Climate Change,https://climatekg.tibwiki.io/entity/Q3709,ALBA
https://climatekg.tibwiki.io/entity/Q150,Working Group III: Climate Change 2022 – Mitigation of Climate Change,https://climatekg.tibwiki.io/entity/Q3710,ALCA
https://climatekg.tibwiki.io/entity/Q77,Working Group I: Climate Change 2021 – The Physical Science Basis,https://climatekg.tibwiki.io/entity/Q3056,ALL
https://climatekg.tibwiki.io/entity/Q57,Special Report: The Ocean and Cryosphere in a Changing Climate,https://climatekg.tibwiki.io/entity/Q2907,ALT
https://climatekg.tibwiki.io/entity/Q77,Working Group I: Climate Change 2021 – The Physical Science Basis,https://climatekg.tibwiki.io/entity/Q2907,ALT
https://climatekg.tibwiki.io/entity/Q106,"Working Group II: Climate Change 2022 – Impacts, Adaptation and Vulnerability",https://climatekg.tibwiki.io/entity/Q2907,ALT
https://climatekg.tibwiki.io/entity/Q150,Working Group III: Climate Change 2022 – Mitigation of Climate Change,https://climatekg.tibwiki.io/entity/Q3711,AM
https://climatekg.tibwiki.io/entity/Q10,Special Report: Global Warming of 1.5°C,https://climatekg.tibwiki.io/entity/Q2105,AMAP
https://climatekg.tibwiki.io/entity/Q77,Working Group I: Climate Change 2021 – The Physical Science Basis,https://climatekg.tibwiki.io/entity/Q3057,AMIP
https://climatekg.tibwiki.io/entity/Q77,Working Group I: Climate Change 2021 – The Physical Science Basis,https://climatekg.tibwiki.io/entity/Q3058,AMM
https://climatekg.tibwiki.io/entity/Q77,Working Group I: Climate Change 2021 – The Physical Science Basis,https://climatekg.tibwiki.io/entity/Q3059,AMMA
https://climatekg.tibwiki.io/entity/Q35,Special Report: Climate Change and Land,https://climatekg.tibwiki.io/entity/Q2656,AMO
https://climatekg.tibwiki.io/entity/Q57,Special Report: The Ocean and Cryosphere in a Changing Climate,https://climatekg.tibwiki.io/entity/Q2656,AMO
https://climatekg.tibwiki.io/entity/Q77,Working Group I: Climate Change 2021 – The Physical Science Basis,https://climatekg.tibwiki.io/entity/Q2656,AMO
https://climatekg.tibwiki.io/entity/Q106,"Working Group II: Climate Change 2022 – Impacts, Adaptation and Vulnerability",https://climatekg.tibwiki.io/entity/Q2656,AMO
https://climatekg.tibwiki.io/entity/Q10,Special Report: Global Warming of 1.5°C,https://climatekg.tibwiki.io/entity/Q2106,AMOC
https://climatekg.tibwiki.io/entity/Q57,Special Report: The Ocean and Cryosphere in a Changing Climate,https://climatekg.tibwiki.io/entity/Q2106,AMOC
https://climatekg.tibwiki.io/entity/Q77,Working Group I: Climate Change 2021 – The Physical Science Basis,https://climatekg.tibwiki.io/entity/Q2106,AMOC
https://climatekg.tibwiki.io/entity/Q106,"Working Group II: Climate Change 2022 – Impacts, Adaptation and Vulnerability",https://climatekg.tibwiki.io/entity/Q2106,AMOC
https://climatekg.tibwiki.io/entity/Q10,Special Report: Global Warming of 1.5°C,https://climatekg.tibwiki.io/entity/Q2107,AMP
https://climatekg.tibwiki.io/entity/Q77,Working Group I: Climate Change 2021 – The Physical Science Basis,https://climatekg.tibwiki.io/entity/Q3060,AMSU
https://climatekg.tibwiki.io/entity/Q57,Special Report: The Ocean and Cryosphere in a Changing Climate,https://climatekg.tibwiki.io/entity/Q2908,AMV
https://climatekg.tibwiki.io/entity/Q77,Working Group I: Climate Change 2021 – The Physical Science Basis,https://climatekg.tibwiki.io/entity/Q2908,AMV
https://climatekg.tibwiki.io/entity/Q10,Special Report: Global Warming of 1.5°C,https://climatekg.tibwiki.io/entity/Q2108,AMZ
https://climatekg.tibwiki.io/entity/Q106,"Working Group II: Climate Change 2022 – Impacts, Adaptation and Vulnerability",https://climatekg.tibwiki.io/entity/Q3341,ANPP
https://climatekg.tibwiki.io/entity/Q10,Special Report: Global Warming of 1.5°C,https://climatekg.tibwiki.io/entity/Q2109,ANT
https://climatekg.tibwiki.io/entity/Q77,Working Group I: Climate Change 2021 – The Physical Science Basis,https://climatekg.tibwiki.io/entity/Q3061,AO
https://climatekg.tibwiki.io/entity/Q77,Working Group I: Climate Change 2021 – The Physical Science Basis,https://climatekg.tibwiki.io/entity/Q3062,AOD
https://climatekg.tibwiki.io/entity/Q57,Special Report: The Ocean and Cryosphere in a Changing Climate,https://climatekg.tibwiki.io/entity/Q2909,AOGCM
https://climatekg.tibwiki.io/entity/Q77,Working Group I: Climate Change 2021 – The Physical Science Basis,https://climatekg.tibwiki.io/entity/Q2909,AOGCM
https://climatekg.tibwiki.io/entity/Q106,"Working Group II: Climate Change 2022 – Impacts, Adaptation and Vulnerability",https://climatekg.tibwiki.io/entity/Q2909,AOGCM
https://climatekg.tibwiki.io/entity/Q106,"Working Group II: Climate Change 2022 – Impacts, Adaptation and Vulnerability",https://climatekg.tibwiki.io/entity/Q3342,AOSIS
https://climatekg.tibwiki.io/entity/Q57,Special Report: The Ocean and Cryosphere in a Changing Climate,https://climatekg.tibwiki.io/entity/Q2910,AP
https://climatekg.tibwiki.io/entity/Q77,Working Group I: Climate Change 2021 – The Physical Science Basis,https://climatekg.tibwiki.io/entity/Q2910,AP
https://climatekg.tibwiki.io/entity/Q150,Working Group III: Climate Change 2022 – Mitigation of Climate Change,https://climatekg.tibwiki.io/entity/Q3712,APEC
https://climatekg.tibwiki.io/entity/Q10,Special Report: Global Warming of 1.5°C,https://climatekg.tibwiki.io/entity/Q2110,APEX
https://climatekg.tibwiki.io/entity/Q106,"Working Group II: Climate Change 2022 – Impacts, Adaptation and Vulnerability",https://climatekg.tibwiki.io/entity/Q3343,APP
https://climatekg.tibwiki.io/entity/Q106,"Working Group II: Climate Change 2022 – Impacts, Adaptation and Vulnerability",https://climatekg.tibwiki.io/entity/Q3344,APRA
https://climatekg.tibwiki.io/entity/Q77,Working Group I: Climate Change 2021 – The Physical Science Basis,https://climatekg.tibwiki.io/entity/Q3063,AQ
https://climatekg.tibwiki.io/entity/Q35,Special Report: Climate Change and Land,https://climatekg.tibwiki.io/entity/Q2111,AR
https://climatekg.tibwiki.io/entity/Q10,Special Report: Global Warming of 1.5°C,https://climatekg.tibwiki.io/entity/Q2111,AR
https://climatekg.tibwiki.io/entity/Q77,Working Group I: Climate Change 2021 – The Physical Science Basis,https://climatekg.tibwiki.io/entity/Q2111,AR
https://climatekg.tibwiki.io/entity/Q106,"Working Group II: Climate Change 2022 – Impacts, Adaptation and Vulnerability",https://climatekg.tibwiki.io/entity/Q2111,AR
https://climatekg.tibwiki.io/entity/Q10,Special Report: Global Warming of 1.5°C,https://climatekg.tibwiki.io/entity/Q2112,AR4
https://climatekg.tibwiki.io/entity/Q57,Special Report: The Ocean and Cryosphere in a Changing Climate,https://climatekg.tibwiki.io/entity/Q2112,AR4
https://climatekg.tibwiki.io/entity/Q77,Working Group I: Climate Change 2021 – The Physical Science Basis,https://climatekg.tibwiki.io/entity/Q2112,AR4
https://climatekg.tibwiki.io/entity/Q106,"Working Group II: Climate Change 2022 – Impacts, Adaptation and Vulnerability",https://climatekg.tibwiki.io/entity/Q2112,AR4
https://climatekg.tibwiki.io/entity/Q150,Working Group III: Climate Change 2022 – Mitigation of Climate Change,https://climatekg.tibwiki.io/entity/Q2112,AR4
https://climatekg.tibwiki.io/entity/Q189,"Climate Change 2023: Synthesis Report. Contribution of Working Groups I, II and III to the Sixth Assessment Report of the Intergovernmental Panel on Climate Change",https://climatekg.tibwiki.io/entity/Q2113,AR5
https://climatekg.tibwiki.io/entity/Q35,Special Report: Climate Change and Land,https://climatekg.tibwiki.io/entity/Q2113,AR5
https://climatekg.tibwiki.io/entity/Q10,Special Report: Global Warming of 1.5°C,https://climatekg.tibwiki.io/entity/Q2113,AR5
https://climatekg.tibwiki.io/entity/Q57,Special Report: The Ocean and Cryosphere in a Changing Climate,https://climatekg.tibwiki.io/entity/Q2113,AR5
https://climatekg.tibwiki.io/entity/Q77,Working Group I: Climate Change 2021 – The Physical Science Basis,https://climatekg.tibwiki.io/entity/Q2113,AR5
https://climatekg.tibwiki.io/entity/Q106,"Working Group II: Climate Change 2022 – Impacts, Adaptation and Vulnerability",https://climatekg.tibwiki.io/entity/Q2113,AR5
https://climatekg.tibwiki.io/entity/Q150,Working Group III: Climate Change 2022 – Mitigation of Climate Change,https://climatekg.tibwiki.io/entity/Q2113,AR5
https://climatekg.tibwiki.io/entity/Q189,"Climate Change 2023: Synthesis Report. Contribution of Working Groups I, II and III to the Sixth Assessment Report of the Intergovernmental Panel on Climate Change",https://climatekg.tibwiki.io/entity/Q2114,AR6
https://climatekg.tibwiki.io/entity/Q10,Special Report: Global Warming of 1.5°C,https://climatekg.tibwiki.io/entity/Q2114,AR6
https://climatekg.tibwiki.io/entity/Q57,Special Report: The Ocean and Cryosphere in a Changing Climate,https://climatekg.tibwiki.io/entity/Q2114,AR6
https://climatekg.tibwiki.io/entity/Q77,Working Group I: Climate Change 2021 – The Physical Science Basis,https://climatekg.tibwiki.io/entity/Q2114,AR6
https://climatekg.tibwiki.io/entity/Q106,"Working Group II: Climate Change 2022 – Impacts, Adaptation and Vulnerability",https://climatekg.tibwiki.io/entity/Q2114,AR6
https://climatekg.tibwiki.io/entity/Q150,Working Group III: Climate Change 2022 – Mitigation of Climate Change,https://climatekg.tibwiki.io/entity/Q2114,AR6
https://climatekg.tibwiki.io/entity/Q150,Working Group III: Climate Change 2022 – Mitigation of Climate Change,https://climatekg.tibwiki.io/entity/Q3713,AR7
https://climatekg.tibwiki.io/entity/Q106,"Working Group II: Climate Change 2022 – Impacts, Adaptation and Vulnerability",https://climatekg.tibwiki.io/entity/Q3345,ARA
https://climatekg.tibwiki.io/entity/Q35,Special Report: Climate Change and Land,https://climatekg.tibwiki.io/entity/Q2115,ARC
https://climatekg.tibwiki.io/entity/Q10,Special Report: Global Warming of 1.5°C,https://climatekg.tibwiki.io/entity/Q2115,ARC
https://climatekg.tibwiki.io/entity/Q150,Working Group III: Climate Change 2022 – Mitigation of Climate Change,https://climatekg.tibwiki.io/entity/Q2115,ARC
https://climatekg.tibwiki.io/entity/Q106,"Working Group II: Climate Change 2022 – Impacts, Adaptation and Vulnerability",https://climatekg.tibwiki.io/entity/Q3346,ARI
https://climatekg.tibwiki.io/entity/Q35,Special Report: Climate Change and Land,https://climatekg.tibwiki.io/entity/Q2657,ARM
https://climatekg.tibwiki.io/entity/Q77,Working Group I: Climate Change 2021 – The Physical Science Basis,https://climatekg.tibwiki.io/entity/Q3064,ARO
https://climatekg.tibwiki.io/entity/Q77,Working Group I: Climate Change 2021 – The Physical Science Basis,https://climatekg.tibwiki.io/entity/Q3065,ARP
https://climatekg.tibwiki.io/entity/Q150,Working Group III: Climate Change 2022 – Mitigation of Climate Change,https://climatekg.tibwiki.io/entity/Q3714,ARPA-E
https://climatekg.tibwiki.io/entity/Q77,Working Group I: Climate Change 2021 – The Physical Science Basis,https://climatekg.tibwiki.io/entity/Q3066,ARS
https://climatekg.tibwiki.io/entity/Q150,Working Group III: Climate Change 2022 – Mitigation of Climate Change,https://climatekg.tibwiki.io/entity/Q3715,ART
https://climatekg.tibwiki.io/entity/Q150,Working Group III: Climate Change 2022 – Mitigation of Climate Change,https://climatekg.tibwiki.io/entity/Q3717,ASAP
https://climatekg.tibwiki.io/entity/Q106,"Working Group II: Climate Change 2022 – Impacts, Adaptation and Vulnerability",https://climatekg.tibwiki.io/entity/Q3347,ASBEC
https://climatekg.tibwiki.io/entity/Q150,Working Group III: Climate Change 2022 – Mitigation of Climate Change,https://climatekg.tibwiki.io/entity/Q3718,ASCM
https://climatekg.tibwiki.io/entity/Q57,Special Report: The Ocean and Cryosphere in a Changing Climate,https://climatekg.tibwiki.io/entity/Q2911,ASE
https://climatekg.tibwiki.io/entity/Q77,Working Group I: Climate Change 2021 – The Physical Science Basis,https://climatekg.tibwiki.io/entity/Q2911,ASE
https://climatekg.tibwiki.io/entity/Q106,"Working Group II: Climate Change 2022 – Impacts, Adaptation and Vulnerability",https://climatekg.tibwiki.io/entity/Q2911,ASE
https://climatekg.tibwiki.io/entity/Q10,Special Report: Global Warming of 1.5°C,https://climatekg.tibwiki.io/entity/Q2116,ASEAN
https://climatekg.tibwiki.io/entity/Q106,"Working Group II: Climate Change 2022 – Impacts, Adaptation and Vulnerability",https://climatekg.tibwiki.io/entity/Q2116,ASEAN
https://climatekg.tibwiki.io/entity/Q35,Special Report: Climate Change and Land,https://climatekg.tibwiki.io/entity/Q2658,ASF
https://climatekg.tibwiki.io/entity/Q57,Special Report: The Ocean and Cryosphere in a Changing Climate,https://climatekg.tibwiki.io/entity/Q2658,ASF
https://climatekg.tibwiki.io/entity/Q106,"Working Group II: Climate Change 2022 – Impacts, Adaptation and Vulnerability",https://climatekg.tibwiki.io/entity/Q3348,ASFI
https://climatekg.tibwiki.io/entity/Q150,Working Group III: Climate Change 2022 – Mitigation of Climate Change,https://climatekg.tibwiki.io/entity/Q3719,ASI
https://climatekg.tibwiki.io/entity/Q10,Special Report: Global Warming of 1.5°C,https://climatekg.tibwiki.io/entity/Q2117,ASIA
https://climatekg.tibwiki.io/entity/Q150,Working Group III: Climate Change 2022 – Mitigation of Climate Change,https://climatekg.tibwiki.io/entity/Q3720,ASK
https://climatekg.tibwiki.io/entity/Q106,"Working Group II: Climate Change 2022 – Impacts, Adaptation and Vulnerability",https://climatekg.tibwiki.io/entity/Q3349,ASP
https://climatekg.tibwiki.io/entity/Q106,"Working Group II: Climate Change 2022 – Impacts, Adaptation and Vulnerability",https://climatekg.tibwiki.io/entity/Q3350,AT
https://climatekg.tibwiki.io/entity/Q106,"Working Group II: Climate Change 2022 – Impacts, Adaptation and Vulnerability",https://climatekg.tibwiki.io/entity/Q3351,ATLAS
https://climatekg.tibwiki.io/entity/Q57,Special Report: The Ocean and Cryosphere in a Changing Climate,https://climatekg.tibwiki.io/entity/Q2912,ATS
https://climatekg.tibwiki.io/entity/Q106,"Working Group II: Climate Change 2022 – Impacts, Adaptation and Vulnerability",https://climatekg.tibwiki.io/entity/Q3352,AU
https://climatekg.tibwiki.io/entity/Q106,"Working Group II: Climate Change 2022 – Impacts, Adaptation and Vulnerability",https://climatekg.tibwiki.io/entity/Q3353,AUC
https://climatekg.tibwiki.io/entity/Q10,Special Report: Global Warming of 1.5°C,https://climatekg.tibwiki.io/entity/Q2118,AUD
https://climatekg.tibwiki.io/entity/Q150,Working Group III: Climate Change 2022 – Mitigation of Climate Change,https://climatekg.tibwiki.io/entity/Q3721,AUM
https://climatekg.tibwiki.io/entity/Q106,"Working Group II: Climate Change 2022 – Impacts, Adaptation and Vulnerability",https://climatekg.tibwiki.io/entity/Q3354,AUP
https://climatekg.tibwiki.io/entity/Q77,Working Group I: Climate Change 2021 – The Physical Science Basis,https://climatekg.tibwiki.io/entity/Q3067,AUS
https://climatekg.tibwiki.io/entity/Q35,Special Report: Climate Change and Land,https://climatekg.tibwiki.io/entity/Q2659,AVHRR
https://climatekg.tibwiki.io/entity/Q77,Working Group I: Climate Change 2021 – The Physical Science Basis,https://climatekg.tibwiki.io/entity/Q2659,AVHRR
https://climatekg.tibwiki.io/entity/Q35,Special Report: Climate Change and Land,https://climatekg.tibwiki.io/entity/Q2660,AWD
https://climatekg.tibwiki.io/entity/Q77,Working Group I: Climate Change 2021 – The Physical Science Basis,https://climatekg.tibwiki.io/entity/Q3069,AZM
https://climatekg.tibwiki.io/entity/Q35,Special Report: Climate Change and Land,https://climatekg.tibwiki.io/entity/Q2653,AerChemMIP
https://climatekg.tibwiki.io/entity/Q77,Working Group I: Climate Change 2021 – The Physical Science Basis,https://climatekg.tibwiki.io/entity/Q2653,AerChemMIP
https://climatekg.tibwiki.io/entity/Q77,Working Group I: Climate Change 2021 – The Physical Science Basis,https://climatekg.tibwiki.io/entity/Q3045,AeroCom
https://climatekg.tibwiki.io/entity/Q10,Special Report: Global Warming of 1.5°C,https://climatekg.tibwiki.io/entity/Q2099,AfDB
https://climatekg.tibwiki.io/entity/Q106,"Working Group II: Climate Change 2022 – Impacts, Adaptation and Vulnerability",https://climatekg.tibwiki.io/entity/Q2099,AfDB
https://climatekg.tibwiki.io/entity/Q35,Special Report: Climate Change and Land,https://climatekg.tibwiki.io/entity/Q2654,AgMIP
https://climatekg.tibwiki.io/entity/Q106,"Working Group II: Climate Change 2022 – Impacts, Adaptation and Vulnerability",https://climatekg.tibwiki.io/entity/Q2654,AgMIP
https://climatekg.tibwiki.io/entity/Q150,Working Group III: Climate Change 2022 – Mitigation of Climate Change,https://climatekg.tibwiki.io/entity/Q3716,Art.
https://climatekg.tibwiki.io/entity/Q77,Working Group I: Climate Change 2021 – The Physical Science Basis,https://climatekg.tibwiki.io/entity/Q3068,AusMCM
https://climatekg.tibwiki.io/entity/Q10,Special Report: Global Warming of 1.5°C,https://climatekg.tibwiki.io/entity/Q2119,B2DS
https://climatekg.tibwiki.io/entity/Q35,Special Report: Climate Change and Land,https://climatekg.tibwiki.io/entity/Q2661,BAPEN
https://climatekg.tibwiki.io/entity/Q10,Special Report: Global Warming of 1.5°C,https://climatekg.tibwiki.io/entity/Q2120,BASIC
https://climatekg.tibwiki.io/entity/Q150,Working Group III: Climate Change 2022 – Mitigation of Climate Change,https://climatekg.tibwiki.io/entity/Q2120,BASIC
https://climatekg.tibwiki.io/entity/Q150,Working Group III: Climate Change 2022 – Mitigation of Climate Change,https://climatekg.tibwiki.io/entity/Q3722,BAT
https://climatekg.tibwiki.io/entity/Q35,Special Report: Climate Change and Land,https://climatekg.tibwiki.io/entity/Q2662,BAU
https://climatekg.tibwiki.io/entity/Q106,"Working Group II: Climate Change 2022 – Impacts, Adaptation and Vulnerability",https://climatekg.tibwiki.io/entity/Q2662,BAU
https://climatekg.tibwiki.io/entity/Q150,Working Group III: Climate Change 2022 – Mitigation of Climate Change,https://climatekg.tibwiki.io/entity/Q2662,BAU
https://climatekg.tibwiki.io/entity/Q35,Special Report: Climate Change and Land,https://climatekg.tibwiki.io/entity/Q2121,BC
https://climatekg.tibwiki.io/entity/Q10,Special Report: Global Warming of 1.5°C,https://climatekg.tibwiki.io/entity/Q2121,BC
https://climatekg.tibwiki.io/entity/Q57,Special Report: The Ocean and Cryosphere in a Changing Climate,https://climatekg.tibwiki.io/entity/Q2121,BC
https://climatekg.tibwiki.io/entity/Q77,Working Group I: Climate Change 2021 – The Physical Science Basis,https://climatekg.tibwiki.io/entity/Q2121,BC
https://climatekg.tibwiki.io/entity/Q106,"Working Group II: Climate Change 2022 – Impacts, Adaptation and Vulnerability",https://climatekg.tibwiki.io/entity/Q2121,BC
https://climatekg.tibwiki.io/entity/Q150,Working Group III: Climate Change 2022 – Mitigation of Climate Change,https://climatekg.tibwiki.io/entity/Q2121,BC
https://climatekg.tibwiki.io/entity/Q150,Working Group III: Climate Change 2022 – Mitigation of Climate Change,https://climatekg.tibwiki.io/entity/Q3723,BCA
https://climatekg.tibwiki.io/entity/Q10,Special Report: Global Warming of 1.5°C,https://climatekg.tibwiki.io/entity/Q2122,BCC-CSM
https://climatekg.tibwiki.io/entity/Q77,Working Group I: Climate Change 2021 – The Physical Science Basis,https://climatekg.tibwiki.io/entity/Q3070,BCE
https://climatekg.tibwiki.io/entity/Q106,"Working Group II: Climate Change 2022 – Impacts, Adaptation and Vulnerability",https://climatekg.tibwiki.io/entity/Q3355,BCH
https://climatekg.tibwiki.io/entity/Q10,Special Report: Global Warming of 1.5°C,https://climatekg.tibwiki.io/entity/Q2123,BCM
https://climatekg.tibwiki.io/entity/Q77,Working Group I: Climate Change 2021 – The Physical Science Basis,https://climatekg.tibwiki.io/entity/Q3071,BCP
https://climatekg.tibwiki.io/entity/Q35,Special Report: Climate Change and Land,https://climatekg.tibwiki.io/entity/Q2663,BCR
https://climatekg.tibwiki.io/entity/Q106,"Working Group II: Climate Change 2022 – Impacts, Adaptation and Vulnerability",https://climatekg.tibwiki.io/entity/Q2663,BCR
https://climatekg.tibwiki.io/entity/Q106,"Working Group II: Climate Change 2022 – Impacts, Adaptation and Vulnerability",https://climatekg.tibwiki.io/entity/Q3356,BDP
https://climatekg.tibwiki.io/entity/Q35,Special Report: Climate Change and Land,https://climatekg.tibwiki.io/entity/Q2664,BE
https://climatekg.tibwiki.io/entity/Q77,Working Group I: Climate Change 2021 – The Physical Science Basis,https://climatekg.tibwiki.io/entity/Q2664,BE
https://climatekg.tibwiki.io/entity/Q106,"Working Group II: Climate Change 2022 – Impacts, Adaptation and Vulnerability",https://climatekg.tibwiki.io/entity/Q2664,BE
https://climatekg.tibwiki.io/entity/Q189,"Climate Change 2023: Synthesis Report. Contribution of Working Groups I, II and III to the Sixth Assessment Report of the Intergovernmental Panel on Climate Change",https://climatekg.tibwiki.io/entity/Q2124,BECCS
https://climatekg.tibwiki.io/entity/Q35,Special Report: Climate Change and Land,https://climatekg.tibwiki.io/entity/Q2124,BECCS
https://climatekg.tibwiki.io/entity/Q10,Special Report: Global Warming of 1.5°C,https://climatekg.tibwiki.io/entity/Q2124,BECCS
https://climatekg.tibwiki.io/entity/Q57,Special Report: The Ocean and Cryosphere in a Changing Climate,https://climatekg.tibwiki.io/entity/Q2124,BECCS
https://climatekg.tibwiki.io/entity/Q77,Working Group I: Climate Change 2021 – The Physical Science Basis,https://climatekg.tibwiki.io/entity/Q2124,BECCS
https://climatekg.tibwiki.io/entity/Q106,"Working Group II: Climate Change 2022 – Impacts, Adaptation and Vulnerability",https://climatekg.tibwiki.io/entity/Q2124,BECCS
https://climatekg.tibwiki.io/entity/Q150,Working Group III: Climate Change 2022 – Mitigation of Climate Change,https://climatekg.tibwiki.io/entity/Q2124,BECCS
https://climatekg.tibwiki.io/entity/Q150,Working Group III: Climate Change 2022 – Mitigation of Climate Change,https://climatekg.tibwiki.io/entity/Q3724,BEES
https://climatekg.tibwiki.io/entity/Q35,Special Report: Climate Change and Land,https://climatekg.tibwiki.io/entity/Q2665,BEFM
https://climatekg.tibwiki.io/entity/Q150,Working Group III: Climate Change 2022 – Mitigation of Climate Change,https://climatekg.tibwiki.io/entity/Q3725,BEMS
https://climatekg.tibwiki.io/entity/Q35,Special Report: Climate Change and Land,https://climatekg.tibwiki.io/entity/Q2666,BEST
https://climatekg.tibwiki.io/entity/Q10,Special Report: Global Warming of 1.5°C,https://climatekg.tibwiki.io/entity/Q2125,BET
https://climatekg.tibwiki.io/entity/Q10,Special Report: Global Warming of 1.5°C,https://climatekg.tibwiki.io/entity/Q2126,BEV
https://climatekg.tibwiki.io/entity/Q150,Working Group III: Climate Change 2022 – Mitigation of Climate Change,https://climatekg.tibwiki.io/entity/Q2126,BEV
https://climatekg.tibwiki.io/entity/Q150,Working Group III: Climate Change 2022 – Mitigation of Climate Change,https://climatekg.tibwiki.io/entity/Q3726,BF-BOF
https://climatekg.tibwiki.io/entity/Q106,"Working Group II: Climate Change 2022 – Impacts, Adaptation and Vulnerability",https://climatekg.tibwiki.io/entity/Q3357,BFV
https://climatekg.tibwiki.io/entity/Q150,Working Group III: Climate Change 2022 – Mitigation of Climate Change,https://climatekg.tibwiki.io/entity/Q3727,BIM
https://climatekg.tibwiki.io/entity/Q150,Working Group III: Climate Change 2022 – Mitigation of Climate Change,https://climatekg.tibwiki.io/entity/Q3728,BIPV
https://climatekg.tibwiki.io/entity/Q150,Working Group III: Climate Change 2022 – Mitigation of Climate Change,https://climatekg.tibwiki.io/entity/Q3729,BLUE
https://climatekg.tibwiki.io/entity/Q106,"Working Group II: Climate Change 2022 – Impacts, Adaptation and Vulnerability",https://climatekg.tibwiki.io/entity/Q3358,BMPs
https://climatekg.tibwiki.io/entity/Q10,Special Report: Global Warming of 1.5°C,https://climatekg.tibwiki.io/entity/Q2127,BNEF
https://climatekg.tibwiki.io/entity/Q10,Special Report: Global Warming of 1.5°C,https://climatekg.tibwiki.io/entity/Q2128,BNU
https://climatekg.tibwiki.io/entity/Q77,Working Group I: Climate Change 2021 – The Physical Science Basis,https://climatekg.tibwiki.io/entity/Q3072,BOB
https://climatekg.tibwiki.io/entity/Q106,"Working Group II: Climate Change 2022 – Impacts, Adaptation and Vulnerability",https://climatekg.tibwiki.io/entity/Q3359,BOM
https://climatekg.tibwiki.io/entity/Q106,"Working Group II: Climate Change 2022 – Impacts, Adaptation and Vulnerability",https://climatekg.tibwiki.io/entity/Q3360,BORDA
https://climatekg.tibwiki.io/entity/Q77,Working Group I: Climate Change 2021 – The Physical Science Basis,https://climatekg.tibwiki.io/entity/Q3073,BP
https://climatekg.tibwiki.io/entity/Q35,Special Report: Climate Change and Land,https://climatekg.tibwiki.io/entity/Q2667,BPE
https://climatekg.tibwiki.io/entity/Q106,"Working Group II: Climate Change 2022 – Impacts, Adaptation and Vulnerability",https://climatekg.tibwiki.io/entity/Q3361,BR
https://climatekg.tibwiki.io/entity/Q150,Working Group III: Climate Change 2022 – Mitigation of Climate Change,https://climatekg.tibwiki.io/entity/Q3361,BR
https://climatekg.tibwiki.io/entity/Q106,"Working Group II: Climate Change 2022 – Impacts, Adaptation and Vulnerability",https://climatekg.tibwiki.io/entity/Q3362,BRI
https://climatekg.tibwiki.io/entity/Q150,Working Group III: Climate Change 2022 – Mitigation of Climate Change,https://climatekg.tibwiki.io/entity/Q3362,BRI
https://climatekg.tibwiki.io/entity/Q106,"Working Group II: Climate Change 2022 – Impacts, Adaptation and Vulnerability",https://climatekg.tibwiki.io/entity/Q3363,BRICS
https://climatekg.tibwiki.io/entity/Q10,Special Report: Global Warming of 1.5°C,https://climatekg.tibwiki.io/entity/Q2129,BRT
https://climatekg.tibwiki.io/entity/Q150,Working Group III: Climate Change 2022 – Mitigation of Climate Change,https://climatekg.tibwiki.io/entity/Q2129,BRT
https://climatekg.tibwiki.io/entity/Q77,Working Group I: Climate Change 2021 – The Physical Science Basis,https://climatekg.tibwiki.io/entity/Q3074,BSISO
https://climatekg.tibwiki.io/entity/Q106,"Working Group II: Climate Change 2022 – Impacts, Adaptation and Vulnerability",https://climatekg.tibwiki.io/entity/Q3364,BTM
https://climatekg.tibwiki.io/entity/Q150,Working Group III: Climate Change 2022 – Mitigation of Climate Change,https://climatekg.tibwiki.io/entity/Q3730,BTR
https://climatekg.tibwiki.io/entity/Q150,Working Group III: Climate Change 2022 – Mitigation of Climate Change,https://climatekg.tibwiki.io/entity/Q3731,BTU
https://climatekg.tibwiki.io/entity/Q35,Special Report: Climate Change and Land,https://climatekg.tibwiki.io/entity/Q2669,BTV
https://climatekg.tibwiki.io/entity/Q77,Working Group I: Climate Change 2021 – The Physical Science Basis,https://climatekg.tibwiki.io/entity/Q3075,BU
https://climatekg.tibwiki.io/entity/Q35,Special Report: Climate Change and Land,https://climatekg.tibwiki.io/entity/Q2670,BUR
https://climatekg.tibwiki.io/entity/Q150,Working Group III: Climate Change 2022 – Mitigation of Climate Change,https://climatekg.tibwiki.io/entity/Q2670,BUR
https://climatekg.tibwiki.io/entity/Q35,Special Report: Climate Change and Land,https://climatekg.tibwiki.io/entity/Q2671,BVOC
https://climatekg.tibwiki.io/entity/Q77,Working Group I: Climate Change 2021 – The Physical Science Basis,https://climatekg.tibwiki.io/entity/Q2671,BVOC
https://climatekg.tibwiki.io/entity/Q106,"Working Group II: Climate Change 2022 – Impacts, Adaptation and Vulnerability",https://climatekg.tibwiki.io/entity/Q2671,BVOC
https://climatekg.tibwiki.io/entity/Q35,Special Report: Climate Change and Land,https://climatekg.tibwiki.io/entity/Q2668,BrC
https://climatekg.tibwiki.io/entity/Q77,Working Group I: Climate Change 2021 – The Physical Science Basis,https://climatekg.tibwiki.io/entity/Q2668,BrC
https://climatekg.tibwiki.io/entity/Q35,Special Report: Climate Change and Land,https://climatekg.tibwiki.io/entity/Q2131,C
https://climatekg.tibwiki.io/entity/Q10,Special Report: Global Warming of 1.5°C,https://climatekg.tibwiki.io/entity/Q2131,C
https://climatekg.tibwiki.io/entity/Q106,"Working Group II: Climate Change 2022 – Impacts, Adaptation and Vulnerability",https://climatekg.tibwiki.io/entity/Q3365,C&S
https://climatekg.tibwiki.io/entity/Q10,Special Report: Global Warming of 1.5°C,https://climatekg.tibwiki.io/entity/Q2197,C-ROADS
https://climatekg.tibwiki.io/entity/Q77,Working Group I: Climate Change 2021 – The Physical Science Basis,https://climatekg.tibwiki.io/entity/Q3076,C3S
https://climatekg.tibwiki.io/entity/Q77,Working Group I: Climate Change 2021 – The Physical Science Basis,https://climatekg.tibwiki.io/entity/Q3077,C4MIP
https://climatekg.tibwiki.io/entity/Q35,Special Report: Climate Change and Land,https://climatekg.tibwiki.io/entity/Q2132,CA
https://climatekg.tibwiki.io/entity/Q10,Special Report: Global Warming of 1.5°C,https://climatekg.tibwiki.io/entity/Q2132,CA
https://climatekg.tibwiki.io/entity/Q106,"Working Group II: Climate Change 2022 – Impacts, Adaptation and Vulnerability",https://climatekg.tibwiki.io/entity/Q2132,CA
https://climatekg.tibwiki.io/entity/Q150,Working Group III: Climate Change 2022 – Mitigation of Climate Change,https://climatekg.tibwiki.io/entity/Q2132,CA
https://climatekg.tibwiki.io/entity/Q35,Special Report: Climate Change and Land,https://climatekg.tibwiki.io/entity/Q2672,CABI
https://climatekg.tibwiki.io/entity/Q35,Special Report: Climate Change and Land,https://climatekg.tibwiki.io/entity/Q2673,CACILM
https://climatekg.tibwiki.io/entity/Q10,Special Report: Global Warming of 1.5°C,https://climatekg.tibwiki.io/entity/Q2133,CAF
https://climatekg.tibwiki.io/entity/Q77,Working Group I: Climate Change 2021 – The Physical Science Basis,https://climatekg.tibwiki.io/entity/Q2133,CAF
https://climatekg.tibwiki.io/entity/Q35,Special Report: Climate Change and Land,https://climatekg.tibwiki.io/entity/Q2674,CAFO
https://climatekg.tibwiki.io/entity/Q150,Working Group III: Climate Change 2022 – Mitigation of Climate Change,https://climatekg.tibwiki.io/entity/Q3733,CAGR
https://climatekg.tibwiki.io/entity/Q150,Working Group III: Climate Change 2022 – Mitigation of Climate Change,https://climatekg.tibwiki.io/entity/Q3734,CAIT
https://climatekg.tibwiki.io/entity/Q10,Special Report: Global Warming of 1.5°C,https://climatekg.tibwiki.io/entity/Q2134,CAM
https://climatekg.tibwiki.io/entity/Q77,Working Group I: Climate Change 2021 – The Physical Science Basis,https://climatekg.tibwiki.io/entity/Q2134,CAM
https://climatekg.tibwiki.io/entity/Q106,"Working Group II: Climate Change 2022 – Impacts, Adaptation and Vulnerability",https://climatekg.tibwiki.io/entity/Q2134,CAM
https://climatekg.tibwiki.io/entity/Q35,Special Report: Climate Change and Land,https://climatekg.tibwiki.io/entity/Q2675,CAMPA
https://climatekg.tibwiki.io/entity/Q77,Working Group I: Climate Change 2021 – The Physical Science Basis,https://climatekg.tibwiki.io/entity/Q3078,CAMS
https://climatekg.tibwiki.io/entity/Q10,Special Report: Global Warming of 1.5°C,https://climatekg.tibwiki.io/entity/Q2135,CAMx
https://climatekg.tibwiki.io/entity/Q57,Special Report: The Ocean and Cryosphere in a Changing Climate,https://climatekg.tibwiki.io/entity/Q2913,CAO
https://climatekg.tibwiki.io/entity/Q77,Working Group I: Climate Change 2021 – The Physical Science Basis,https://climatekg.tibwiki.io/entity/Q3081,CAPE
https://climatekg.tibwiki.io/entity/Q150,Working Group III: Climate Change 2022 – Mitigation of Climate Change,https://climatekg.tibwiki.io/entity/Q3735,CAPEX
https://climatekg.tibwiki.io/entity/Q10,Special Report: Global Warming of 1.5°C,https://climatekg.tibwiki.io/entity/Q2138,CAR
https://climatekg.tibwiki.io/entity/Q77,Working Group I: Climate Change 2021 – The Physical Science Basis,https://climatekg.tibwiki.io/entity/Q2138,CAR
https://climatekg.tibwiki.io/entity/Q150,Working Group III: Climate Change 2022 – Mitigation of Climate Change,https://climatekg.tibwiki.io/entity/Q2138,CAR
https://climatekg.tibwiki.io/entity/Q10,Special Report: Global Warming of 1.5°C,https://climatekg.tibwiki.io/entity/Q2139,CAS
https://climatekg.tibwiki.io/entity/Q150,Working Group III: Climate Change 2022 – Mitigation of Climate Change,https://climatekg.tibwiki.io/entity/Q3732,CAT
https://climatekg.tibwiki.io/entity/Q35,Special Report: Climate Change and Land,https://climatekg.tibwiki.io/entity/Q2676,CATDDO
https://climatekg.tibwiki.io/entity/Q77,Working Group I: Climate Change 2021 – The Physical Science Basis,https://climatekg.tibwiki.io/entity/Q3082,CAU
https://climatekg.tibwiki.io/entity/Q150,Working Group III: Climate Change 2022 – Mitigation of Climate Change,https://climatekg.tibwiki.io/entity/Q3736,CBAM
https://climatekg.tibwiki.io/entity/Q150,Working Group III: Climate Change 2022 – Mitigation of Climate Change,https://climatekg.tibwiki.io/entity/Q3737,CBCF
https://climatekg.tibwiki.io/entity/Q35,Special Report: Climate Change and Land,https://climatekg.tibwiki.io/entity/Q2142,CBD
https://climatekg.tibwiki.io/entity/Q10,Special Report: Global Warming of 1.5°C,https://climatekg.tibwiki.io/entity/Q2142,CBD
https://climatekg.tibwiki.io/entity/Q57,Special Report: The Ocean and Cryosphere in a Changing Climate,https://climatekg.tibwiki.io/entity/Q2142,CBD
https://climatekg.tibwiki.io/entity/Q106,"Working Group II: Climate Change 2022 – Impacts, Adaptation and Vulnerability",https://climatekg.tibwiki.io/entity/Q2142,CBD
https://climatekg.tibwiki.io/entity/Q150,Working Group III: Climate Change 2022 – Mitigation of Climate Change,https://climatekg.tibwiki.io/entity/Q2142,CBD
https://climatekg.tibwiki.io/entity/Q10,Special Report: Global Warming of 1.5°C,https://climatekg.tibwiki.io/entity/Q2143,CBDR-RC
https://climatekg.tibwiki.io/entity/Q150,Working Group III: Climate Change 2022 – Mitigation of Climate Change,https://climatekg.tibwiki.io/entity/Q3738,CBDRRC
https://climatekg.tibwiki.io/entity/Q150,Working Group III: Climate Change 2022 – Mitigation of Climate Change,https://climatekg.tibwiki.io/entity/Q3739,CBEs
https://climatekg.tibwiki.io/entity/Q57,Special Report: The Ocean and Cryosphere in a Changing Climate,https://climatekg.tibwiki.io/entity/Q2914,CBM
https://climatekg.tibwiki.io/entity/Q106,"Working Group II: Climate Change 2022 – Impacts, Adaptation and Vulnerability",https://climatekg.tibwiki.io/entity/Q3366,CBO
https://climatekg.tibwiki.io/entity/Q10,Special Report: Global Warming of 1.5°C,https://climatekg.tibwiki.io/entity/Q2144,CBS & GNH
https://climatekg.tibwiki.io/entity/Q106,"Working Group II: Climate Change 2022 – Impacts, Adaptation and Vulnerability",https://climatekg.tibwiki.io/entity/Q3367,CBs
https://climatekg.tibwiki.io/entity/Q35,Special Report: Climate Change and Land,https://climatekg.tibwiki.io/entity/Q2145,CC
https://climatekg.tibwiki.io/entity/Q10,Special Report: Global Warming of 1.5°C,https://climatekg.tibwiki.io/entity/Q2145,CC
https://climatekg.tibwiki.io/entity/Q35,Special Report: Climate Change and Land,https://climatekg.tibwiki.io/entity/Q2677,CCA
https://climatekg.tibwiki.io/entity/Q106,"Working Group II: Climate Change 2022 – Impacts, Adaptation and Vulnerability",https://climatekg.tibwiki.io/entity/Q2677,CCA
https://climatekg.tibwiki.io/entity/Q150,Working Group III: Climate Change 2022 – Mitigation of Climate Change,https://climatekg.tibwiki.io/entity/Q3740,CCAC
https://climatekg.tibwiki.io/entity/Q35,Special Report: Climate Change and Land,https://climatekg.tibwiki.io/entity/Q2678,CCAFS
https://climatekg.tibwiki.io/entity/Q106,"Working Group II: Climate Change 2022 – Impacts, Adaptation and Vulnerability",https://climatekg.tibwiki.io/entity/Q2678,CCAFS
https://climatekg.tibwiki.io/entity/Q10,Special Report: Global Warming of 1.5°C,https://climatekg.tibwiki.io/entity/Q2146,CCAM
https://climatekg.tibwiki.io/entity/Q57,Special Report: The Ocean and Cryosphere in a Changing Climate,https://climatekg.tibwiki.io/entity/Q2915,CCAMLR
https://climatekg.tibwiki.io/entity/Q106,"Working Group II: Climate Change 2022 – Impacts, Adaptation and Vulnerability",https://climatekg.tibwiki.io/entity/Q3368,CCATWG
https://climatekg.tibwiki.io/entity/Q10,Special Report: Global Warming of 1.5°C,https://climatekg.tibwiki.io/entity/Q2147,CCC
https://climatekg.tibwiki.io/entity/Q106,"Working Group II: Climate Change 2022 – Impacts, Adaptation and Vulnerability",https://climatekg.tibwiki.io/entity/Q2147,CCC
https://climatekg.tibwiki.io/entity/Q10,Special Report: Global Warming of 1.5°C,https://climatekg.tibwiki.io/entity/Q2148,CCCma
https://climatekg.tibwiki.io/entity/Q106,"Working Group II: Climate Change 2022 – Impacts, Adaptation and Vulnerability",https://climatekg.tibwiki.io/entity/Q3369,CCD
https://climatekg.tibwiki.io/entity/Q150,Working Group III: Climate Change 2022 – Mitigation of Climate Change,https://climatekg.tibwiki.io/entity/Q3369,CCD
https://climatekg.tibwiki.io/entity/Q106,"Working Group II: Climate Change 2022 – Impacts, Adaptation and Vulnerability",https://climatekg.tibwiki.io/entity/Q3370,CCDMF
https://climatekg.tibwiki.io/entity/Q106,"Working Group II: Climate Change 2022 – Impacts, Adaptation and Vulnerability",https://climatekg.tibwiki.io/entity/Q3371,CCE
https://climatekg.tibwiki.io/entity/Q77,Working Group I: Climate Change 2021 – The Physical Science Basis,https://climatekg.tibwiki.io/entity/Q3083,CCM
https://climatekg.tibwiki.io/entity/Q77,Working Group I: Climate Change 2021 – The Physical Science Basis,https://climatekg.tibwiki.io/entity/Q3084,CCMI
https://climatekg.tibwiki.io/entity/Q35,Special Report: Climate Change and Land,https://climatekg.tibwiki.io/entity/Q2679,CCN
https://climatekg.tibwiki.io/entity/Q77,Working Group I: Climate Change 2021 – The Physical Science Basis,https://climatekg.tibwiki.io/entity/Q2679,CCN
https://climatekg.tibwiki.io/entity/Q106,"Working Group II: Climate Change 2022 – Impacts, Adaptation and Vulnerability",https://climatekg.tibwiki.io/entity/Q3372,CCP
https://climatekg.tibwiki.io/entity/Q150,Working Group III: Climate Change 2022 – Mitigation of Climate Change,https://climatekg.tibwiki.io/entity/Q3741,CCPI
https://climatekg.tibwiki.io/entity/Q106,"Working Group II: Climate Change 2022 – Impacts, Adaptation and Vulnerability",https://climatekg.tibwiki.io/entity/Q3373,CCRA
https://climatekg.tibwiki.io/entity/Q35,Special Report: Climate Change and Land,https://climatekg.tibwiki.io/entity/Q2149,CCRIF
https://climatekg.tibwiki.io/entity/Q10,Special Report: Global Warming of 1.5°C,https://climatekg.tibwiki.io/entity/Q2149,CCRIF
https://climatekg.tibwiki.io/entity/Q106,"Working Group II: Climate Change 2022 – Impacts, Adaptation and Vulnerability",https://climatekg.tibwiki.io/entity/Q2149,CCRIF
https://climatekg.tibwiki.io/entity/Q150,Working Group III: Climate Change 2022 – Mitigation of Climate Change,https://climatekg.tibwiki.io/entity/Q2149,CCRIF
https://climatekg.tibwiki.io/entity/Q189,"Climate Change 2023: Synthesis Report. Contribution of Working Groups I, II and III to the Sixth Assessment Report of the Intergovernmental Panel on Climate Change",https://climatekg.tibwiki.io/entity/Q2150,CCS
https://climatekg.tibwiki.io/entity/Q35,Special Report: Climate Change and Land,https://climatekg.tibwiki.io/entity/Q2150,CCS
https://climatekg.tibwiki.io/entity/Q10,Special Report: Global Warming of 1.5°C,https://climatekg.tibwiki.io/entity/Q2150,CCS
https://climatekg.tibwiki.io/entity/Q77,Working Group I: Climate Change 2021 – The Physical Science Basis,https://climatekg.tibwiki.io/entity/Q2150,CCS
https://climatekg.tibwiki.io/entity/Q106,"Working Group II: Climate Change 2022 – Impacts, Adaptation and Vulnerability",https://climatekg.tibwiki.io/entity/Q2150,CCS
https://climatekg.tibwiki.io/entity/Q150,Working Group III: Climate Change 2022 – Mitigation of Climate Change,https://climatekg.tibwiki.io/entity/Q2150,CCS
https://climatekg.tibwiki.io/entity/Q10,Special Report: Global Warming of 1.5°C,https://climatekg.tibwiki.io/entity/Q2151,CCSM
https://climatekg.tibwiki.io/entity/Q10,Special Report: Global Warming of 1.5°C,https://climatekg.tibwiki.io/entity/Q2152,CCT
https://climatekg.tibwiki.io/entity/Q77,Working Group I: Climate Change 2021 – The Physical Science Basis,https://climatekg.tibwiki.io/entity/Q2152,CCT
https://climatekg.tibwiki.io/entity/Q106,"Working Group II: Climate Change 2022 – Impacts, Adaptation and Vulnerability",https://climatekg.tibwiki.io/entity/Q2152,CCT
https://climatekg.tibwiki.io/entity/Q150,Working Group III: Climate Change 2022 – Mitigation of Climate Change,https://climatekg.tibwiki.io/entity/Q2152,CCT
https://climatekg.tibwiki.io/entity/Q189,"Climate Change 2023: Synthesis Report. Contribution of Working Groups I, II and III to the Sixth Assessment Report of the Intergovernmental Panel on Climate Change",https://climatekg.tibwiki.io/entity/Q2153,CCU
https://climatekg.tibwiki.io/entity/Q35,Special Report: Climate Change and Land,https://climatekg.tibwiki.io/entity/Q2153,CCU
https://climatekg.tibwiki.io/entity/Q10,Special Report: Global Warming of 1.5°C,https://climatekg.tibwiki.io/entity/Q2153,CCU
https://climatekg.tibwiki.io/entity/Q106,"Working Group II: Climate Change 2022 – Impacts, Adaptation and Vulnerability",https://climatekg.tibwiki.io/entity/Q2153,CCU
https://climatekg.tibwiki.io/entity/Q150,Working Group III: Climate Change 2022 – Mitigation of Climate Change,https://climatekg.tibwiki.io/entity/Q2153,CCU
https://climatekg.tibwiki.io/entity/Q10,Special Report: Global Warming of 1.5°C,https://climatekg.tibwiki.io/entity/Q2154,CCUS
https://climatekg.tibwiki.io/entity/Q150,Working Group III: Climate Change 2022 – Mitigation of Climate Change,https://climatekg.tibwiki.io/entity/Q2154,CCUS
https://climatekg.tibwiki.io/entity/Q150,Working Group III: Climate Change 2022 – Mitigation of Climate Change,https://climatekg.tibwiki.io/entity/Q3742,CCX
https://climatekg.tibwiki.io/entity/Q77,Working Group I: Climate Change 2021 – The Physical Science Basis,https://climatekg.tibwiki.io/entity/Q3085,CD
https://climatekg.tibwiki.io/entity/Q150,Working Group III: Climate Change 2022 – Mitigation of Climate Change,https://climatekg.tibwiki.io/entity/Q3085,CD
https://climatekg.tibwiki.io/entity/Q10,Special Report: Global Warming of 1.5°C,https://climatekg.tibwiki.io/entity/Q2156,CD-LINKS
https://climatekg.tibwiki.io/entity/Q106,"Working Group II: Climate Change 2022 – Impacts, Adaptation and Vulnerability",https://climatekg.tibwiki.io/entity/Q3374,CDC
https://climatekg.tibwiki.io/entity/Q10,Special Report: Global Warming of 1.5°C,https://climatekg.tibwiki.io/entity/Q2155,CDD
https://climatekg.tibwiki.io/entity/Q77,Working Group I: Climate Change 2021 – The Physical Science Basis,https://climatekg.tibwiki.io/entity/Q2155,CDD
https://climatekg.tibwiki.io/entity/Q106,"Working Group II: Climate Change 2022 – Impacts, Adaptation and Vulnerability",https://climatekg.tibwiki.io/entity/Q2155,CDD
https://climatekg.tibwiki.io/entity/Q150,Working Group III: Climate Change 2022 – Mitigation of Climate Change,https://climatekg.tibwiki.io/entity/Q2155,CDD
https://climatekg.tibwiki.io/entity/Q106,"Working Group II: Climate Change 2022 – Impacts, Adaptation and Vulnerability",https://climatekg.tibwiki.io/entity/Q3375,CDEM
https://climatekg.tibwiki.io/entity/Q150,Working Group III: Climate Change 2022 – Mitigation of Climate Change,https://climatekg.tibwiki.io/entity/Q3743,CDIAC
https://climatekg.tibwiki.io/entity/Q106,"Working Group II: Climate Change 2022 – Impacts, Adaptation and Vulnerability",https://climatekg.tibwiki.io/entity/Q3376,CDKN
https://climatekg.tibwiki.io/entity/Q35,Special Report: Climate Change and Land,https://climatekg.tibwiki.io/entity/Q2157,CDM
https://climatekg.tibwiki.io/entity/Q10,Special Report: Global Warming of 1.5°C,https://climatekg.tibwiki.io/entity/Q2157,CDM
https://climatekg.tibwiki.io/entity/Q106,"Working Group II: Climate Change 2022 – Impacts, Adaptation and Vulnerability",https://climatekg.tibwiki.io/entity/Q2157,CDM
https://climatekg.tibwiki.io/entity/Q150,Working Group III: Climate Change 2022 – Mitigation of Climate Change,https://climatekg.tibwiki.io/entity/Q2157,CDM
https://climatekg.tibwiki.io/entity/Q106,"Working Group II: Climate Change 2022 – Impacts, Adaptation and Vulnerability",https://climatekg.tibwiki.io/entity/Q3377,CDMC
https://climatekg.tibwiki.io/entity/Q35,Special Report: Climate Change and Land,https://climatekg.tibwiki.io/entity/Q2158,CDP
https://climatekg.tibwiki.io/entity/Q10,Special Report: Global Warming of 1.5°C,https://climatekg.tibwiki.io/entity/Q2158,CDP
https://climatekg.tibwiki.io/entity/Q189,"Climate Change 2023: Synthesis Report. Contribution of Working Groups I, II and III to the Sixth Assessment Report of the Intergovernmental Panel on Climate Change",https://climatekg.tibwiki.io/entity/Q2159,CDR
https://climatekg.tibwiki.io/entity/Q35,Special Report: Climate Change and Land,https://climatekg.tibwiki.io/entity/Q2159,CDR
https://climatekg.tibwiki.io/entity/Q10,Special Report: Global Warming of 1.5°C,https://climatekg.tibwiki.io/entity/Q2159,CDR
https://climatekg.tibwiki.io/entity/Q57,Special Report: The Ocean and Cryosphere in a Changing Climate,https://climatekg.tibwiki.io/entity/Q2159,CDR
https://climatekg.tibwiki.io/entity/Q77,Working Group I: Climate Change 2021 – The Physical Science Basis,https://climatekg.tibwiki.io/entity/Q2159,CDR
https://climatekg.tibwiki.io/entity/Q106,"Working Group II: Climate Change 2022 – Impacts, Adaptation and Vulnerability",https://climatekg.tibwiki.io/entity/Q2159,CDR
https://climatekg.tibwiki.io/entity/Q150,Working Group III: Climate Change 2022 – Mitigation of Climate Change,https://climatekg.tibwiki.io/entity/Q2159,CDR
https://climatekg.tibwiki.io/entity/Q77,Working Group I: Climate Change 2021 – The Physical Science Basis,https://climatekg.tibwiki.io/entity/Q3086,CDRMIP
https://climatekg.tibwiki.io/entity/Q77,Working Group I: Climate Change 2021 – The Physical Science Basis,https://climatekg.tibwiki.io/entity/Q3087,CDW
https://climatekg.tibwiki.io/entity/Q77,Working Group I: Climate Change 2021 – The Physical Science Basis,https://climatekg.tibwiki.io/entity/Q3088,CE
https://climatekg.tibwiki.io/entity/Q106,"Working Group II: Climate Change 2022 – Impacts, Adaptation and Vulnerability",https://climatekg.tibwiki.io/entity/Q3088,CE
https://climatekg.tibwiki.io/entity/Q150,Working Group III: Climate Change 2022 – Mitigation of Climate Change,https://climatekg.tibwiki.io/entity/Q3088,CE
https://climatekg.tibwiki.io/entity/Q35,Special Report: Climate Change and Land,https://climatekg.tibwiki.io/entity/Q2160,CEA
https://climatekg.tibwiki.io/entity/Q10,Special Report: Global Warming of 1.5°C,https://climatekg.tibwiki.io/entity/Q2160,CEA
https://climatekg.tibwiki.io/entity/Q150,Working Group III: Climate Change 2022 – Mitigation of Climate Change,https://climatekg.tibwiki.io/entity/Q2160,CEA
https://climatekg.tibwiki.io/entity/Q35,Special Report: Climate Change and Land,https://climatekg.tibwiki.io/entity/Q2161,CEC
https://climatekg.tibwiki.io/entity/Q10,Special Report: Global Warming of 1.5°C,https://climatekg.tibwiki.io/entity/Q2161,CEC
https://climatekg.tibwiki.io/entity/Q10,Special Report: Global Warming of 1.5°C,https://climatekg.tibwiki.io/entity/Q2162,CEDS
https://climatekg.tibwiki.io/entity/Q77,Working Group I: Climate Change 2021 – The Physical Science Basis,https://climatekg.tibwiki.io/entity/Q2162,CEDS
https://climatekg.tibwiki.io/entity/Q150,Working Group III: Climate Change 2022 – Mitigation of Climate Change,https://climatekg.tibwiki.io/entity/Q2162,CEDS
https://climatekg.tibwiki.io/entity/Q106,"Working Group II: Climate Change 2022 – Impacts, Adaptation and Vulnerability",https://climatekg.tibwiki.io/entity/Q3378,CEIC
https://climatekg.tibwiki.io/entity/Q10,Special Report: Global Warming of 1.5°C,https://climatekg.tibwiki.io/entity/Q2163,CEMICS
https://climatekg.tibwiki.io/entity/Q35,Special Report: Climate Change and Land,https://climatekg.tibwiki.io/entity/Q2681,CEN-SAD
https://climatekg.tibwiki.io/entity/Q106,"Working Group II: Climate Change 2022 – Impacts, Adaptation and Vulnerability",https://climatekg.tibwiki.io/entity/Q3379,CER
https://climatekg.tibwiki.io/entity/Q77,Working Group I: Climate Change 2021 – The Physical Science Basis,https://climatekg.tibwiki.io/entity/Q3089,CERES
https://climatekg.tibwiki.io/entity/Q10,Special Report: Global Warming of 1.5°C,https://climatekg.tibwiki.io/entity/Q2164,CES
https://climatekg.tibwiki.io/entity/Q106,"Working Group II: Climate Change 2022 – Impacts, Adaptation and Vulnerability",https://climatekg.tibwiki.io/entity/Q2164,CES
https://climatekg.tibwiki.io/entity/Q10,Special Report: Global Warming of 1.5°C,https://climatekg.tibwiki.io/entity/Q2165,CESM
https://climatekg.tibwiki.io/entity/Q77,Working Group I: Climate Change 2021 – The Physical Science Basis,https://climatekg.tibwiki.io/entity/Q2165,CESM
https://climatekg.tibwiki.io/entity/Q150,Working Group III: Climate Change 2022 – Mitigation of Climate Change,https://climatekg.tibwiki.io/entity/Q3744,CETA
https://climatekg.tibwiki.io/entity/Q10,Special Report: Global Warming of 1.5°C,https://climatekg.tibwiki.io/entity/Q2166,CEU
https://climatekg.tibwiki.io/entity/Q57,Special Report: The Ocean and Cryosphere in a Changing Climate,https://climatekg.tibwiki.io/entity/Q2916,CFC
https://climatekg.tibwiki.io/entity/Q106,"Working Group II: Climate Change 2022 – Impacts, Adaptation and Vulnerability",https://climatekg.tibwiki.io/entity/Q2916,CFC
https://climatekg.tibwiki.io/entity/Q10,Special Report: Global Warming of 1.5°C,https://climatekg.tibwiki.io/entity/Q2167,CFCs
https://climatekg.tibwiki.io/entity/Q77,Working Group I: Climate Change 2021 – The Physical Science Basis,https://climatekg.tibwiki.io/entity/Q2167,CFCs
https://climatekg.tibwiki.io/entity/Q150,Working Group III: Climate Change 2022 – Mitigation of Climate Change,https://climatekg.tibwiki.io/entity/Q2167,CFCs
https://climatekg.tibwiki.io/entity/Q150,Working Group III: Climate Change 2022 – Mitigation of Climate Change,https://climatekg.tibwiki.io/entity/Q3746,CFL
https://climatekg.tibwiki.io/entity/Q106,"Working Group II: Climate Change 2022 – Impacts, Adaptation and Vulnerability",https://climatekg.tibwiki.io/entity/Q3380,CFM
https://climatekg.tibwiki.io/entity/Q77,Working Group I: Climate Change 2021 – The Physical Science Basis,https://climatekg.tibwiki.io/entity/Q3090,CFMIP
https://climatekg.tibwiki.io/entity/Q106,"Working Group II: Climate Change 2022 – Impacts, Adaptation and Vulnerability",https://climatekg.tibwiki.io/entity/Q3381,CFP
https://climatekg.tibwiki.io/entity/Q106,"Working Group II: Climate Change 2022 – Impacts, Adaptation and Vulnerability",https://climatekg.tibwiki.io/entity/Q3382,CFPP
https://climatekg.tibwiki.io/entity/Q35,Special Report: Climate Change and Land,https://climatekg.tibwiki.io/entity/Q2682,CFS
https://climatekg.tibwiki.io/entity/Q77,Working Group I: Climate Change 2021 – The Physical Science Basis,https://climatekg.tibwiki.io/entity/Q3091,CFSR
https://climatekg.tibwiki.io/entity/Q10,Special Report: Global Warming of 1.5°C,https://climatekg.tibwiki.io/entity/Q2168,CGCM
https://climatekg.tibwiki.io/entity/Q10,Special Report: Global Warming of 1.5°C,https://climatekg.tibwiki.io/entity/Q2169,CGE
https://climatekg.tibwiki.io/entity/Q106,"Working Group II: Climate Change 2022 – Impacts, Adaptation and Vulnerability",https://climatekg.tibwiki.io/entity/Q2169,CGE
https://climatekg.tibwiki.io/entity/Q150,Working Group III: Climate Change 2022 – Mitigation of Climate Change,https://climatekg.tibwiki.io/entity/Q2169,CGE
https://climatekg.tibwiki.io/entity/Q10,Special Report: Global Warming of 1.5°C,https://climatekg.tibwiki.io/entity/Q2170,CGI
https://climatekg.tibwiki.io/entity/Q10,Special Report: Global Warming of 1.5°C,https://climatekg.tibwiki.io/entity/Q2171,CGIAR
https://climatekg.tibwiki.io/entity/Q106,"Working Group II: Climate Change 2022 – Impacts, Adaptation and Vulnerability",https://climatekg.tibwiki.io/entity/Q2171,CGIAR
https://climatekg.tibwiki.io/entity/Q35,Special Report: Climate Change and Land,https://climatekg.tibwiki.io/entity/Q2683,CGIAR-
https://climatekg.tibwiki.io/entity/Q35,Special Report: Climate Change and Land,https://climatekg.tibwiki.io/entity/Q2684,CGRA
https://climatekg.tibwiki.io/entity/Q106,"Working Group II: Climate Change 2022 – Impacts, Adaptation and Vulnerability",https://climatekg.tibwiki.io/entity/Q2684,CGRA
https://climatekg.tibwiki.io/entity/Q77,Working Group I: Climate Change 2021 – The Physical Science Basis,https://climatekg.tibwiki.io/entity/Q3092,CGTP
https://climatekg.tibwiki.io/entity/Q150,Working Group III: Climate Change 2022 – Mitigation of Climate Change,https://climatekg.tibwiki.io/entity/Q3092,CGTP
https://climatekg.tibwiki.io/entity/Q106,"Working Group II: Climate Change 2022 – Impacts, Adaptation and Vulnerability",https://climatekg.tibwiki.io/entity/Q3383,CH
https://climatekg.tibwiki.io/entity/Q189,"Climate Change 2023: Synthesis Report. Contribution of Working Groups I, II and III to the Sixth Assessment Report of the Intergovernmental Panel on Climate Change",https://climatekg.tibwiki.io/entity/Q2172,CH4
https://climatekg.tibwiki.io/entity/Q35,Special Report: Climate Change and Land,https://climatekg.tibwiki.io/entity/Q2172,CH4
https://climatekg.tibwiki.io/entity/Q10,Special Report: Global Warming of 1.5°C,https://climatekg.tibwiki.io/entity/Q2172,CH4
https://climatekg.tibwiki.io/entity/Q77,Working Group I: Climate Change 2021 – The Physical Science Basis,https://climatekg.tibwiki.io/entity/Q2172,CH4
https://climatekg.tibwiki.io/entity/Q150,Working Group III: Climate Change 2022 – Mitigation of Climate Change,https://climatekg.tibwiki.io/entity/Q2172,CH4
https://climatekg.tibwiki.io/entity/Q106,"Working Group II: Climate Change 2022 – Impacts, Adaptation and Vulnerability",https://climatekg.tibwiki.io/entity/Q3384,CHIKV
https://climatekg.tibwiki.io/entity/Q35,Special Report: Climate Change and Land,https://climatekg.tibwiki.io/entity/Q2685,CHIRPS
https://climatekg.tibwiki.io/entity/Q106,"Working Group II: Climate Change 2022 – Impacts, Adaptation and Vulnerability",https://climatekg.tibwiki.io/entity/Q3385,CHL
https://climatekg.tibwiki.io/entity/Q35,Special Report: Climate Change and Land,https://climatekg.tibwiki.io/entity/Q2686,CHMI
https://climatekg.tibwiki.io/entity/Q35,Special Report: Climate Change and Land,https://climatekg.tibwiki.io/entity/Q2173,CHP
https://climatekg.tibwiki.io/entity/Q10,Special Report: Global Warming of 1.5°C,https://climatekg.tibwiki.io/entity/Q2173,CHP
https://climatekg.tibwiki.io/entity/Q150,Working Group III: Climate Change 2022 – Mitigation of Climate Change,https://climatekg.tibwiki.io/entity/Q2173,CHP
https://climatekg.tibwiki.io/entity/Q35,Special Report: Climate Change and Land,https://climatekg.tibwiki.io/entity/Q2174,CI
https://climatekg.tibwiki.io/entity/Q10,Special Report: Global Warming of 1.5°C,https://climatekg.tibwiki.io/entity/Q2174,CI
https://climatekg.tibwiki.io/entity/Q35,Special Report: Climate Change and Land,https://climatekg.tibwiki.io/entity/Q2687,CIAT
https://climatekg.tibwiki.io/entity/Q77,Working Group I: Climate Change 2021 – The Physical Science Basis,https://climatekg.tibwiki.io/entity/Q3093,CICERO
https://climatekg.tibwiki.io/entity/Q106,"Working Group II: Climate Change 2022 – Impacts, Adaptation and Vulnerability",https://climatekg.tibwiki.io/entity/Q3386,CICES
https://climatekg.tibwiki.io/entity/Q189,"Climate Change 2023: Synthesis Report. Contribution of Working Groups I, II and III to the Sixth Assessment Report of the Intergovernmental Panel on Climate Change",https://climatekg.tibwiki.io/entity/Q3010,CID
https://climatekg.tibwiki.io/entity/Q77,Working Group I: Climate Change 2021 – The Physical Science Basis,https://climatekg.tibwiki.io/entity/Q3010,CID
https://climatekg.tibwiki.io/entity/Q106,"Working Group II: Climate Change 2022 – Impacts, Adaptation and Vulnerability",https://climatekg.tibwiki.io/entity/Q3010,CID
https://climatekg.tibwiki.io/entity/Q150,Working Group III: Climate Change 2022 – Mitigation of Climate Change,https://climatekg.tibwiki.io/entity/Q3747,CII
https://climatekg.tibwiki.io/entity/Q35,Special Report: Climate Change and Land,https://climatekg.tibwiki.io/entity/Q2688,CIPHET
https://climatekg.tibwiki.io/entity/Q10,Special Report: Global Warming of 1.5°C,https://climatekg.tibwiki.io/entity/Q2175,CIRED
https://climatekg.tibwiki.io/entity/Q35,Special Report: Climate Change and Land,https://climatekg.tibwiki.io/entity/Q2689,CIREN
https://climatekg.tibwiki.io/entity/Q106,"Working Group II: Climate Change 2022 – Impacts, Adaptation and Vulnerability",https://climatekg.tibwiki.io/entity/Q3387,CIS
https://climatekg.tibwiki.io/entity/Q10,Special Report: Global Warming of 1.5°C,https://climatekg.tibwiki.io/entity/Q2176,CISL
https://climatekg.tibwiki.io/entity/Q77,Working Group I: Climate Change 2021 – The Physical Science Basis,https://climatekg.tibwiki.io/entity/Q3094,CISM2
https://climatekg.tibwiki.io/entity/Q150,Working Group III: Climate Change 2022 – Mitigation of Climate Change,https://climatekg.tibwiki.io/entity/Q3748,CLASP
https://climatekg.tibwiki.io/entity/Q150,Working Group III: Climate Change 2022 – Mitigation of Climate Change,https://climatekg.tibwiki.io/entity/Q3749,CLC
https://climatekg.tibwiki.io/entity/Q150,Working Group III: Climate Change 2022 – Mitigation of Climate Change,https://climatekg.tibwiki.io/entity/Q3750,CLCA
https://climatekg.tibwiki.io/entity/Q150,Working Group III: Climate Change 2022 – Mitigation of Climate Change,https://climatekg.tibwiki.io/entity/Q3751,CLIMI
https://climatekg.tibwiki.io/entity/Q77,Working Group I: Climate Change 2021 – The Physical Science Basis,https://climatekg.tibwiki.io/entity/Q3095,CLLJ
https://climatekg.tibwiki.io/entity/Q10,Special Report: Global Warming of 1.5°C,https://climatekg.tibwiki.io/entity/Q2177,CLM
https://climatekg.tibwiki.io/entity/Q106,"Working Group II: Climate Change 2022 – Impacts, Adaptation and Vulnerability",https://climatekg.tibwiki.io/entity/Q3388,CLP
https://climatekg.tibwiki.io/entity/Q150,Working Group III: Climate Change 2022 – Mitigation of Climate Change,https://climatekg.tibwiki.io/entity/Q3752,CLRTAP
https://climatekg.tibwiki.io/entity/Q77,Working Group I: Climate Change 2021 – The Physical Science Basis,https://climatekg.tibwiki.io/entity/Q3096,CLSAT
https://climatekg.tibwiki.io/entity/Q150,Working Group III: Climate Change 2022 – Mitigation of Climate Change,https://climatekg.tibwiki.io/entity/Q3753,CLT
https://climatekg.tibwiki.io/entity/Q150,Working Group III: Climate Change 2022 – Mitigation of Climate Change,https://climatekg.tibwiki.io/entity/Q3754,CMA
https://climatekg.tibwiki.io/entity/Q77,Working Group I: Climate Change 2021 – The Physical Science Basis,https://climatekg.tibwiki.io/entity/Q3097,CMAP
https://climatekg.tibwiki.io/entity/Q10,Special Report: Global Warming of 1.5°C,https://climatekg.tibwiki.io/entity/Q2178,CMAQ
https://climatekg.tibwiki.io/entity/Q35,Special Report: Climate Change and Land,https://climatekg.tibwiki.io/entity/Q2690,CMIE
https://climatekg.tibwiki.io/entity/Q57,Special Report: The Ocean and Cryosphere in a Changing Climate,https://climatekg.tibwiki.io/entity/Q2917,CMIP
https://climatekg.tibwiki.io/entity/Q77,Working Group I: Climate Change 2021 – The Physical Science Basis,https://climatekg.tibwiki.io/entity/Q2917,CMIP
https://climatekg.tibwiki.io/entity/Q106,"Working Group II: Climate Change 2022 – Impacts, Adaptation and Vulnerability",https://climatekg.tibwiki.io/entity/Q2917,CMIP
https://climatekg.tibwiki.io/entity/Q10,Special Report: Global Warming of 1.5°C,https://climatekg.tibwiki.io/entity/Q2179,CMIP3
https://climatekg.tibwiki.io/entity/Q57,Special Report: The Ocean and Cryosphere in a Changing Climate,https://climatekg.tibwiki.io/entity/Q2179,CMIP3
https://climatekg.tibwiki.io/entity/Q77,Working Group I: Climate Change 2021 – The Physical Science Basis,https://climatekg.tibwiki.io/entity/Q2179,CMIP3
https://climatekg.tibwiki.io/entity/Q106,"Working Group II: Climate Change 2022 – Impacts, Adaptation and Vulnerability",https://climatekg.tibwiki.io/entity/Q2179,CMIP3
https://climatekg.tibwiki.io/entity/Q189,"Climate Change 2023: Synthesis Report. Contribution of Working Groups I, II and III to the Sixth Assessment Report of the Intergovernmental Panel on Climate Change",https://climatekg.tibwiki.io/entity/Q2180,CMIP5
https://climatekg.tibwiki.io/entity/Q35,Special Report: Climate Change and Land,https://climatekg.tibwiki.io/entity/Q2180,CMIP5
https://climatekg.tibwiki.io/entity/Q10,Special Report: Global Warming of 1.5°C,https://climatekg.tibwiki.io/entity/Q2180,CMIP5
https://climatekg.tibwiki.io/entity/Q57,Special Report: The Ocean and Cryosphere in a Changing Climate,https://climatekg.tibwiki.io/entity/Q2180,CMIP5
https://climatekg.tibwiki.io/entity/Q77,Working Group I: Climate Change 2021 – The Physical Science Basis,https://climatekg.tibwiki.io/entity/Q2180,CMIP5
https://climatekg.tibwiki.io/entity/Q106,"Working Group II: Climate Change 2022 – Impacts, Adaptation and Vulnerability",https://climatekg.tibwiki.io/entity/Q2180,CMIP5
https://climatekg.tibwiki.io/entity/Q189,"Climate Change 2023: Synthesis Report. Contribution of Working Groups I, II and III to the Sixth Assessment Report of the Intergovernmental Panel on Climate Change",https://climatekg.tibwiki.io/entity/Q2181,CMIP6
https://climatekg.tibwiki.io/entity/Q35,Special Report: Climate Change and Land,https://climatekg.tibwiki.io/entity/Q2181,CMIP6
https://climatekg.tibwiki.io/entity/Q10,Special Report: Global Warming of 1.5°C,https://climatekg.tibwiki.io/entity/Q2181,CMIP6
https://climatekg.tibwiki.io/entity/Q57,Special Report: The Ocean and Cryosphere in a Changing Climate,https://climatekg.tibwiki.io/entity/Q2181,CMIP6
https://climatekg.tibwiki.io/entity/Q77,Working Group I: Climate Change 2021 – The Physical Science Basis,https://climatekg.tibwiki.io/entity/Q2181,CMIP6
https://climatekg.tibwiki.io/entity/Q106,"Working Group II: Climate Change 2022 – Impacts, Adaptation and Vulnerability",https://climatekg.tibwiki.io/entity/Q2181,CMIP6
https://climatekg.tibwiki.io/entity/Q150,Working Group III: Climate Change 2022 – Mitigation of Climate Change,https://climatekg.tibwiki.io/entity/Q2181,CMIP6
https://climatekg.tibwiki.io/entity/Q106,"Working Group II: Climate Change 2022 – Impacts, Adaptation and Vulnerability",https://climatekg.tibwiki.io/entity/Q3389,CMR
https://climatekg.tibwiki.io/entity/Q106,"Working Group II: Climate Change 2022 – Impacts, Adaptation and Vulnerability",https://climatekg.tibwiki.io/entity/Q3390,CMSI
https://climatekg.tibwiki.io/entity/Q10,Special Report: Global Warming of 1.5°C,https://climatekg.tibwiki.io/entity/Q2182,CNA
https://climatekg.tibwiki.io/entity/Q77,Working Group I: Climate Change 2021 – The Physical Science Basis,https://climatekg.tibwiki.io/entity/Q2182,CNA
https://climatekg.tibwiki.io/entity/Q150,Working Group III: Climate Change 2022 – Mitigation of Climate Change,https://climatekg.tibwiki.io/entity/Q3755,CNG
https://climatekg.tibwiki.io/entity/Q10,Special Report: Global Warming of 1.5°C,https://climatekg.tibwiki.io/entity/Q2183,CNRM
https://climatekg.tibwiki.io/entity/Q77,Working Group I: Climate Change 2021 – The Physical Science Basis,https://climatekg.tibwiki.io/entity/Q2183,CNRM
https://climatekg.tibwiki.io/entity/Q35,Special Report: Climate Change and Land,https://climatekg.tibwiki.io/entity/Q2184,CO
https://climatekg.tibwiki.io/entity/Q10,Special Report: Global Warming of 1.5°C,https://climatekg.tibwiki.io/entity/Q2184,CO
https://climatekg.tibwiki.io/entity/Q77,Working Group I: Climate Change 2021 – The Physical Science Basis,https://climatekg.tibwiki.io/entity/Q2184,CO
https://climatekg.tibwiki.io/entity/Q150,Working Group III: Climate Change 2022 – Mitigation of Climate Change,https://climatekg.tibwiki.io/entity/Q2184,CO
https://climatekg.tibwiki.io/entity/Q189,"Climate Change 2023: Synthesis Report. Contribution of Working Groups I, II and III to the Sixth Assessment Report of the Intergovernmental Panel on Climate Change",https://climatekg.tibwiki.io/entity/Q2185,CO2
https://climatekg.tibwiki.io/entity/Q35,Special Report: Climate Change and Land,https://climatekg.tibwiki.io/entity/Q2185,CO2
https://climatekg.tibwiki.io/entity/Q10,Special Report: Global Warming of 1.5°C,https://climatekg.tibwiki.io/entity/Q2185,CO2
https://climatekg.tibwiki.io/entity/Q77,Working Group I: Climate Change 2021 – The Physical Science Basis,https://climatekg.tibwiki.io/entity/Q2185,CO2
https://climatekg.tibwiki.io/entity/Q150,Working Group III: Climate Change 2022 – Mitigation of Climate Change,https://climatekg.tibwiki.io/entity/Q2185,CO2
https://climatekg.tibwiki.io/entity/Q189,"Climate Change 2023: Synthesis Report. Contribution of Working Groups I, II and III to the Sixth Assessment Report of the Intergovernmental Panel on Climate Change",https://climatekg.tibwiki.io/entity/Q3013,CO2-FFI
https://climatekg.tibwiki.io/entity/Q189,"Climate Change 2023: Synthesis Report. Contribution of Working Groups I, II and III to the Sixth Assessment Report of the Intergovernmental Panel on Climate Change",https://climatekg.tibwiki.io/entity/Q3014,CO2-LULUCF
https://climatekg.tibwiki.io/entity/Q189,"Climate Change 2023: Synthesis Report. Contribution of Working Groups I, II and III to the Sixth Assessment Report of the Intergovernmental Panel on Climate Change",https://climatekg.tibwiki.io/entity/Q3011,CO2-eq
https://climatekg.tibwiki.io/entity/Q77,Working Group I: Climate Change 2021 – The Physical Science Basis,https://climatekg.tibwiki.io/entity/Q3011,CO2-eq
https://climatekg.tibwiki.io/entity/Q150,Working Group III: Climate Change 2022 – Mitigation of Climate Change,https://climatekg.tibwiki.io/entity/Q3011,CO2-eq
https://climatekg.tibwiki.io/entity/Q35,Special Report: Climate Change and Land,https://climatekg.tibwiki.io/entity/Q2186,CO2e
https://climatekg.tibwiki.io/entity/Q10,Special Report: Global Warming of 1.5°C,https://climatekg.tibwiki.io/entity/Q2186,CO2e
https://climatekg.tibwiki.io/entity/Q35,Special Report: Climate Change and Land,https://climatekg.tibwiki.io/entity/Q2187,CO2eq
https://climatekg.tibwiki.io/entity/Q10,Special Report: Global Warming of 1.5°C,https://climatekg.tibwiki.io/entity/Q2187,CO2eq
https://climatekg.tibwiki.io/entity/Q106,"Working Group II: Climate Change 2022 – Impacts, Adaptation and Vulnerability",https://climatekg.tibwiki.io/entity/Q3392,COAG
https://climatekg.tibwiki.io/entity/Q77,Working Group I: Climate Change 2021 – The Physical Science Basis,https://climatekg.tibwiki.io/entity/Q3098,COBE
https://climatekg.tibwiki.io/entity/Q106,"Working Group II: Climate Change 2022 – Impacts, Adaptation and Vulnerability",https://climatekg.tibwiki.io/entity/Q3393,CODOHSAPA
https://climatekg.tibwiki.io/entity/Q150,Working Group III: Climate Change 2022 – Mitigation of Climate Change,https://climatekg.tibwiki.io/entity/Q3756,COMMIT
https://climatekg.tibwiki.io/entity/Q35,Special Report: Climate Change and Land,https://climatekg.tibwiki.io/entity/Q2189,COP
https://climatekg.tibwiki.io/entity/Q10,Special Report: Global Warming of 1.5°C,https://climatekg.tibwiki.io/entity/Q2189,COP
https://climatekg.tibwiki.io/entity/Q57,Special Report: The Ocean and Cryosphere in a Changing Climate,https://climatekg.tibwiki.io/entity/Q2189,COP
https://climatekg.tibwiki.io/entity/Q106,"Working Group II: Climate Change 2022 – Impacts, Adaptation and Vulnerability",https://climatekg.tibwiki.io/entity/Q2189,COP
https://climatekg.tibwiki.io/entity/Q150,Working Group III: Climate Change 2022 – Mitigation of Climate Change,https://climatekg.tibwiki.io/entity/Q2189,COP
https://climatekg.tibwiki.io/entity/Q106,"Working Group II: Climate Change 2022 – Impacts, Adaptation and Vulnerability",https://climatekg.tibwiki.io/entity/Q3394,COP16
https://climatekg.tibwiki.io/entity/Q106,"Working Group II: Climate Change 2022 – Impacts, Adaptation and Vulnerability",https://climatekg.tibwiki.io/entity/Q3395,COP19
https://climatekg.tibwiki.io/entity/Q106,"Working Group II: Climate Change 2022 – Impacts, Adaptation and Vulnerability",https://climatekg.tibwiki.io/entity/Q3396,COP26
https://climatekg.tibwiki.io/entity/Q106,"Working Group II: Climate Change 2022 – Impacts, Adaptation and Vulnerability",https://climatekg.tibwiki.io/entity/Q3397,COPD
https://climatekg.tibwiki.io/entity/Q10,Special Report: Global Warming of 1.5°C,https://climatekg.tibwiki.io/entity/Q2190,COPPE-COFFEE
https://climatekg.tibwiki.io/entity/Q10,Special Report: Global Warming of 1.5°C,https://climatekg.tibwiki.io/entity/Q2191,CORDEX
https://climatekg.tibwiki.io/entity/Q77,Working Group I: Climate Change 2021 – The Physical Science Basis,https://climatekg.tibwiki.io/entity/Q2191,CORDEX
https://climatekg.tibwiki.io/entity/Q106,"Working Group II: Climate Change 2022 – Impacts, Adaptation and Vulnerability",https://climatekg.tibwiki.io/entity/Q2191,CORDEX
https://climatekg.tibwiki.io/entity/Q150,Working Group III: Climate Change 2022 – Mitigation of Climate Change,https://climatekg.tibwiki.io/entity/Q3757,CORSIA
https://climatekg.tibwiki.io/entity/Q10,Special Report: Global Warming of 1.5°C,https://climatekg.tibwiki.io/entity/Q2192,COSMO
https://climatekg.tibwiki.io/entity/Q77,Working Group I: Climate Change 2021 – The Physical Science Basis,https://climatekg.tibwiki.io/entity/Q2192,COSMO
https://climatekg.tibwiki.io/entity/Q106,"Working Group II: Climate Change 2022 – Impacts, Adaptation and Vulnerability",https://climatekg.tibwiki.io/entity/Q3398,COSSAO
https://climatekg.tibwiki.io/entity/Q77,Working Group I: Climate Change 2021 – The Physical Science Basis,https://climatekg.tibwiki.io/entity/Q3099,COVID-19
https://climatekg.tibwiki.io/entity/Q106,"Working Group II: Climate Change 2022 – Impacts, Adaptation and Vulnerability",https://climatekg.tibwiki.io/entity/Q3099,COVID-19
https://climatekg.tibwiki.io/entity/Q57,Special Report: The Ocean and Cryosphere in a Changing Climate,https://climatekg.tibwiki.io/entity/Q2919,COWCLIP
https://climatekg.tibwiki.io/entity/Q77,Working Group I: Climate Change 2021 – The Physical Science Basis,https://climatekg.tibwiki.io/entity/Q3100,CP
https://climatekg.tibwiki.io/entity/Q106,"Working Group II: Climate Change 2022 – Impacts, Adaptation and Vulnerability",https://climatekg.tibwiki.io/entity/Q3399,CPA
https://climatekg.tibwiki.io/entity/Q106,"Working Group II: Climate Change 2022 – Impacts, Adaptation and Vulnerability",https://climatekg.tibwiki.io/entity/Q3400,CPI
https://climatekg.tibwiki.io/entity/Q77,Working Group I: Climate Change 2021 – The Physical Science Basis,https://climatekg.tibwiki.io/entity/Q3101,CPM
https://climatekg.tibwiki.io/entity/Q57,Special Report: The Ocean and Cryosphere in a Changing Climate,https://climatekg.tibwiki.io/entity/Q2920,CPR
https://climatekg.tibwiki.io/entity/Q150,Working Group III: Climate Change 2022 – Mitigation of Climate Change,https://climatekg.tibwiki.io/entity/Q3758,CPRS
https://climatekg.tibwiki.io/entity/Q150,Working Group III: Climate Change 2022 – Mitigation of Climate Change,https://climatekg.tibwiki.io/entity/Q3759,CPTPP
https://climatekg.tibwiki.io/entity/Q77,Working Group I: Climate Change 2021 – The Physical Science Basis,https://climatekg.tibwiki.io/entity/Q3102,CRA
https://climatekg.tibwiki.io/entity/Q106,"Working Group II: Climate Change 2022 – Impacts, Adaptation and Vulnerability",https://climatekg.tibwiki.io/entity/Q3401,CRC
https://climatekg.tibwiki.io/entity/Q35,Special Report: Climate Change and Land,https://climatekg.tibwiki.io/entity/Q2193,CRCM
https://climatekg.tibwiki.io/entity/Q10,Special Report: Global Warming of 1.5°C,https://climatekg.tibwiki.io/entity/Q2193,CRCM
https://climatekg.tibwiki.io/entity/Q189,"Climate Change 2023: Synthesis Report. Contribution of Working Groups I, II and III to the Sixth Assessment Report of the Intergovernmental Panel on Climate Change",https://climatekg.tibwiki.io/entity/Q3012,CRD
https://climatekg.tibwiki.io/entity/Q106,"Working Group II: Climate Change 2022 – Impacts, Adaptation and Vulnerability",https://climatekg.tibwiki.io/entity/Q3012,CRD
https://climatekg.tibwiki.io/entity/Q150,Working Group III: Climate Change 2022 – Mitigation of Climate Change,https://climatekg.tibwiki.io/entity/Q3012,CRD
https://climatekg.tibwiki.io/entity/Q57,Special Report: The Ocean and Cryosphere in a Changing Climate,https://climatekg.tibwiki.io/entity/Q2921,CRDP
https://climatekg.tibwiki.io/entity/Q106,"Working Group II: Climate Change 2022 – Impacts, Adaptation and Vulnerability",https://climatekg.tibwiki.io/entity/Q2921,CRDP
https://climatekg.tibwiki.io/entity/Q10,Special Report: Global Warming of 1.5°C,https://climatekg.tibwiki.io/entity/Q2194,CRDPs
https://climatekg.tibwiki.io/entity/Q77,Working Group I: Climate Change 2021 – The Physical Science Basis,https://climatekg.tibwiki.io/entity/Q3103,CRE
https://climatekg.tibwiki.io/entity/Q150,Working Group III: Climate Change 2022 – Mitigation of Climate Change,https://climatekg.tibwiki.io/entity/Q3760,CREMAs
https://climatekg.tibwiki.io/entity/Q150,Working Group III: Climate Change 2022 – Mitigation of Climate Change,https://climatekg.tibwiki.io/entity/Q3761,CRF
https://climatekg.tibwiki.io/entity/Q106,"Working Group II: Climate Change 2022 – Impacts, Adaptation and Vulnerability",https://climatekg.tibwiki.io/entity/Q3402,CRFS
https://climatekg.tibwiki.io/entity/Q106,"Working Group II: Climate Change 2022 – Impacts, Adaptation and Vulnerability",https://climatekg.tibwiki.io/entity/Q3403,CRGE
https://climatekg.tibwiki.io/entity/Q150,Working Group III: Climate Change 2022 – Mitigation of Climate Change,https://climatekg.tibwiki.io/entity/Q3762,CRIBs
https://climatekg.tibwiki.io/entity/Q106,"Working Group II: Climate Change 2022 – Impacts, Adaptation and Vulnerability",https://climatekg.tibwiki.io/entity/Q3404,CRIDA
https://climatekg.tibwiki.io/entity/Q10,Special Report: Global Warming of 1.5°C,https://climatekg.tibwiki.io/entity/Q2195,CRIEPI
https://climatekg.tibwiki.io/entity/Q35,Special Report: Climate Change and Land,https://climatekg.tibwiki.io/entity/Q2196,CRISPR
https://climatekg.tibwiki.io/entity/Q10,Special Report: Global Warming of 1.5°C,https://climatekg.tibwiki.io/entity/Q2196,CRISPR
https://climatekg.tibwiki.io/entity/Q77,Working Group I: Climate Change 2021 – The Physical Science Basis,https://climatekg.tibwiki.io/entity/Q3104,CRM
https://climatekg.tibwiki.io/entity/Q106,"Working Group II: Climate Change 2022 – Impacts, Adaptation and Vulnerability",https://climatekg.tibwiki.io/entity/Q3104,CRM
https://climatekg.tibwiki.io/entity/Q106,"Working Group II: Climate Change 2022 – Impacts, Adaptation and Vulnerability",https://climatekg.tibwiki.io/entity/Q3405,CRO
https://climatekg.tibwiki.io/entity/Q35,Special Report: Climate Change and Land,https://climatekg.tibwiki.io/entity/Q2691,CRP
https://climatekg.tibwiki.io/entity/Q106,"Working Group II: Climate Change 2022 – Impacts, Adaptation and Vulnerability",https://climatekg.tibwiki.io/entity/Q3406,CRS
https://climatekg.tibwiki.io/entity/Q35,Special Report: Climate Change and Land,https://climatekg.tibwiki.io/entity/Q2198,CRU
https://climatekg.tibwiki.io/entity/Q10,Special Report: Global Warming of 1.5°C,https://climatekg.tibwiki.io/entity/Q2198,CRU
https://climatekg.tibwiki.io/entity/Q77,Working Group I: Climate Change 2021 – The Physical Science Basis,https://climatekg.tibwiki.io/entity/Q2198,CRU
https://climatekg.tibwiki.io/entity/Q35,Special Report: Climate Change and Land,https://climatekg.tibwiki.io/entity/Q2692,CRUTEM
https://climatekg.tibwiki.io/entity/Q77,Working Group I: Climate Change 2021 – The Physical Science Basis,https://climatekg.tibwiki.io/entity/Q2692,CRUTEM
https://climatekg.tibwiki.io/entity/Q77,Working Group I: Climate Change 2021 – The Physical Science Basis,https://climatekg.tibwiki.io/entity/Q3105,CRUTS
https://climatekg.tibwiki.io/entity/Q35,Special Report: Climate Change and Land,https://climatekg.tibwiki.io/entity/Q2693,CRV
https://climatekg.tibwiki.io/entity/Q106,"Working Group II: Climate Change 2022 – Impacts, Adaptation and Vulnerability",https://climatekg.tibwiki.io/entity/Q3407,CS
https://climatekg.tibwiki.io/entity/Q150,Working Group III: Climate Change 2022 – Mitigation of Climate Change,https://climatekg.tibwiki.io/entity/Q3407,CS
https://climatekg.tibwiki.io/entity/Q35,Special Report: Climate Change and Land,https://climatekg.tibwiki.io/entity/Q2199,CSA
https://climatekg.tibwiki.io/entity/Q10,Special Report: Global Warming of 1.5°C,https://climatekg.tibwiki.io/entity/Q2199,CSA
https://climatekg.tibwiki.io/entity/Q106,"Working Group II: Climate Change 2022 – Impacts, Adaptation and Vulnerability",https://climatekg.tibwiki.io/entity/Q2199,CSA
https://climatekg.tibwiki.io/entity/Q189,"Climate Change 2023: Synthesis Report. Contribution of Working Groups I, II and III to the Sixth Assessment Report of the Intergovernmental Panel on Climate Change",https://climatekg.tibwiki.io/entity/Q3015,CSB
https://climatekg.tibwiki.io/entity/Q10,Special Report: Global Warming of 1.5°C,https://climatekg.tibwiki.io/entity/Q2200,CSC
https://climatekg.tibwiki.io/entity/Q150,Working Group III: Climate Change 2022 – Mitigation of Climate Change,https://climatekg.tibwiki.io/entity/Q2200,CSC
https://climatekg.tibwiki.io/entity/Q10,Special Report: Global Warming of 1.5°C,https://climatekg.tibwiki.io/entity/Q2201,CSDI
https://climatekg.tibwiki.io/entity/Q106,"Working Group II: Climate Change 2022 – Impacts, Adaptation and Vulnerability",https://climatekg.tibwiki.io/entity/Q3408,CSF
https://climatekg.tibwiki.io/entity/Q150,Working Group III: Climate Change 2022 – Mitigation of Climate Change,https://climatekg.tibwiki.io/entity/Q3763,CSI
https://climatekg.tibwiki.io/entity/Q10,Special Report: Global Warming of 1.5°C,https://climatekg.tibwiki.io/entity/Q2202,CSIRO
https://climatekg.tibwiki.io/entity/Q77,Working Group I: Climate Change 2021 – The Physical Science Basis,https://climatekg.tibwiki.io/entity/Q2202,CSIRO
https://climatekg.tibwiki.io/entity/Q106,"Working Group II: Climate Change 2022 – Impacts, Adaptation and Vulnerability",https://climatekg.tibwiki.io/entity/Q2202,CSIRO
https://climatekg.tibwiki.io/entity/Q35,Special Report: Climate Change and Land,https://climatekg.tibwiki.io/entity/Q2694,CSO
https://climatekg.tibwiki.io/entity/Q106,"Working Group II: Climate Change 2022 – Impacts, Adaptation and Vulnerability",https://climatekg.tibwiki.io/entity/Q3409,CSOs
https://climatekg.tibwiki.io/entity/Q10,Special Report: Global Warming of 1.5°C,https://climatekg.tibwiki.io/entity/Q2203,CSP
https://climatekg.tibwiki.io/entity/Q150,Working Group III: Climate Change 2022 – Mitigation of Climate Change,https://climatekg.tibwiki.io/entity/Q2203,CSP
https://climatekg.tibwiki.io/entity/Q10,Special Report: Global Warming of 1.5°C,https://climatekg.tibwiki.io/entity/Q2204,CSR
https://climatekg.tibwiki.io/entity/Q106,"Working Group II: Climate Change 2022 – Impacts, Adaptation and Vulnerability",https://climatekg.tibwiki.io/entity/Q2204,CSR
https://climatekg.tibwiki.io/entity/Q150,Working Group III: Climate Change 2022 – Mitigation of Climate Change,https://climatekg.tibwiki.io/entity/Q2204,CSR
https://climatekg.tibwiki.io/entity/Q150,Working Group III: Climate Change 2022 – Mitigation of Climate Change,https://climatekg.tibwiki.io/entity/Q3764,CSSP
https://climatekg.tibwiki.io/entity/Q35,Special Report: Climate Change and Land,https://climatekg.tibwiki.io/entity/Q2695,CSV
https://climatekg.tibwiki.io/entity/Q10,Special Report: Global Warming of 1.5°C,https://climatekg.tibwiki.io/entity/Q2205,CTC
https://climatekg.tibwiki.io/entity/Q150,Working Group III: Climate Change 2022 – Mitigation of Climate Change,https://climatekg.tibwiki.io/entity/Q3765,CTCN
https://climatekg.tibwiki.io/entity/Q106,"Working Group II: Climate Change 2022 – Impacts, Adaptation and Vulnerability",https://climatekg.tibwiki.io/entity/Q3410,CVD
https://climatekg.tibwiki.io/entity/Q10,Special Report: Global Warming of 1.5°C,https://climatekg.tibwiki.io/entity/Q2206,CWD
https://climatekg.tibwiki.io/entity/Q106,"Working Group II: Climate Change 2022 – Impacts, Adaptation and Vulnerability",https://climatekg.tibwiki.io/entity/Q3411,CZ
https://climatekg.tibwiki.io/entity/Q10,Special Report: Global Warming of 1.5°C,https://climatekg.tibwiki.io/entity/Q2136,CanESM
https://climatekg.tibwiki.io/entity/Q77,Working Group I: Climate Change 2021 – The Physical Science Basis,https://climatekg.tibwiki.io/entity/Q3079,CanESM2
https://climatekg.tibwiki.io/entity/Q77,Working Group I: Climate Change 2021 – The Physical Science Basis,https://climatekg.tibwiki.io/entity/Q3080,CanESM5
https://climatekg.tibwiki.io/entity/Q10,Special Report: Global Warming of 1.5°C,https://climatekg.tibwiki.io/entity/Q2137,CanRCM
https://climatekg.tibwiki.io/entity/Q10,Special Report: Global Warming of 1.5°C,https://climatekg.tibwiki.io/entity/Q2140,Cat-HM
https://climatekg.tibwiki.io/entity/Q35,Special Report: Climate Change and Land,https://climatekg.tibwiki.io/entity/Q2141,CbA
https://climatekg.tibwiki.io/entity/Q10,Special Report: Global Warming of 1.5°C,https://climatekg.tibwiki.io/entity/Q2141,CbA
https://climatekg.tibwiki.io/entity/Q57,Special Report: The Ocean and Cryosphere in a Changing Climate,https://climatekg.tibwiki.io/entity/Q2141,CbA
https://climatekg.tibwiki.io/entity/Q106,"Working Group II: Climate Change 2022 – Impacts, Adaptation and Vulnerability",https://climatekg.tibwiki.io/entity/Q2141,CbA
https://climatekg.tibwiki.io/entity/Q150,Working Group III: Climate Change 2022 – Mitigation of Climate Change,https://climatekg.tibwiki.io/entity/Q2141,CbA
https://climatekg.tibwiki.io/entity/Q150,Working Group III: Climate Change 2022 – Mitigation of Climate Change,https://climatekg.tibwiki.io/entity/Q3745,CfD
https://climatekg.tibwiki.io/entity/Q106,"Working Group II: Climate Change 2022 – Impacts, Adaptation and Vulnerability",https://climatekg.tibwiki.io/entity/Q3391,CoA
https://climatekg.tibwiki.io/entity/Q10,Special Report: Global Warming of 1.5°C,https://climatekg.tibwiki.io/entity/Q2188,CoM
https://climatekg.tibwiki.io/entity/Q57,Special Report: The Ocean and Cryosphere in a Changing Climate,https://climatekg.tibwiki.io/entity/Q2918,CoSMoS
https://climatekg.tibwiki.io/entity/Q150,Working Group III: Climate Change 2022 – Mitigation of Climate Change,https://climatekg.tibwiki.io/entity/Q3766,CurPol
https://climatekg.tibwiki.io/entity/Q106,"Working Group II: Climate Change 2022 – Impacts, Adaptation and Vulnerability",https://climatekg.tibwiki.io/entity/Q3412,DAC
https://climatekg.tibwiki.io/entity/Q150,Working Group III: Climate Change 2022 – Mitigation of Climate Change,https://climatekg.tibwiki.io/entity/Q3412,DAC
https://climatekg.tibwiki.io/entity/Q189,"Climate Change 2023: Synthesis Report. Contribution of Working Groups I, II and III to the Sixth Assessment Report of the Intergovernmental Panel on Climate Change",https://climatekg.tibwiki.io/entity/Q2207,DACCS
https://climatekg.tibwiki.io/entity/Q10,Special Report: Global Warming of 1.5°C,https://climatekg.tibwiki.io/entity/Q2207,DACCS
https://climatekg.tibwiki.io/entity/Q77,Working Group I: Climate Change 2021 – The Physical Science Basis,https://climatekg.tibwiki.io/entity/Q2207,DACCS
https://climatekg.tibwiki.io/entity/Q106,"Working Group II: Climate Change 2022 – Impacts, Adaptation and Vulnerability",https://climatekg.tibwiki.io/entity/Q2207,DACCS
https://climatekg.tibwiki.io/entity/Q150,Working Group III: Climate Change 2022 – Mitigation of Climate Change,https://climatekg.tibwiki.io/entity/Q2207,DACCS
https://climatekg.tibwiki.io/entity/Q150,Working Group III: Climate Change 2022 – Mitigation of Climate Change,https://climatekg.tibwiki.io/entity/Q3767,DACCU
https://climatekg.tibwiki.io/entity/Q10,Special Report: Global Warming of 1.5°C,https://climatekg.tibwiki.io/entity/Q2208,DACS
https://climatekg.tibwiki.io/entity/Q106,"Working Group II: Climate Change 2022 – Impacts, Adaptation and Vulnerability",https://climatekg.tibwiki.io/entity/Q3413,DAE
https://climatekg.tibwiki.io/entity/Q106,"Working Group II: Climate Change 2022 – Impacts, Adaptation and Vulnerability",https://climatekg.tibwiki.io/entity/Q3414,DAI
https://climatekg.tibwiki.io/entity/Q35,Special Report: Climate Change and Land,https://climatekg.tibwiki.io/entity/Q2209,DALY
https://climatekg.tibwiki.io/entity/Q10,Special Report: Global Warming of 1.5°C,https://climatekg.tibwiki.io/entity/Q2209,DALY
https://climatekg.tibwiki.io/entity/Q106,"Working Group II: Climate Change 2022 – Impacts, Adaptation and Vulnerability",https://climatekg.tibwiki.io/entity/Q2209,DALY
https://climatekg.tibwiki.io/entity/Q150,Working Group III: Climate Change 2022 – Mitigation of Climate Change,https://climatekg.tibwiki.io/entity/Q2209,DALY
https://climatekg.tibwiki.io/entity/Q77,Working Group I: Climate Change 2021 – The Physical Science Basis,https://climatekg.tibwiki.io/entity/Q3106,DAMIP
https://climatekg.tibwiki.io/entity/Q106,"Working Group II: Climate Change 2022 – Impacts, Adaptation and Vulnerability",https://climatekg.tibwiki.io/entity/Q3415,DAPP
https://climatekg.tibwiki.io/entity/Q106,"Working Group II: Climate Change 2022 – Impacts, Adaptation and Vulnerability",https://climatekg.tibwiki.io/entity/Q3416,DBH
https://climatekg.tibwiki.io/entity/Q150,Working Group III: Climate Change 2022 – Mitigation of Climate Change,https://climatekg.tibwiki.io/entity/Q3416,DBH
https://climatekg.tibwiki.io/entity/Q150,Working Group III: Climate Change 2022 – Mitigation of Climate Change,https://climatekg.tibwiki.io/entity/Q3768,DC
https://climatekg.tibwiki.io/entity/Q106,"Working Group II: Climate Change 2022 – Impacts, Adaptation and Vulnerability",https://climatekg.tibwiki.io/entity/Q3417,DCCEE
https://climatekg.tibwiki.io/entity/Q77,Working Group I: Climate Change 2021 – The Physical Science Basis,https://climatekg.tibwiki.io/entity/Q3107,DCPP
https://climatekg.tibwiki.io/entity/Q57,Special Report: The Ocean and Cryosphere in a Changing Climate,https://climatekg.tibwiki.io/entity/Q2922,DDT
https://climatekg.tibwiki.io/entity/Q106,"Working Group II: Climate Change 2022 – Impacts, Adaptation and Vulnerability",https://climatekg.tibwiki.io/entity/Q3418,DE
https://climatekg.tibwiki.io/entity/Q106,"Working Group II: Climate Change 2022 – Impacts, Adaptation and Vulnerability",https://climatekg.tibwiki.io/entity/Q3419,DEA
https://climatekg.tibwiki.io/entity/Q77,Working Group I: Climate Change 2021 – The Physical Science Basis,https://climatekg.tibwiki.io/entity/Q3108,DECK
https://climatekg.tibwiki.io/entity/Q106,"Working Group II: Climate Change 2022 – Impacts, Adaptation and Vulnerability",https://climatekg.tibwiki.io/entity/Q3420,DEHP
https://climatekg.tibwiki.io/entity/Q106,"Working Group II: Climate Change 2022 – Impacts, Adaptation and Vulnerability",https://climatekg.tibwiki.io/entity/Q3421,DELWP
https://climatekg.tibwiki.io/entity/Q106,"Working Group II: Climate Change 2022 – Impacts, Adaptation and Vulnerability",https://climatekg.tibwiki.io/entity/Q3422,DEM
https://climatekg.tibwiki.io/entity/Q106,"Working Group II: Climate Change 2022 – Impacts, Adaptation and Vulnerability",https://climatekg.tibwiki.io/entity/Q3423,DENR
https://climatekg.tibwiki.io/entity/Q35,Special Report: Climate Change and Land,https://climatekg.tibwiki.io/entity/Q2696,DERM
https://climatekg.tibwiki.io/entity/Q106,"Working Group II: Climate Change 2022 – Impacts, Adaptation and Vulnerability",https://climatekg.tibwiki.io/entity/Q3424,DES
https://climatekg.tibwiki.io/entity/Q106,"Working Group II: Climate Change 2022 – Impacts, Adaptation and Vulnerability",https://climatekg.tibwiki.io/entity/Q3425,DESA
https://climatekg.tibwiki.io/entity/Q35,Special Report: Climate Change and Land,https://climatekg.tibwiki.io/entity/Q2697,DESIRE
https://climatekg.tibwiki.io/entity/Q77,Working Group I: Climate Change 2021 – The Physical Science Basis,https://climatekg.tibwiki.io/entity/Q3110,DF
https://climatekg.tibwiki.io/entity/Q106,"Working Group II: Climate Change 2022 – Impacts, Adaptation and Vulnerability",https://climatekg.tibwiki.io/entity/Q3426,DFIs
https://climatekg.tibwiki.io/entity/Q35,Special Report: Climate Change and Land,https://climatekg.tibwiki.io/entity/Q2698,DGVM
https://climatekg.tibwiki.io/entity/Q77,Working Group I: Climate Change 2021 – The Physical Science Basis,https://climatekg.tibwiki.io/entity/Q2698,DGVM
https://climatekg.tibwiki.io/entity/Q150,Working Group III: Climate Change 2022 – Mitigation of Climate Change,https://climatekg.tibwiki.io/entity/Q2698,DGVM
https://climatekg.tibwiki.io/entity/Q106,"Working Group II: Climate Change 2022 – Impacts, Adaptation and Vulnerability",https://climatekg.tibwiki.io/entity/Q3427,DGVMs
https://climatekg.tibwiki.io/entity/Q57,Special Report: The Ocean and Cryosphere in a Changing Climate,https://climatekg.tibwiki.io/entity/Q2923,DHW
https://climatekg.tibwiki.io/entity/Q106,"Working Group II: Climate Change 2022 – Impacts, Adaptation and Vulnerability",https://climatekg.tibwiki.io/entity/Q2923,DHW
https://climatekg.tibwiki.io/entity/Q77,Working Group I: Climate Change 2021 – The Physical Science Basis,https://climatekg.tibwiki.io/entity/Q3111,DI
https://climatekg.tibwiki.io/entity/Q57,Special Report: The Ocean and Cryosphere in a Changing Climate,https://climatekg.tibwiki.io/entity/Q2924,DIC
https://climatekg.tibwiki.io/entity/Q77,Working Group I: Climate Change 2021 – The Physical Science Basis,https://climatekg.tibwiki.io/entity/Q2924,DIC
https://climatekg.tibwiki.io/entity/Q10,Special Report: Global Warming of 1.5°C,https://climatekg.tibwiki.io/entity/Q2210,DICE
https://climatekg.tibwiki.io/entity/Q106,"Working Group II: Climate Change 2022 – Impacts, Adaptation and Vulnerability",https://climatekg.tibwiki.io/entity/Q3428,DINA
https://climatekg.tibwiki.io/entity/Q106,"Working Group II: Climate Change 2022 – Impacts, Adaptation and Vulnerability",https://climatekg.tibwiki.io/entity/Q3429,DISER
https://climatekg.tibwiki.io/entity/Q106,"Working Group II: Climate Change 2022 – Impacts, Adaptation and Vulnerability",https://climatekg.tibwiki.io/entity/Q3430,DIY
https://climatekg.tibwiki.io/entity/Q35,Special Report: Climate Change and Land,https://climatekg.tibwiki.io/entity/Q2211,DJF
https://climatekg.tibwiki.io/entity/Q10,Special Report: Global Warming of 1.5°C,https://climatekg.tibwiki.io/entity/Q2211,DJF
https://climatekg.tibwiki.io/entity/Q57,Special Report: The Ocean and Cryosphere in a Changing Climate,https://climatekg.tibwiki.io/entity/Q2211,DJF
https://climatekg.tibwiki.io/entity/Q77,Working Group I: Climate Change 2021 – The Physical Science Basis,https://climatekg.tibwiki.io/entity/Q2211,DJF
https://climatekg.tibwiki.io/entity/Q77,Working Group I: Climate Change 2021 – The Physical Science Basis,https://climatekg.tibwiki.io/entity/Q3112,DJFM
https://climatekg.tibwiki.io/entity/Q150,Working Group III: Climate Change 2022 – Mitigation of Climate Change,https://climatekg.tibwiki.io/entity/Q3769,DLS
https://climatekg.tibwiki.io/entity/Q10,Special Report: Global Warming of 1.5°C,https://climatekg.tibwiki.io/entity/Q2212,DM8H
https://climatekg.tibwiki.io/entity/Q106,"Working Group II: Climate Change 2022 – Impacts, Adaptation and Vulnerability",https://climatekg.tibwiki.io/entity/Q3431,DMDU
https://climatekg.tibwiki.io/entity/Q35,Special Report: Climate Change and Land,https://climatekg.tibwiki.io/entity/Q2699,DMP
https://climatekg.tibwiki.io/entity/Q77,Working Group I: Climate Change 2021 – The Physical Science Basis,https://climatekg.tibwiki.io/entity/Q3113,DMS
https://climatekg.tibwiki.io/entity/Q10,Special Report: Global Warming of 1.5°C,https://climatekg.tibwiki.io/entity/Q2213,DNE21+
https://climatekg.tibwiki.io/entity/Q57,Special Report: The Ocean and Cryosphere in a Changing Climate,https://climatekg.tibwiki.io/entity/Q2925,DO
https://climatekg.tibwiki.io/entity/Q57,Special Report: The Ocean and Cryosphere in a Changing Climate,https://climatekg.tibwiki.io/entity/Q2926,DOC
https://climatekg.tibwiki.io/entity/Q106,"Working Group II: Climate Change 2022 – Impacts, Adaptation and Vulnerability",https://climatekg.tibwiki.io/entity/Q2926,DOC
https://climatekg.tibwiki.io/entity/Q35,Special Report: Climate Change and Land,https://climatekg.tibwiki.io/entity/Q2700,DOD
https://climatekg.tibwiki.io/entity/Q10,Special Report: Global Warming of 1.5°C,https://climatekg.tibwiki.io/entity/Q2214,DOE
https://climatekg.tibwiki.io/entity/Q106,"Working Group II: Climate Change 2022 – Impacts, Adaptation and Vulnerability",https://climatekg.tibwiki.io/entity/Q3432,DOM
https://climatekg.tibwiki.io/entity/Q106,"Working Group II: Climate Change 2022 – Impacts, Adaptation and Vulnerability",https://climatekg.tibwiki.io/entity/Q3433,DRC
https://climatekg.tibwiki.io/entity/Q106,"Working Group II: Climate Change 2022 – Impacts, Adaptation and Vulnerability",https://climatekg.tibwiki.io/entity/Q3434,DRFIP
https://climatekg.tibwiki.io/entity/Q10,Special Report: Global Warming of 1.5°C,https://climatekg.tibwiki.io/entity/Q2215,DRI
https://climatekg.tibwiki.io/entity/Q150,Working Group III: Climate Change 2022 – Mitigation of Climate Change,https://climatekg.tibwiki.io/entity/Q2215,DRI
https://climatekg.tibwiki.io/entity/Q189,"Climate Change 2023: Synthesis Report. Contribution of Working Groups I, II and III to the Sixth Assessment Report of the Intergovernmental Panel on Climate Change",https://climatekg.tibwiki.io/entity/Q2216,DRM
https://climatekg.tibwiki.io/entity/Q35,Special Report: Climate Change and Land,https://climatekg.tibwiki.io/entity/Q2216,DRM
https://climatekg.tibwiki.io/entity/Q10,Special Report: Global Warming of 1.5°C,https://climatekg.tibwiki.io/entity/Q2216,DRM
https://climatekg.tibwiki.io/entity/Q57,Special Report: The Ocean and Cryosphere in a Changing Climate,https://climatekg.tibwiki.io/entity/Q2216,DRM
https://climatekg.tibwiki.io/entity/Q106,"Working Group II: Climate Change 2022 – Impacts, Adaptation and Vulnerability",https://climatekg.tibwiki.io/entity/Q2216,DRM
https://climatekg.tibwiki.io/entity/Q35,Special Report: Climate Change and Land,https://climatekg.tibwiki.io/entity/Q2701,DRR
https://climatekg.tibwiki.io/entity/Q106,"Working Group II: Climate Change 2022 – Impacts, Adaptation and Vulnerability",https://climatekg.tibwiki.io/entity/Q2701,DRR
https://climatekg.tibwiki.io/entity/Q57,Special Report: The Ocean and Cryosphere in a Changing Climate,https://climatekg.tibwiki.io/entity/Q2927,DSL
https://climatekg.tibwiki.io/entity/Q150,Working Group III: Climate Change 2022 – Mitigation of Climate Change,https://climatekg.tibwiki.io/entity/Q3770,DSM
https://climatekg.tibwiki.io/entity/Q106,"Working Group II: Climate Change 2022 – Impacts, Adaptation and Vulnerability",https://climatekg.tibwiki.io/entity/Q3435,DSR
https://climatekg.tibwiki.io/entity/Q77,Working Group I: Climate Change 2021 – The Physical Science Basis,https://climatekg.tibwiki.io/entity/Q3114,DTR
https://climatekg.tibwiki.io/entity/Q10,Special Report: Global Warming of 1.5°C,https://climatekg.tibwiki.io/entity/Q2217,DTU
https://climatekg.tibwiki.io/entity/Q77,Working Group I: Climate Change 2021 – The Physical Science Basis,https://climatekg.tibwiki.io/entity/Q3115,DU
https://climatekg.tibwiki.io/entity/Q150,Working Group III: Climate Change 2022 – Mitigation of Climate Change,https://climatekg.tibwiki.io/entity/Q3771,DWM
https://climatekg.tibwiki.io/entity/Q77,Working Group I: Climate Change 2021 – The Physical Science Basis,https://climatekg.tibwiki.io/entity/Q3109,DeepMIP
https://climatekg.tibwiki.io/entity/Q10,Special Report: Global Warming of 1.5°C,https://climatekg.tibwiki.io/entity/Q2218,E
https://climatekg.tibwiki.io/entity/Q106,"Working Group II: Climate Change 2022 – Impacts, Adaptation and Vulnerability",https://climatekg.tibwiki.io/entity/Q2218,E
https://climatekg.tibwiki.io/entity/Q10,Special Report: Global Warming of 1.5°C,https://climatekg.tibwiki.io/entity/Q2230,E-HYPE
https://climatekg.tibwiki.io/entity/Q57,Special Report: The Ocean and Cryosphere in a Changing Climate,https://climatekg.tibwiki.io/entity/Q2928,EAD
https://climatekg.tibwiki.io/entity/Q106,"Working Group II: Climate Change 2022 – Impacts, Adaptation and Vulnerability",https://climatekg.tibwiki.io/entity/Q2928,EAD
https://climatekg.tibwiki.io/entity/Q10,Special Report: Global Warming of 1.5°C,https://climatekg.tibwiki.io/entity/Q2219,EAF
https://climatekg.tibwiki.io/entity/Q150,Working Group III: Climate Change 2022 – Mitigation of Climate Change,https://climatekg.tibwiki.io/entity/Q2219,EAF
https://climatekg.tibwiki.io/entity/Q10,Special Report: Global Warming of 1.5°C,https://climatekg.tibwiki.io/entity/Q2220,EAIS
https://climatekg.tibwiki.io/entity/Q57,Special Report: The Ocean and Cryosphere in a Changing Climate,https://climatekg.tibwiki.io/entity/Q2220,EAIS
https://climatekg.tibwiki.io/entity/Q77,Working Group I: Climate Change 2021 – The Physical Science Basis,https://climatekg.tibwiki.io/entity/Q2220,EAIS
https://climatekg.tibwiki.io/entity/Q106,"Working Group II: Climate Change 2022 – Impacts, Adaptation and Vulnerability",https://climatekg.tibwiki.io/entity/Q2220,EAIS
https://climatekg.tibwiki.io/entity/Q77,Working Group I: Climate Change 2021 – The Physical Science Basis,https://climatekg.tibwiki.io/entity/Q3116,EAN
https://climatekg.tibwiki.io/entity/Q77,Working Group I: Climate Change 2021 – The Physical Science Basis,https://climatekg.tibwiki.io/entity/Q3117,EAO
https://climatekg.tibwiki.io/entity/Q10,Special Report: Global Warming of 1.5°C,https://climatekg.tibwiki.io/entity/Q2221,EAS
https://climatekg.tibwiki.io/entity/Q77,Working Group I: Climate Change 2021 – The Physical Science Basis,https://climatekg.tibwiki.io/entity/Q2221,EAS
https://climatekg.tibwiki.io/entity/Q77,Working Group I: Climate Change 2021 – The Physical Science Basis,https://climatekg.tibwiki.io/entity/Q3119,EASM
https://climatekg.tibwiki.io/entity/Q77,Working Group I: Climate Change 2021 – The Physical Science Basis,https://climatekg.tibwiki.io/entity/Q3120,EAU
https://climatekg.tibwiki.io/entity/Q77,Working Group I: Climate Change 2021 – The Physical Science Basis,https://climatekg.tibwiki.io/entity/Q3121,EAWM
https://climatekg.tibwiki.io/entity/Q77,Working Group I: Climate Change 2021 – The Physical Science Basis,https://climatekg.tibwiki.io/entity/Q3118,EAsiaM
https://climatekg.tibwiki.io/entity/Q77,Working Group I: Climate Change 2021 – The Physical Science Basis,https://climatekg.tibwiki.io/entity/Q3122,EBAF
https://climatekg.tibwiki.io/entity/Q150,Working Group III: Climate Change 2022 – Mitigation of Climate Change,https://climatekg.tibwiki.io/entity/Q3773,EBEs
https://climatekg.tibwiki.io/entity/Q77,Working Group I: Climate Change 2021 – The Physical Science Basis,https://climatekg.tibwiki.io/entity/Q3123,EBM
https://climatekg.tibwiki.io/entity/Q106,"Working Group II: Climate Change 2022 – Impacts, Adaptation and Vulnerability",https://climatekg.tibwiki.io/entity/Q3123,EBM
https://climatekg.tibwiki.io/entity/Q106,"Working Group II: Climate Change 2022 – Impacts, Adaptation and Vulnerability",https://climatekg.tibwiki.io/entity/Q3436,EBS
https://climatekg.tibwiki.io/entity/Q106,"Working Group II: Climate Change 2022 – Impacts, Adaptation and Vulnerability",https://climatekg.tibwiki.io/entity/Q3437,EBSA
https://climatekg.tibwiki.io/entity/Q57,Special Report: The Ocean and Cryosphere in a Changing Climate,https://climatekg.tibwiki.io/entity/Q2929,EBUS
https://climatekg.tibwiki.io/entity/Q77,Working Group I: Climate Change 2021 – The Physical Science Basis,https://climatekg.tibwiki.io/entity/Q2929,EBUS
https://climatekg.tibwiki.io/entity/Q106,"Working Group II: Climate Change 2022 – Impacts, Adaptation and Vulnerability",https://climatekg.tibwiki.io/entity/Q2929,EBUS
https://climatekg.tibwiki.io/entity/Q35,Special Report: Climate Change and Land,https://climatekg.tibwiki.io/entity/Q2223,EC
https://climatekg.tibwiki.io/entity/Q10,Special Report: Global Warming of 1.5°C,https://climatekg.tibwiki.io/entity/Q2223,EC
https://climatekg.tibwiki.io/entity/Q106,"Working Group II: Climate Change 2022 – Impacts, Adaptation and Vulnerability",https://climatekg.tibwiki.io/entity/Q2223,EC
https://climatekg.tibwiki.io/entity/Q35,Special Report: Climate Change and Land,https://climatekg.tibwiki.io/entity/Q2702,ECA
https://climatekg.tibwiki.io/entity/Q106,"Working Group II: Climate Change 2022 – Impacts, Adaptation and Vulnerability",https://climatekg.tibwiki.io/entity/Q3438,ECB
https://climatekg.tibwiki.io/entity/Q10,Special Report: Global Warming of 1.5°C,https://climatekg.tibwiki.io/entity/Q2224,ECF
https://climatekg.tibwiki.io/entity/Q10,Special Report: Global Warming of 1.5°C,https://climatekg.tibwiki.io/entity/Q2225,ECMWF
https://climatekg.tibwiki.io/entity/Q57,Special Report: The Ocean and Cryosphere in a Changing Climate,https://climatekg.tibwiki.io/entity/Q2225,ECMWF
https://climatekg.tibwiki.io/entity/Q77,Working Group I: Climate Change 2021 – The Physical Science Basis,https://climatekg.tibwiki.io/entity/Q2225,ECMWF
https://climatekg.tibwiki.io/entity/Q106,"Working Group II: Climate Change 2022 – Impacts, Adaptation and Vulnerability",https://climatekg.tibwiki.io/entity/Q3439,ECOSOC
https://climatekg.tibwiki.io/entity/Q57,Special Report: The Ocean and Cryosphere in a Changing Climate,https://climatekg.tibwiki.io/entity/Q2930,ECP
https://climatekg.tibwiki.io/entity/Q189,"Climate Change 2023: Synthesis Report. Contribution of Working Groups I, II and III to the Sixth Assessment Report of the Intergovernmental Panel on Climate Change",https://climatekg.tibwiki.io/entity/Q2226,ECS
https://climatekg.tibwiki.io/entity/Q10,Special Report: Global Warming of 1.5°C,https://climatekg.tibwiki.io/entity/Q2226,ECS
https://climatekg.tibwiki.io/entity/Q77,Working Group I: Climate Change 2021 – The Physical Science Basis,https://climatekg.tibwiki.io/entity/Q2226,ECS
https://climatekg.tibwiki.io/entity/Q106,"Working Group II: Climate Change 2022 – Impacts, Adaptation and Vulnerability",https://climatekg.tibwiki.io/entity/Q2226,ECS
https://climatekg.tibwiki.io/entity/Q77,Working Group I: Climate Change 2021 – The Physical Science Basis,https://climatekg.tibwiki.io/entity/Q3124,ECV
https://climatekg.tibwiki.io/entity/Q77,Working Group I: Climate Change 2021 – The Physical Science Basis,https://climatekg.tibwiki.io/entity/Q3125,ECWL
https://climatekg.tibwiki.io/entity/Q106,"Working Group II: Climate Change 2022 – Impacts, Adaptation and Vulnerability",https://climatekg.tibwiki.io/entity/Q3125,ECWL
https://climatekg.tibwiki.io/entity/Q106,"Working Group II: Climate Change 2022 – Impacts, Adaptation and Vulnerability",https://climatekg.tibwiki.io/entity/Q3440,EDCD
https://climatekg.tibwiki.io/entity/Q35,Special Report: Climate Change and Land,https://climatekg.tibwiki.io/entity/Q2227,EDGAR
https://climatekg.tibwiki.io/entity/Q10,Special Report: Global Warming of 1.5°C,https://climatekg.tibwiki.io/entity/Q2227,EDGAR
https://climatekg.tibwiki.io/entity/Q150,Working Group III: Climate Change 2022 – Mitigation of Climate Change,https://climatekg.tibwiki.io/entity/Q2227,EDGAR
https://climatekg.tibwiki.io/entity/Q150,Working Group III: Climate Change 2022 – Mitigation of Climate Change,https://climatekg.tibwiki.io/entity/Q3774,EDLC
https://climatekg.tibwiki.io/entity/Q106,"Working Group II: Climate Change 2022 – Impacts, Adaptation and Vulnerability",https://climatekg.tibwiki.io/entity/Q3441,EDRM
https://climatekg.tibwiki.io/entity/Q57,Special Report: The Ocean and Cryosphere in a Changing Climate,https://climatekg.tibwiki.io/entity/Q2931,EDW
https://climatekg.tibwiki.io/entity/Q77,Working Group I: Climate Change 2021 – The Physical Science Basis,https://climatekg.tibwiki.io/entity/Q2931,EDW
https://climatekg.tibwiki.io/entity/Q35,Special Report: Climate Change and Land,https://climatekg.tibwiki.io/entity/Q2228,EEA
https://climatekg.tibwiki.io/entity/Q10,Special Report: Global Warming of 1.5°C,https://climatekg.tibwiki.io/entity/Q2228,EEA
https://climatekg.tibwiki.io/entity/Q106,"Working Group II: Climate Change 2022 – Impacts, Adaptation and Vulnerability",https://climatekg.tibwiki.io/entity/Q2228,EEA
https://climatekg.tibwiki.io/entity/Q150,Working Group III: Climate Change 2022 – Mitigation of Climate Change,https://climatekg.tibwiki.io/entity/Q2228,EEA
https://climatekg.tibwiki.io/entity/Q77,Working Group I: Climate Change 2021 – The Physical Science Basis,https://climatekg.tibwiki.io/entity/Q3126,EECO
https://climatekg.tibwiki.io/entity/Q150,Working Group III: Climate Change 2022 – Mitigation of Climate Change,https://climatekg.tibwiki.io/entity/Q3775,EED
https://climatekg.tibwiki.io/entity/Q150,Working Group III: Climate Change 2022 – Mitigation of Climate Change,https://climatekg.tibwiki.io/entity/Q3776,EEDI
https://climatekg.tibwiki.io/entity/Q150,Working Group III: Climate Change 2022 – Mitigation of Climate Change,https://climatekg.tibwiki.io/entity/Q3777,EEE
https://climatekg.tibwiki.io/entity/Q150,Working Group III: Climate Change 2022 – Mitigation of Climate Change,https://climatekg.tibwiki.io/entity/Q3778,EEI
https://climatekg.tibwiki.io/entity/Q150,Working Group III: Climate Change 2022 – Mitigation of Climate Change,https://climatekg.tibwiki.io/entity/Q3779,EEM
https://climatekg.tibwiki.io/entity/Q150,Working Group III: Climate Change 2022 – Mitigation of Climate Change,https://climatekg.tibwiki.io/entity/Q3780,EES
https://climatekg.tibwiki.io/entity/Q150,Working Group III: Climate Change 2022 – Mitigation of Climate Change,https://climatekg.tibwiki.io/entity/Q3781,EET
https://climatekg.tibwiki.io/entity/Q77,Working Group I: Climate Change 2021 – The Physical Science Basis,https://climatekg.tibwiki.io/entity/Q3127,EEU
https://climatekg.tibwiki.io/entity/Q106,"Working Group II: Climate Change 2022 – Impacts, Adaptation and Vulnerability",https://climatekg.tibwiki.io/entity/Q3127,EEU
https://climatekg.tibwiki.io/entity/Q150,Working Group III: Climate Change 2022 – Mitigation of Climate Change,https://climatekg.tibwiki.io/entity/Q3782,EEXI
https://climatekg.tibwiki.io/entity/Q57,Special Report: The Ocean and Cryosphere in a Changing Climate,https://climatekg.tibwiki.io/entity/Q2932,EEZ
https://climatekg.tibwiki.io/entity/Q106,"Working Group II: Climate Change 2022 – Impacts, Adaptation and Vulnerability",https://climatekg.tibwiki.io/entity/Q2932,EEZ
https://climatekg.tibwiki.io/entity/Q35,Special Report: Climate Change and Land,https://climatekg.tibwiki.io/entity/Q2703,EF
https://climatekg.tibwiki.io/entity/Q150,Working Group III: Climate Change 2022 – Mitigation of Climate Change,https://climatekg.tibwiki.io/entity/Q2703,EF
https://climatekg.tibwiki.io/entity/Q106,"Working Group II: Climate Change 2022 – Impacts, Adaptation and Vulnerability",https://climatekg.tibwiki.io/entity/Q3442,EFRs
https://climatekg.tibwiki.io/entity/Q35,Special Report: Climate Change and Land,https://climatekg.tibwiki.io/entity/Q2704,EFSA
https://climatekg.tibwiki.io/entity/Q35,Special Report: Climate Change and Land,https://climatekg.tibwiki.io/entity/Q2705,EFT
https://climatekg.tibwiki.io/entity/Q10,Special Report: Global Warming of 1.5°C,https://climatekg.tibwiki.io/entity/Q2229,EGMAM
https://climatekg.tibwiki.io/entity/Q150,Working Group III: Climate Change 2022 – Mitigation of Climate Change,https://climatekg.tibwiki.io/entity/Q3783,EGR
https://climatekg.tibwiki.io/entity/Q150,Working Group III: Climate Change 2022 – Mitigation of Climate Change,https://climatekg.tibwiki.io/entity/Q3784,EGTT
https://climatekg.tibwiki.io/entity/Q106,"Working Group II: Climate Change 2022 – Impacts, Adaptation and Vulnerability",https://climatekg.tibwiki.io/entity/Q3443,EIA
https://climatekg.tibwiki.io/entity/Q150,Working Group III: Climate Change 2022 – Mitigation of Climate Change,https://climatekg.tibwiki.io/entity/Q3785,EIMs
https://climatekg.tibwiki.io/entity/Q77,Working Group I: Climate Change 2021 – The Physical Science Basis,https://climatekg.tibwiki.io/entity/Q3129,EIO
https://climatekg.tibwiki.io/entity/Q150,Working Group III: Climate Change 2022 – Mitigation of Climate Change,https://climatekg.tibwiki.io/entity/Q3786,EIP
https://climatekg.tibwiki.io/entity/Q10,Special Report: Global Warming of 1.5°C,https://climatekg.tibwiki.io/entity/Q2231,EJ
https://climatekg.tibwiki.io/entity/Q150,Working Group III: Climate Change 2022 – Mitigation of Climate Change,https://climatekg.tibwiki.io/entity/Q2231,EJ
https://climatekg.tibwiki.io/entity/Q106,"Working Group II: Climate Change 2022 – Impacts, Adaptation and Vulnerability",https://climatekg.tibwiki.io/entity/Q3444,EKC
https://climatekg.tibwiki.io/entity/Q35,Special Report: Climate Change and Land,https://climatekg.tibwiki.io/entity/Q2706,ELD
https://climatekg.tibwiki.io/entity/Q150,Working Group III: Climate Change 2022 – Mitigation of Climate Change,https://climatekg.tibwiki.io/entity/Q3787,ELUC
https://climatekg.tibwiki.io/entity/Q35,Special Report: Climate Change and Land,https://climatekg.tibwiki.io/entity/Q2707,EM-DAT
https://climatekg.tibwiki.io/entity/Q150,Working Group III: Climate Change 2022 – Mitigation of Climate Change,https://climatekg.tibwiki.io/entity/Q3788,EMAS
https://climatekg.tibwiki.io/entity/Q10,Special Report: Global Warming of 1.5°C,https://climatekg.tibwiki.io/entity/Q2232,EMEP
https://climatekg.tibwiki.io/entity/Q10,Special Report: Global Warming of 1.5°C,https://climatekg.tibwiki.io/entity/Q2233,EMF
https://climatekg.tibwiki.io/entity/Q10,Special Report: Global Warming of 1.5°C,https://climatekg.tibwiki.io/entity/Q2234,EMIC
https://climatekg.tibwiki.io/entity/Q77,Working Group I: Climate Change 2021 – The Physical Science Basis,https://climatekg.tibwiki.io/entity/Q2234,EMIC
https://climatekg.tibwiki.io/entity/Q10,Special Report: Global Warming of 1.5°C,https://climatekg.tibwiki.io/entity/Q2235,ENA
https://climatekg.tibwiki.io/entity/Q77,Working Group I: Climate Change 2021 – The Physical Science Basis,https://climatekg.tibwiki.io/entity/Q2235,ENA
https://climatekg.tibwiki.io/entity/Q106,"Working Group II: Climate Change 2022 – Impacts, Adaptation and Vulnerability",https://climatekg.tibwiki.io/entity/Q3445,ENACTS
https://climatekg.tibwiki.io/entity/Q35,Special Report: Climate Change and Land,https://climatekg.tibwiki.io/entity/Q2236,ENSO
https://climatekg.tibwiki.io/entity/Q10,Special Report: Global Warming of 1.5°C,https://climatekg.tibwiki.io/entity/Q2236,ENSO
https://climatekg.tibwiki.io/entity/Q57,Special Report: The Ocean and Cryosphere in a Changing Climate,https://climatekg.tibwiki.io/entity/Q2236,ENSO
https://climatekg.tibwiki.io/entity/Q77,Working Group I: Climate Change 2021 – The Physical Science Basis,https://climatekg.tibwiki.io/entity/Q2236,ENSO
https://climatekg.tibwiki.io/entity/Q106,"Working Group II: Climate Change 2022 – Impacts, Adaptation and Vulnerability",https://climatekg.tibwiki.io/entity/Q2236,ENSO
https://climatekg.tibwiki.io/entity/Q77,Working Group I: Climate Change 2021 – The Physical Science Basis,https://climatekg.tibwiki.io/entity/Q3130,EOF
https://climatekg.tibwiki.io/entity/Q10,Special Report: Global Warming of 1.5°C,https://climatekg.tibwiki.io/entity/Q2237,EOR
https://climatekg.tibwiki.io/entity/Q77,Working Group I: Climate Change 2021 – The Physical Science Basis,https://climatekg.tibwiki.io/entity/Q3131,EOV
https://climatekg.tibwiki.io/entity/Q77,Working Group I: Climate Change 2021 – The Physical Science Basis,https://climatekg.tibwiki.io/entity/Q3132,EP
https://climatekg.tibwiki.io/entity/Q106,"Working Group II: Climate Change 2022 – Impacts, Adaptation and Vulnerability",https://climatekg.tibwiki.io/entity/Q3132,EP
https://climatekg.tibwiki.io/entity/Q35,Special Report: Climate Change and Land,https://climatekg.tibwiki.io/entity/Q2238,EPA
https://climatekg.tibwiki.io/entity/Q10,Special Report: Global Warming of 1.5°C,https://climatekg.tibwiki.io/entity/Q2238,EPA
https://climatekg.tibwiki.io/entity/Q77,Working Group I: Climate Change 2021 – The Physical Science Basis,https://climatekg.tibwiki.io/entity/Q2238,EPA
https://climatekg.tibwiki.io/entity/Q150,Working Group III: Climate Change 2022 – Mitigation of Climate Change,https://climatekg.tibwiki.io/entity/Q3790,EPBD
https://climatekg.tibwiki.io/entity/Q150,Working Group III: Climate Change 2022 – Mitigation of Climate Change,https://climatekg.tibwiki.io/entity/Q3791,EPCs
https://climatekg.tibwiki.io/entity/Q150,Working Group III: Climate Change 2022 – Mitigation of Climate Change,https://climatekg.tibwiki.io/entity/Q3789,EPD
https://climatekg.tibwiki.io/entity/Q10,Special Report: Global Warming of 1.5°C,https://climatekg.tibwiki.io/entity/Q2239,EPIs
https://climatekg.tibwiki.io/entity/Q77,Working Group I: Climate Change 2021 – The Physical Science Basis,https://climatekg.tibwiki.io/entity/Q3133,EPO
https://climatekg.tibwiki.io/entity/Q150,Working Group III: Climate Change 2022 – Mitigation of Climate Change,https://climatekg.tibwiki.io/entity/Q3793,EPR
https://climatekg.tibwiki.io/entity/Q150,Working Group III: Climate Change 2022 – Mitigation of Climate Change,https://climatekg.tibwiki.io/entity/Q3792,EPS
https://climatekg.tibwiki.io/entity/Q10,Special Report: Global Warming of 1.5°C,https://climatekg.tibwiki.io/entity/Q2240,ERA
https://climatekg.tibwiki.io/entity/Q77,Working Group I: Climate Change 2021 – The Physical Science Basis,https://climatekg.tibwiki.io/entity/Q3135,ERA-Interim
https://climatekg.tibwiki.io/entity/Q77,Working Group I: Climate Change 2021 – The Physical Science Basis,https://climatekg.tibwiki.io/entity/Q3136,ERA20C
https://climatekg.tibwiki.io/entity/Q77,Working Group I: Climate Change 2021 – The Physical Science Basis,https://climatekg.tibwiki.io/entity/Q3137,ERA20CM
https://climatekg.tibwiki.io/entity/Q77,Working Group I: Climate Change 2021 – The Physical Science Basis,https://climatekg.tibwiki.io/entity/Q3138,ERA5
https://climatekg.tibwiki.io/entity/Q10,Special Report: Global Warming of 1.5°C,https://climatekg.tibwiki.io/entity/Q2241,ERF
https://climatekg.tibwiki.io/entity/Q77,Working Group I: Climate Change 2021 – The Physical Science Basis,https://climatekg.tibwiki.io/entity/Q2241,ERF
https://climatekg.tibwiki.io/entity/Q150,Working Group III: Climate Change 2022 – Mitigation of Climate Change,https://climatekg.tibwiki.io/entity/Q2241,ERF
https://climatekg.tibwiki.io/entity/Q10,Special Report: Global Warming of 1.5°C,https://climatekg.tibwiki.io/entity/Q2242,ERFaci
https://climatekg.tibwiki.io/entity/Q77,Working Group I: Climate Change 2021 – The Physical Science Basis,https://climatekg.tibwiki.io/entity/Q2242,ERFaci
https://climatekg.tibwiki.io/entity/Q10,Special Report: Global Warming of 1.5°C,https://climatekg.tibwiki.io/entity/Q2243,ERFari
https://climatekg.tibwiki.io/entity/Q77,Working Group I: Climate Change 2021 – The Physical Science Basis,https://climatekg.tibwiki.io/entity/Q2243,ERFari
https://climatekg.tibwiki.io/entity/Q150,Working Group III: Climate Change 2022 – Mitigation of Climate Change,https://climatekg.tibwiki.io/entity/Q3794,ERIA
https://climatekg.tibwiki.io/entity/Q77,Working Group I: Climate Change 2021 – The Physical Science Basis,https://climatekg.tibwiki.io/entity/Q3139,ERSST
https://climatekg.tibwiki.io/entity/Q189,"Climate Change 2023: Synthesis Report. Contribution of Working Groups I, II and III to the Sixth Assessment Report of the Intergovernmental Panel on Climate Change",https://climatekg.tibwiki.io/entity/Q2708,ES
https://climatekg.tibwiki.io/entity/Q35,Special Report: Climate Change and Land,https://climatekg.tibwiki.io/entity/Q2708,ES
https://climatekg.tibwiki.io/entity/Q106,"Working Group II: Climate Change 2022 – Impacts, Adaptation and Vulnerability",https://climatekg.tibwiki.io/entity/Q2708,ES
https://climatekg.tibwiki.io/entity/Q150,Working Group III: Climate Change 2022 – Mitigation of Climate Change,https://climatekg.tibwiki.io/entity/Q3795,ES-FiT
https://climatekg.tibwiki.io/entity/Q77,Working Group I: Climate Change 2021 – The Physical Science Basis,https://climatekg.tibwiki.io/entity/Q3140,ESA
https://climatekg.tibwiki.io/entity/Q106,"Working Group II: Climate Change 2022 – Impacts, Adaptation and Vulnerability",https://climatekg.tibwiki.io/entity/Q3140,ESA
https://climatekg.tibwiki.io/entity/Q150,Working Group III: Climate Change 2022 – Mitigation of Climate Change,https://climatekg.tibwiki.io/entity/Q3140,ESA
https://climatekg.tibwiki.io/entity/Q57,Special Report: The Ocean and Cryosphere in a Changing Climate,https://climatekg.tibwiki.io/entity/Q2933,ESA CCI
https://climatekg.tibwiki.io/entity/Q77,Working Group I: Climate Change 2021 – The Physical Science Basis,https://climatekg.tibwiki.io/entity/Q2933,ESA CCI
https://climatekg.tibwiki.io/entity/Q106,"Working Group II: Climate Change 2022 – Impacts, Adaptation and Vulnerability",https://climatekg.tibwiki.io/entity/Q2933,ESA CCI
https://climatekg.tibwiki.io/entity/Q77,Working Group I: Climate Change 2021 – The Physical Science Basis,https://climatekg.tibwiki.io/entity/Q3141,ESAF
https://climatekg.tibwiki.io/entity/Q106,"Working Group II: Climate Change 2022 – Impacts, Adaptation and Vulnerability",https://climatekg.tibwiki.io/entity/Q3141,ESAF
https://climatekg.tibwiki.io/entity/Q77,Working Group I: Climate Change 2021 – The Physical Science Basis,https://climatekg.tibwiki.io/entity/Q3142,ESB
https://climatekg.tibwiki.io/entity/Q106,"Working Group II: Climate Change 2022 – Impacts, Adaptation and Vulnerability",https://climatekg.tibwiki.io/entity/Q3446,ESCC
https://climatekg.tibwiki.io/entity/Q106,"Working Group II: Climate Change 2022 – Impacts, Adaptation and Vulnerability",https://climatekg.tibwiki.io/entity/Q3447,ESCI
https://climatekg.tibwiki.io/entity/Q150,Working Group III: Climate Change 2022 – Mitigation of Climate Change,https://climatekg.tibwiki.io/entity/Q3796,ESCO
https://climatekg.tibwiki.io/entity/Q10,Special Report: Global Warming of 1.5°C,https://climatekg.tibwiki.io/entity/Q2244,ESCOs
https://climatekg.tibwiki.io/entity/Q106,"Working Group II: Climate Change 2022 – Impacts, Adaptation and Vulnerability",https://climatekg.tibwiki.io/entity/Q3448,ESD
https://climatekg.tibwiki.io/entity/Q150,Working Group III: Climate Change 2022 – Mitigation of Climate Change,https://climatekg.tibwiki.io/entity/Q3448,ESD
https://climatekg.tibwiki.io/entity/Q150,Working Group III: Climate Change 2022 – Mitigation of Climate Change,https://climatekg.tibwiki.io/entity/Q3797,ESG
https://climatekg.tibwiki.io/entity/Q77,Working Group I: Climate Change 2021 – The Physical Science Basis,https://climatekg.tibwiki.io/entity/Q3143,ESGF
https://climatekg.tibwiki.io/entity/Q35,Special Report: Climate Change and Land,https://climatekg.tibwiki.io/entity/Q2245,ESL
https://climatekg.tibwiki.io/entity/Q10,Special Report: Global Warming of 1.5°C,https://climatekg.tibwiki.io/entity/Q2245,ESL
https://climatekg.tibwiki.io/entity/Q57,Special Report: The Ocean and Cryosphere in a Changing Climate,https://climatekg.tibwiki.io/entity/Q2245,ESL
https://climatekg.tibwiki.io/entity/Q77,Working Group I: Climate Change 2021 – The Physical Science Basis,https://climatekg.tibwiki.io/entity/Q2245,ESL
https://climatekg.tibwiki.io/entity/Q106,"Working Group II: Climate Change 2022 – Impacts, Adaptation and Vulnerability",https://climatekg.tibwiki.io/entity/Q2245,ESL
https://climatekg.tibwiki.io/entity/Q35,Special Report: Climate Change and Land,https://climatekg.tibwiki.io/entity/Q2246,ESM
https://climatekg.tibwiki.io/entity/Q10,Special Report: Global Warming of 1.5°C,https://climatekg.tibwiki.io/entity/Q2246,ESM
https://climatekg.tibwiki.io/entity/Q57,Special Report: The Ocean and Cryosphere in a Changing Climate,https://climatekg.tibwiki.io/entity/Q2246,ESM
https://climatekg.tibwiki.io/entity/Q77,Working Group I: Climate Change 2021 – The Physical Science Basis,https://climatekg.tibwiki.io/entity/Q2246,ESM
https://climatekg.tibwiki.io/entity/Q106,"Working Group II: Climate Change 2022 – Impacts, Adaptation and Vulnerability",https://climatekg.tibwiki.io/entity/Q2246,ESM
https://climatekg.tibwiki.io/entity/Q150,Working Group III: Climate Change 2022 – Mitigation of Climate Change,https://climatekg.tibwiki.io/entity/Q2246,ESM
https://climatekg.tibwiki.io/entity/Q77,Working Group I: Climate Change 2021 – The Physical Science Basis,https://climatekg.tibwiki.io/entity/Q3144,ESMValTool
https://climatekg.tibwiki.io/entity/Q10,Special Report: Global Warming of 1.5°C,https://climatekg.tibwiki.io/entity/Q2247,ESR
https://climatekg.tibwiki.io/entity/Q10,Special Report: Global Warming of 1.5°C,https://climatekg.tibwiki.io/entity/Q2248,ESRB ASC
https://climatekg.tibwiki.io/entity/Q10,Special Report: Global Warming of 1.5°C,https://climatekg.tibwiki.io/entity/Q2249,ESRL
https://climatekg.tibwiki.io/entity/Q77,Working Group I: Climate Change 2021 – The Physical Science Basis,https://climatekg.tibwiki.io/entity/Q2249,ESRL
https://climatekg.tibwiki.io/entity/Q106,"Working Group II: Climate Change 2022 – Impacts, Adaptation and Vulnerability",https://climatekg.tibwiki.io/entity/Q3449,ESW
https://climatekg.tibwiki.io/entity/Q77,Working Group I: Climate Change 2021 – The Physical Science Basis,https://climatekg.tibwiki.io/entity/Q3145,ESWL
https://climatekg.tibwiki.io/entity/Q106,"Working Group II: Climate Change 2022 – Impacts, Adaptation and Vulnerability",https://climatekg.tibwiki.io/entity/Q3145,ESWL
https://climatekg.tibwiki.io/entity/Q77,Working Group I: Climate Change 2021 – The Physical Science Basis,https://climatekg.tibwiki.io/entity/Q3146,ET
https://climatekg.tibwiki.io/entity/Q106,"Working Group II: Climate Change 2022 – Impacts, Adaptation and Vulnerability",https://climatekg.tibwiki.io/entity/Q3146,ET
https://climatekg.tibwiki.io/entity/Q57,Special Report: The Ocean and Cryosphere in a Changing Climate,https://climatekg.tibwiki.io/entity/Q2934,ETC
https://climatekg.tibwiki.io/entity/Q77,Working Group I: Climate Change 2021 – The Physical Science Basis,https://climatekg.tibwiki.io/entity/Q2934,ETC
https://climatekg.tibwiki.io/entity/Q106,"Working Group II: Climate Change 2022 – Impacts, Adaptation and Vulnerability",https://climatekg.tibwiki.io/entity/Q2934,ETC
https://climatekg.tibwiki.io/entity/Q77,Working Group I: Climate Change 2021 – The Physical Science Basis,https://climatekg.tibwiki.io/entity/Q3147,ETCCDI
https://climatekg.tibwiki.io/entity/Q10,Special Report: Global Warming of 1.5°C,https://climatekg.tibwiki.io/entity/Q2251,ETP
https://climatekg.tibwiki.io/entity/Q150,Working Group III: Climate Change 2022 – Mitigation of Climate Change,https://climatekg.tibwiki.io/entity/Q2251,ETP
https://climatekg.tibwiki.io/entity/Q35,Special Report: Climate Change and Land,https://climatekg.tibwiki.io/entity/Q2252,ETS
https://climatekg.tibwiki.io/entity/Q10,Special Report: Global Warming of 1.5°C,https://climatekg.tibwiki.io/entity/Q2252,ETS
https://climatekg.tibwiki.io/entity/Q150,Working Group III: Climate Change 2022 – Mitigation of Climate Change,https://climatekg.tibwiki.io/entity/Q2252,ETS
https://climatekg.tibwiki.io/entity/Q77,Working Group I: Climate Change 2021 – The Physical Science Basis,https://climatekg.tibwiki.io/entity/Q3148,ETWL
https://climatekg.tibwiki.io/entity/Q106,"Working Group II: Climate Change 2022 – Impacts, Adaptation and Vulnerability",https://climatekg.tibwiki.io/entity/Q3148,ETWL
https://climatekg.tibwiki.io/entity/Q35,Special Report: Climate Change and Land,https://climatekg.tibwiki.io/entity/Q2253,EU
https://climatekg.tibwiki.io/entity/Q10,Special Report: Global Warming of 1.5°C,https://climatekg.tibwiki.io/entity/Q2253,EU
https://climatekg.tibwiki.io/entity/Q77,Working Group I: Climate Change 2021 – The Physical Science Basis,https://climatekg.tibwiki.io/entity/Q2253,EU
https://climatekg.tibwiki.io/entity/Q106,"Working Group II: Climate Change 2022 – Impacts, Adaptation and Vulnerability",https://climatekg.tibwiki.io/entity/Q2253,EU
https://climatekg.tibwiki.io/entity/Q150,Working Group III: Climate Change 2022 – Mitigation of Climate Change,https://climatekg.tibwiki.io/entity/Q2253,EU
https://climatekg.tibwiki.io/entity/Q150,Working Group III: Climate Change 2022 – Mitigation of Climate Change,https://climatekg.tibwiki.io/entity/Q3800,EU ETS
https://climatekg.tibwiki.io/entity/Q150,Working Group III: Climate Change 2022 – Mitigation of Climate Change,https://climatekg.tibwiki.io/entity/Q3798,EU-27
https://climatekg.tibwiki.io/entity/Q150,Working Group III: Climate Change 2022 – Mitigation of Climate Change,https://climatekg.tibwiki.io/entity/Q3799,EU-28
https://climatekg.tibwiki.io/entity/Q10,Special Report: Global Warming of 1.5°C,https://climatekg.tibwiki.io/entity/Q2254,EU-FP6
https://climatekg.tibwiki.io/entity/Q35,Special Report: Climate Change and Land,https://climatekg.tibwiki.io/entity/Q2709,EU-RED
https://climatekg.tibwiki.io/entity/Q150,Working Group III: Climate Change 2022 – Mitigation of Climate Change,https://climatekg.tibwiki.io/entity/Q2709,EU-RED
https://climatekg.tibwiki.io/entity/Q10,Special Report: Global Warming of 1.5°C,https://climatekg.tibwiki.io/entity/Q2255,EUG4
https://climatekg.tibwiki.io/entity/Q10,Special Report: Global Warming of 1.5°C,https://climatekg.tibwiki.io/entity/Q2256,EURO-CORDEX
https://climatekg.tibwiki.io/entity/Q189,"Climate Change 2023: Synthesis Report. Contribution of Working Groups I, II and III to the Sixth Assessment Report of the Intergovernmental Panel on Climate Change",https://climatekg.tibwiki.io/entity/Q2257,EV
https://climatekg.tibwiki.io/entity/Q10,Special Report: Global Warming of 1.5°C,https://climatekg.tibwiki.io/entity/Q2257,EV
https://climatekg.tibwiki.io/entity/Q106,"Working Group II: Climate Change 2022 – Impacts, Adaptation and Vulnerability",https://climatekg.tibwiki.io/entity/Q2257,EV
https://climatekg.tibwiki.io/entity/Q150,Working Group III: Climate Change 2022 – Mitigation of Climate Change,https://climatekg.tibwiki.io/entity/Q2257,EV
https://climatekg.tibwiki.io/entity/Q35,Special Report: Climate Change and Land,https://climatekg.tibwiki.io/entity/Q2710,EVI
https://climatekg.tibwiki.io/entity/Q10,Special Report: Global Warming of 1.5°C,https://climatekg.tibwiki.io/entity/Q2258,EW
https://climatekg.tibwiki.io/entity/Q106,"Working Group II: Climate Change 2022 – Impacts, Adaptation and Vulnerability",https://climatekg.tibwiki.io/entity/Q2258,EW
https://climatekg.tibwiki.io/entity/Q150,Working Group III: Climate Change 2022 – Mitigation of Climate Change,https://climatekg.tibwiki.io/entity/Q2258,EW
https://climatekg.tibwiki.io/entity/Q35,Special Report: Climate Change and Land,https://climatekg.tibwiki.io/entity/Q2711,EW/EA
https://climatekg.tibwiki.io/entity/Q106,"Working Group II: Climate Change 2022 – Impacts, Adaptation and Vulnerability",https://climatekg.tibwiki.io/entity/Q3450,EWFD
https://climatekg.tibwiki.io/entity/Q189,"Climate Change 2023: Synthesis Report. Contribution of Working Groups I, II and III to the Sixth Assessment Report of the Intergovernmental Panel on Climate Change",https://climatekg.tibwiki.io/entity/Q2712,EWS
https://climatekg.tibwiki.io/entity/Q35,Special Report: Climate Change and Land,https://climatekg.tibwiki.io/entity/Q2712,EWS
https://climatekg.tibwiki.io/entity/Q57,Special Report: The Ocean and Cryosphere in a Changing Climate,https://climatekg.tibwiki.io/entity/Q2712,EWS
https://climatekg.tibwiki.io/entity/Q106,"Working Group II: Climate Change 2022 – Impacts, Adaptation and Vulnerability",https://climatekg.tibwiki.io/entity/Q2712,EWS
https://climatekg.tibwiki.io/entity/Q150,Working Group III: Climate Change 2022 – Mitigation of Climate Change,https://climatekg.tibwiki.io/entity/Q3772,EaaS
https://climatekg.tibwiki.io/entity/Q189,"Climate Change 2023: Synthesis Report. Contribution of Working Groups I, II and III to the Sixth Assessment Report of the Intergovernmental Panel on Climate Change",https://climatekg.tibwiki.io/entity/Q2222,EbA
https://climatekg.tibwiki.io/entity/Q35,Special Report: Climate Change and Land,https://climatekg.tibwiki.io/entity/Q2222,EbA
https://climatekg.tibwiki.io/entity/Q10,Special Report: Global Warming of 1.5°C,https://climatekg.tibwiki.io/entity/Q2222,EbA
https://climatekg.tibwiki.io/entity/Q57,Special Report: The Ocean and Cryosphere in a Changing Climate,https://climatekg.tibwiki.io/entity/Q2222,EbA
https://climatekg.tibwiki.io/entity/Q106,"Working Group II: Climate Change 2022 – Impacts, Adaptation and Vulnerability",https://climatekg.tibwiki.io/entity/Q2222,EbA
https://climatekg.tibwiki.io/entity/Q77,Working Group I: Climate Change 2021 – The Physical Science Basis,https://climatekg.tibwiki.io/entity/Q3128,EgC
https://climatekg.tibwiki.io/entity/Q77,Working Group I: Climate Change 2021 – The Physical Science Basis,https://climatekg.tibwiki.io/entity/Q3134,EqAmer
https://climatekg.tibwiki.io/entity/Q10,Special Report: Global Warming of 1.5°C,https://climatekg.tibwiki.io/entity/Q2250,Eta-CPTEC
https://climatekg.tibwiki.io/entity/Q10,Special Report: Global Warming of 1.5°C,https://climatekg.tibwiki.io/entity/Q2268,F-gas
https://climatekg.tibwiki.io/entity/Q150,Working Group III: Climate Change 2022 – Mitigation of Climate Change,https://climatekg.tibwiki.io/entity/Q2268,F-gas
https://climatekg.tibwiki.io/entity/Q189,"Climate Change 2023: Synthesis Report. Contribution of Working Groups I, II and III to the Sixth Assessment Report of the Intergovernmental Panel on Climate Change",https://climatekg.tibwiki.io/entity/Q3017,F-gases
https://climatekg.tibwiki.io/entity/Q35,Special Report: Climate Change and Land,https://climatekg.tibwiki.io/entity/Q2713,FACE
https://climatekg.tibwiki.io/entity/Q106,"Working Group II: Climate Change 2022 – Impacts, Adaptation and Vulnerability",https://climatekg.tibwiki.io/entity/Q2713,FACE
https://climatekg.tibwiki.io/entity/Q189,"Climate Change 2023: Synthesis Report. Contribution of Working Groups I, II and III to the Sixth Assessment Report of the Intergovernmental Panel on Climate Change",https://climatekg.tibwiki.io/entity/Q2259,FAIR
https://climatekg.tibwiki.io/entity/Q10,Special Report: Global Warming of 1.5°C,https://climatekg.tibwiki.io/entity/Q2259,FAIR
https://climatekg.tibwiki.io/entity/Q77,Working Group I: Climate Change 2021 – The Physical Science Basis,https://climatekg.tibwiki.io/entity/Q2259,FAIR
https://climatekg.tibwiki.io/entity/Q150,Working Group III: Climate Change 2022 – Mitigation of Climate Change,https://climatekg.tibwiki.io/entity/Q2259,FAIR
https://climatekg.tibwiki.io/entity/Q189,"Climate Change 2023: Synthesis Report. Contribution of Working Groups I, II and III to the Sixth Assessment Report of the Intergovernmental Panel on Climate Change",https://climatekg.tibwiki.io/entity/Q2260,FAO
https://climatekg.tibwiki.io/entity/Q35,Special Report: Climate Change and Land,https://climatekg.tibwiki.io/entity/Q2260,FAO
https://climatekg.tibwiki.io/entity/Q10,Special Report: Global Warming of 1.5°C,https://climatekg.tibwiki.io/entity/Q2260,FAO
https://climatekg.tibwiki.io/entity/Q106,"Working Group II: Climate Change 2022 – Impacts, Adaptation and Vulnerability",https://climatekg.tibwiki.io/entity/Q2260,FAO
https://climatekg.tibwiki.io/entity/Q150,Working Group III: Climate Change 2022 – Mitigation of Climate Change,https://climatekg.tibwiki.io/entity/Q2260,FAO
https://climatekg.tibwiki.io/entity/Q35,Special Report: Climate Change and Land,https://climatekg.tibwiki.io/entity/Q2714,FAO-FRA
https://climatekg.tibwiki.io/entity/Q35,Special Report: Climate Change and Land,https://climatekg.tibwiki.io/entity/Q2261,FAOSTAT
https://climatekg.tibwiki.io/entity/Q10,Special Report: Global Warming of 1.5°C,https://climatekg.tibwiki.io/entity/Q2261,FAOSTAT
https://climatekg.tibwiki.io/entity/Q77,Working Group I: Climate Change 2021 – The Physical Science Basis,https://climatekg.tibwiki.io/entity/Q3149,FAPAR
https://climatekg.tibwiki.io/entity/Q35,Special Report: Climate Change and Land,https://climatekg.tibwiki.io/entity/Q2262,FAQ
https://climatekg.tibwiki.io/entity/Q10,Special Report: Global Warming of 1.5°C,https://climatekg.tibwiki.io/entity/Q2262,FAQ
https://climatekg.tibwiki.io/entity/Q106,"Working Group II: Climate Change 2022 – Impacts, Adaptation and Vulnerability",https://climatekg.tibwiki.io/entity/Q2262,FAQ
https://climatekg.tibwiki.io/entity/Q150,Working Group III: Climate Change 2022 – Mitigation of Climate Change,https://climatekg.tibwiki.io/entity/Q2262,FAQ
https://climatekg.tibwiki.io/entity/Q77,Working Group I: Climate Change 2021 – The Physical Science Basis,https://climatekg.tibwiki.io/entity/Q3150,FAR
https://climatekg.tibwiki.io/entity/Q106,"Working Group II: Climate Change 2022 – Impacts, Adaptation and Vulnerability",https://climatekg.tibwiki.io/entity/Q3150,FAR
https://climatekg.tibwiki.io/entity/Q10,Special Report: Global Warming of 1.5°C,https://climatekg.tibwiki.io/entity/Q2263,FARM
https://climatekg.tibwiki.io/entity/Q106,"Working Group II: Climate Change 2022 – Impacts, Adaptation and Vulnerability",https://climatekg.tibwiki.io/entity/Q3451,FBD
https://climatekg.tibwiki.io/entity/Q150,Working Group III: Climate Change 2022 – Mitigation of Climate Change,https://climatekg.tibwiki.io/entity/Q3801,FBDG
https://climatekg.tibwiki.io/entity/Q150,Working Group III: Climate Change 2022 – Mitigation of Climate Change,https://climatekg.tibwiki.io/entity/Q3802,FCDO
https://climatekg.tibwiki.io/entity/Q150,Working Group III: Climate Change 2022 – Mitigation of Climate Change,https://climatekg.tibwiki.io/entity/Q3803,FCV
https://climatekg.tibwiki.io/entity/Q77,Working Group I: Climate Change 2021 – The Physical Science Basis,https://climatekg.tibwiki.io/entity/Q3151,FD
https://climatekg.tibwiki.io/entity/Q150,Working Group III: Climate Change 2022 – Mitigation of Climate Change,https://climatekg.tibwiki.io/entity/Q3804,FDI
https://climatekg.tibwiki.io/entity/Q106,"Working Group II: Climate Change 2022 – Impacts, Adaptation and Vulnerability",https://climatekg.tibwiki.io/entity/Q3452,FEDURP
https://climatekg.tibwiki.io/entity/Q10,Special Report: Global Warming of 1.5°C,https://climatekg.tibwiki.io/entity/Q2265,FEMA
https://climatekg.tibwiki.io/entity/Q106,"Working Group II: Climate Change 2022 – Impacts, Adaptation and Vulnerability",https://climatekg.tibwiki.io/entity/Q2265,FEMA
https://climatekg.tibwiki.io/entity/Q77,Working Group I: Climate Change 2021 – The Physical Science Basis,https://climatekg.tibwiki.io/entity/Q3152,FESOM
https://climatekg.tibwiki.io/entity/Q106,"Working Group II: Climate Change 2022 – Impacts, Adaptation and Vulnerability",https://climatekg.tibwiki.io/entity/Q3453,FEW
https://climatekg.tibwiki.io/entity/Q35,Special Report: Climate Change and Land,https://climatekg.tibwiki.io/entity/Q2266,FF
https://climatekg.tibwiki.io/entity/Q10,Special Report: Global Warming of 1.5°C,https://climatekg.tibwiki.io/entity/Q2266,FF
https://climatekg.tibwiki.io/entity/Q10,Special Report: Global Warming of 1.5°C,https://climatekg.tibwiki.io/entity/Q2267,FF&I
https://climatekg.tibwiki.io/entity/Q77,Working Group I: Climate Change 2021 – The Physical Science Basis,https://climatekg.tibwiki.io/entity/Q3153,FFDI
https://climatekg.tibwiki.io/entity/Q106,"Working Group II: Climate Change 2022 – Impacts, Adaptation and Vulnerability",https://climatekg.tibwiki.io/entity/Q3153,FFDI
https://climatekg.tibwiki.io/entity/Q189,"Climate Change 2023: Synthesis Report. Contribution of Working Groups I, II and III to the Sixth Assessment Report of the Intergovernmental Panel on Climate Change",https://climatekg.tibwiki.io/entity/Q3016,FFI
https://climatekg.tibwiki.io/entity/Q150,Working Group III: Climate Change 2022 – Mitigation of Climate Change,https://climatekg.tibwiki.io/entity/Q3016,FFI
https://climatekg.tibwiki.io/entity/Q10,Special Report: Global Warming of 1.5°C,https://climatekg.tibwiki.io/entity/Q2269,FGOALS
https://climatekg.tibwiki.io/entity/Q150,Working Group III: Climate Change 2022 – Mitigation of Climate Change,https://climatekg.tibwiki.io/entity/Q3805,FIC
https://climatekg.tibwiki.io/entity/Q35,Special Report: Climate Change and Land,https://climatekg.tibwiki.io/entity/Q2715,FIES
https://climatekg.tibwiki.io/entity/Q10,Special Report: Global Warming of 1.5°C,https://climatekg.tibwiki.io/entity/Q2270,FIO
https://climatekg.tibwiki.io/entity/Q57,Special Report: The Ocean and Cryosphere in a Changing Climate,https://climatekg.tibwiki.io/entity/Q2935,FISHMIP
https://climatekg.tibwiki.io/entity/Q150,Working Group III: Climate Change 2022 – Mitigation of Climate Change,https://climatekg.tibwiki.io/entity/Q3808,FLEGT
https://climatekg.tibwiki.io/entity/Q106,"Working Group II: Climate Change 2022 – Impacts, Adaptation and Vulnerability",https://climatekg.tibwiki.io/entity/Q3455,FLW
https://climatekg.tibwiki.io/entity/Q150,Working Group III: Climate Change 2022 – Mitigation of Climate Change,https://climatekg.tibwiki.io/entity/Q3455,FLW
https://climatekg.tibwiki.io/entity/Q10,Special Report: Global Warming of 1.5°C,https://climatekg.tibwiki.io/entity/Q2271,FMNR
https://climatekg.tibwiki.io/entity/Q106,"Working Group II: Climate Change 2022 – Impacts, Adaptation and Vulnerability",https://climatekg.tibwiki.io/entity/Q3456,FMU
https://climatekg.tibwiki.io/entity/Q77,Working Group I: Climate Change 2021 – The Physical Science Basis,https://climatekg.tibwiki.io/entity/Q3154,FOLU
https://climatekg.tibwiki.io/entity/Q106,"Working Group II: Climate Change 2022 – Impacts, Adaptation and Vulnerability",https://climatekg.tibwiki.io/entity/Q3457,FPIC
https://climatekg.tibwiki.io/entity/Q106,"Working Group II: Climate Change 2022 – Impacts, Adaptation and Vulnerability",https://climatekg.tibwiki.io/entity/Q3458,FR
https://climatekg.tibwiki.io/entity/Q35,Special Report: Climate Change and Land,https://climatekg.tibwiki.io/entity/Q2717,FRA
https://climatekg.tibwiki.io/entity/Q150,Working Group III: Climate Change 2022 – Mitigation of Climate Change,https://climatekg.tibwiki.io/entity/Q3809,FRAND
https://climatekg.tibwiki.io/entity/Q35,Special Report: Climate Change and Land,https://climatekg.tibwiki.io/entity/Q2718,FSC
https://climatekg.tibwiki.io/entity/Q106,"Working Group II: Climate Change 2022 – Impacts, Adaptation and Vulnerability",https://climatekg.tibwiki.io/entity/Q2718,FSC
https://climatekg.tibwiki.io/entity/Q150,Working Group III: Climate Change 2022 – Mitigation of Climate Change,https://climatekg.tibwiki.io/entity/Q2718,FSC
https://climatekg.tibwiki.io/entity/Q150,Working Group III: Climate Change 2022 – Mitigation of Climate Change,https://climatekg.tibwiki.io/entity/Q3810,FT
https://climatekg.tibwiki.io/entity/Q150,Working Group III: Climate Change 2022 – Mitigation of Climate Change,https://climatekg.tibwiki.io/entity/Q3811,FTA
https://climatekg.tibwiki.io/entity/Q10,Special Report: Global Warming of 1.5°C,https://climatekg.tibwiki.io/entity/Q2272,FUND
https://climatekg.tibwiki.io/entity/Q10,Special Report: Global Warming of 1.5°C,https://climatekg.tibwiki.io/entity/Q2273,FUSSR
https://climatekg.tibwiki.io/entity/Q106,"Working Group II: Climate Change 2022 – Impacts, Adaptation and Vulnerability",https://climatekg.tibwiki.io/entity/Q3459,FW
https://climatekg.tibwiki.io/entity/Q35,Special Report: Climate Change and Land,https://climatekg.tibwiki.io/entity/Q2719,FWL
https://climatekg.tibwiki.io/entity/Q106,"Working Group II: Climate Change 2022 – Impacts, Adaptation and Vulnerability",https://climatekg.tibwiki.io/entity/Q2719,FWL
https://climatekg.tibwiki.io/entity/Q150,Working Group III: Climate Change 2022 – Mitigation of Climate Change,https://climatekg.tibwiki.io/entity/Q3812,FWM
https://climatekg.tibwiki.io/entity/Q106,"Working Group II: Climate Change 2022 – Impacts, Adaptation and Vulnerability",https://climatekg.tibwiki.io/entity/Q3460,FYROM
https://climatekg.tibwiki.io/entity/Q35,Special Report: Climate Change and Land,https://climatekg.tibwiki.io/entity/Q2264,Fe
https://climatekg.tibwiki.io/entity/Q10,Special Report: Global Warming of 1.5°C,https://climatekg.tibwiki.io/entity/Q2264,Fe
https://climatekg.tibwiki.io/entity/Q150,Working Group III: Climate Change 2022 – Mitigation of Climate Change,https://climatekg.tibwiki.io/entity/Q3806,FiT
https://climatekg.tibwiki.io/entity/Q150,Working Group III: Climate Change 2022 – Mitigation of Climate Change,https://climatekg.tibwiki.io/entity/Q3807,FiTP
https://climatekg.tibwiki.io/entity/Q106,"Working Group II: Climate Change 2022 – Impacts, Adaptation and Vulnerability",https://climatekg.tibwiki.io/entity/Q3454,Fish-MIP
https://climatekg.tibwiki.io/entity/Q106,"Working Group II: Climate Change 2022 – Impacts, Adaptation and Vulnerability",https://climatekg.tibwiki.io/entity/Q3461,G20
https://climatekg.tibwiki.io/entity/Q57,Special Report: The Ocean and Cryosphere in a Changing Climate,https://climatekg.tibwiki.io/entity/Q2936,GACS
https://climatekg.tibwiki.io/entity/Q106,"Working Group II: Climate Change 2022 – Impacts, Adaptation and Vulnerability",https://climatekg.tibwiki.io/entity/Q3462,GAMI
https://climatekg.tibwiki.io/entity/Q10,Special Report: Global Warming of 1.5°C,https://climatekg.tibwiki.io/entity/Q2275,GAMS
https://climatekg.tibwiki.io/entity/Q106,"Working Group II: Climate Change 2022 – Impacts, Adaptation and Vulnerability",https://climatekg.tibwiki.io/entity/Q3463,GAST
https://climatekg.tibwiki.io/entity/Q150,Working Group III: Climate Change 2022 – Mitigation of Climate Change,https://climatekg.tibwiki.io/entity/Q3813,GATS
https://climatekg.tibwiki.io/entity/Q35,Special Report: Climate Change and Land,https://climatekg.tibwiki.io/entity/Q2720,GATT
https://climatekg.tibwiki.io/entity/Q150,Working Group III: Climate Change 2022 – Mitigation of Climate Change,https://climatekg.tibwiki.io/entity/Q2720,GATT
https://climatekg.tibwiki.io/entity/Q10,Special Report: Global Warming of 1.5°C,https://climatekg.tibwiki.io/entity/Q2276,GBAM
https://climatekg.tibwiki.io/entity/Q106,"Working Group II: Climate Change 2022 – Impacts, Adaptation and Vulnerability",https://climatekg.tibwiki.io/entity/Q2276,GBAM
https://climatekg.tibwiki.io/entity/Q150,Working Group III: Climate Change 2022 – Mitigation of Climate Change,https://climatekg.tibwiki.io/entity/Q2276,GBAM
https://climatekg.tibwiki.io/entity/Q106,"Working Group II: Climate Change 2022 – Impacts, Adaptation and Vulnerability",https://climatekg.tibwiki.io/entity/Q3464,GBCA
https://climatekg.tibwiki.io/entity/Q35,Special Report: Climate Change and Land,https://climatekg.tibwiki.io/entity/Q2721,GBEP
https://climatekg.tibwiki.io/entity/Q106,"Working Group II: Climate Change 2022 – Impacts, Adaptation and Vulnerability",https://climatekg.tibwiki.io/entity/Q3465,GBP
https://climatekg.tibwiki.io/entity/Q106,"Working Group II: Climate Change 2022 – Impacts, Adaptation and Vulnerability",https://climatekg.tibwiki.io/entity/Q3466,GBR
https://climatekg.tibwiki.io/entity/Q106,"Working Group II: Climate Change 2022 – Impacts, Adaptation and Vulnerability",https://climatekg.tibwiki.io/entity/Q3467,GBRMPA
https://climatekg.tibwiki.io/entity/Q10,Special Report: Global Warming of 1.5°C,https://climatekg.tibwiki.io/entity/Q2277,GCAM
https://climatekg.tibwiki.io/entity/Q150,Working Group III: Climate Change 2022 – Mitigation of Climate Change,https://climatekg.tibwiki.io/entity/Q2277,GCAM
https://climatekg.tibwiki.io/entity/Q10,Special Report: Global Warming of 1.5°C,https://climatekg.tibwiki.io/entity/Q2278,GCC
https://climatekg.tibwiki.io/entity/Q150,Working Group III: Climate Change 2022 – Mitigation of Climate Change,https://climatekg.tibwiki.io/entity/Q3814,GCCA
https://climatekg.tibwiki.io/entity/Q10,Special Report: Global Warming of 1.5°C,https://climatekg.tibwiki.io/entity/Q2279,GCEC
https://climatekg.tibwiki.io/entity/Q35,Special Report: Climate Change and Land,https://climatekg.tibwiki.io/entity/Q2722,GCF
https://climatekg.tibwiki.io/entity/Q106,"Working Group II: Climate Change 2022 – Impacts, Adaptation and Vulnerability",https://climatekg.tibwiki.io/entity/Q2722,GCF
https://climatekg.tibwiki.io/entity/Q150,Working Group III: Climate Change 2022 – Mitigation of Climate Change,https://climatekg.tibwiki.io/entity/Q2722,GCF
https://climatekg.tibwiki.io/entity/Q35,Special Report: Climate Change and Land,https://climatekg.tibwiki.io/entity/Q2280,GCM
https://climatekg.tibwiki.io/entity/Q10,Special Report: Global Warming of 1.5°C,https://climatekg.tibwiki.io/entity/Q2280,GCM
https://climatekg.tibwiki.io/entity/Q57,Special Report: The Ocean and Cryosphere in a Changing Climate,https://climatekg.tibwiki.io/entity/Q2280,GCM
https://climatekg.tibwiki.io/entity/Q77,Working Group I: Climate Change 2021 – The Physical Science Basis,https://climatekg.tibwiki.io/entity/Q2280,GCM
https://climatekg.tibwiki.io/entity/Q106,"Working Group II: Climate Change 2022 – Impacts, Adaptation and Vulnerability",https://climatekg.tibwiki.io/entity/Q2280,GCM
https://climatekg.tibwiki.io/entity/Q77,Working Group I: Climate Change 2021 – The Physical Science Basis,https://climatekg.tibwiki.io/entity/Q3156,GCOS
https://climatekg.tibwiki.io/entity/Q35,Special Report: Climate Change and Land,https://climatekg.tibwiki.io/entity/Q2281,GCP
https://climatekg.tibwiki.io/entity/Q10,Special Report: Global Warming of 1.5°C,https://climatekg.tibwiki.io/entity/Q2281,GCP
https://climatekg.tibwiki.io/entity/Q77,Working Group I: Climate Change 2021 – The Physical Science Basis,https://climatekg.tibwiki.io/entity/Q2281,GCP
https://climatekg.tibwiki.io/entity/Q150,Working Group III: Climate Change 2022 – Mitigation of Climate Change,https://climatekg.tibwiki.io/entity/Q2281,GCP
https://climatekg.tibwiki.io/entity/Q150,Working Group III: Climate Change 2022 – Mitigation of Climate Change,https://climatekg.tibwiki.io/entity/Q3815,GCoM
https://climatekg.tibwiki.io/entity/Q77,Working Group I: Climate Change 2021 – The Physical Science Basis,https://climatekg.tibwiki.io/entity/Q3157,GDD
https://climatekg.tibwiki.io/entity/Q106,"Working Group II: Climate Change 2022 – Impacts, Adaptation and Vulnerability",https://climatekg.tibwiki.io/entity/Q3157,GDD
https://climatekg.tibwiki.io/entity/Q106,"Working Group II: Climate Change 2022 – Impacts, Adaptation and Vulnerability",https://climatekg.tibwiki.io/entity/Q3468,GDE
https://climatekg.tibwiki.io/entity/Q35,Special Report: Climate Change and Land,https://climatekg.tibwiki.io/entity/Q2723,GDEWS
https://climatekg.tibwiki.io/entity/Q189,"Climate Change 2023: Synthesis Report. Contribution of Working Groups I, II and III to the Sixth Assessment Report of the Intergovernmental Panel on Climate Change",https://climatekg.tibwiki.io/entity/Q2282,GDP
https://climatekg.tibwiki.io/entity/Q35,Special Report: Climate Change and Land,https://climatekg.tibwiki.io/entity/Q2282,GDP
https://climatekg.tibwiki.io/entity/Q10,Special Report: Global Warming of 1.5°C,https://climatekg.tibwiki.io/entity/Q2282,GDP
https://climatekg.tibwiki.io/entity/Q57,Special Report: The Ocean and Cryosphere in a Changing Climate,https://climatekg.tibwiki.io/entity/Q2282,GDP
https://climatekg.tibwiki.io/entity/Q77,Working Group I: Climate Change 2021 – The Physical Science Basis,https://climatekg.tibwiki.io/entity/Q2282,GDP
https://climatekg.tibwiki.io/entity/Q106,"Working Group II: Climate Change 2022 – Impacts, Adaptation and Vulnerability",https://climatekg.tibwiki.io/entity/Q2282,GDP
https://climatekg.tibwiki.io/entity/Q150,Working Group III: Climate Change 2022 – Mitigation of Climate Change,https://climatekg.tibwiki.io/entity/Q2282,GDP
https://climatekg.tibwiki.io/entity/Q35,Special Report: Climate Change and Land,https://climatekg.tibwiki.io/entity/Q2283,GE
https://climatekg.tibwiki.io/entity/Q10,Special Report: Global Warming of 1.5°C,https://climatekg.tibwiki.io/entity/Q2283,GE
https://climatekg.tibwiki.io/entity/Q10,Special Report: Global Warming of 1.5°C,https://climatekg.tibwiki.io/entity/Q2284,GEA
https://climatekg.tibwiki.io/entity/Q150,Working Group III: Climate Change 2022 – Mitigation of Climate Change,https://climatekg.tibwiki.io/entity/Q2284,GEA
https://climatekg.tibwiki.io/entity/Q35,Special Report: Climate Change and Land,https://climatekg.tibwiki.io/entity/Q2724,GEF
https://climatekg.tibwiki.io/entity/Q106,"Working Group II: Climate Change 2022 – Impacts, Adaptation and Vulnerability",https://climatekg.tibwiki.io/entity/Q2724,GEF
https://climatekg.tibwiki.io/entity/Q150,Working Group III: Climate Change 2022 – Mitigation of Climate Change,https://climatekg.tibwiki.io/entity/Q2724,GEF
https://climatekg.tibwiki.io/entity/Q10,Special Report: Global Warming of 1.5°C,https://climatekg.tibwiki.io/entity/Q2285,GEM-E3
https://climatekg.tibwiki.io/entity/Q10,Special Report: Global Warming of 1.5°C,https://climatekg.tibwiki.io/entity/Q2286,GENeSYS-MOD
https://climatekg.tibwiki.io/entity/Q150,Working Group III: Climate Change 2022 – Mitigation of Climate Change,https://climatekg.tibwiki.io/entity/Q3816,GFBI
https://climatekg.tibwiki.io/entity/Q150,Working Group III: Climate Change 2022 – Mitigation of Climate Change,https://climatekg.tibwiki.io/entity/Q3817,GFCA
https://climatekg.tibwiki.io/entity/Q10,Special Report: Global Warming of 1.5°C,https://climatekg.tibwiki.io/entity/Q2288,GFCF
https://climatekg.tibwiki.io/entity/Q150,Working Group III: Climate Change 2022 – Mitigation of Climate Change,https://climatekg.tibwiki.io/entity/Q2288,GFCF
https://climatekg.tibwiki.io/entity/Q35,Special Report: Climate Change and Land,https://climatekg.tibwiki.io/entity/Q2725,GFCS
https://climatekg.tibwiki.io/entity/Q77,Working Group I: Climate Change 2021 – The Physical Science Basis,https://climatekg.tibwiki.io/entity/Q2725,GFCS
https://climatekg.tibwiki.io/entity/Q10,Special Report: Global Warming of 1.5°C,https://climatekg.tibwiki.io/entity/Q2289,GFDL
https://climatekg.tibwiki.io/entity/Q77,Working Group I: Climate Change 2021 – The Physical Science Basis,https://climatekg.tibwiki.io/entity/Q2289,GFDL
https://climatekg.tibwiki.io/entity/Q35,Special Report: Climate Change and Land,https://climatekg.tibwiki.io/entity/Q2726,GFED
https://climatekg.tibwiki.io/entity/Q150,Working Group III: Climate Change 2022 – Mitigation of Climate Change,https://climatekg.tibwiki.io/entity/Q2726,GFED
https://climatekg.tibwiki.io/entity/Q35,Special Report: Climate Change and Land,https://climatekg.tibwiki.io/entity/Q2727,GFGP
https://climatekg.tibwiki.io/entity/Q10,Special Report: Global Warming of 1.5°C,https://climatekg.tibwiki.io/entity/Q2290,GFR
https://climatekg.tibwiki.io/entity/Q35,Special Report: Climate Change and Land,https://climatekg.tibwiki.io/entity/Q2728,GGCM
https://climatekg.tibwiki.io/entity/Q57,Special Report: The Ocean and Cryosphere in a Changing Climate,https://climatekg.tibwiki.io/entity/Q2937,GGR
https://climatekg.tibwiki.io/entity/Q35,Special Report: Climate Change and Land,https://climatekg.tibwiki.io/entity/Q2729,GHCN
https://climatekg.tibwiki.io/entity/Q77,Working Group I: Climate Change 2021 – The Physical Science Basis,https://climatekg.tibwiki.io/entity/Q2729,GHCN
https://climatekg.tibwiki.io/entity/Q10,Special Report: Global Warming of 1.5°C,https://climatekg.tibwiki.io/entity/Q2292,GHCNDEX
https://climatekg.tibwiki.io/entity/Q77,Working Group I: Climate Change 2021 – The Physical Science Basis,https://climatekg.tibwiki.io/entity/Q3159,GHCNd
https://climatekg.tibwiki.io/entity/Q77,Working Group I: Climate Change 2021 – The Physical Science Basis,https://climatekg.tibwiki.io/entity/Q3160,GHCNv4
https://climatekg.tibwiki.io/entity/Q189,"Climate Change 2023: Synthesis Report. Contribution of Working Groups I, II and III to the Sixth Assessment Report of the Intergovernmental Panel on Climate Change",https://climatekg.tibwiki.io/entity/Q2730,GHG
https://climatekg.tibwiki.io/entity/Q35,Special Report: Climate Change and Land,https://climatekg.tibwiki.io/entity/Q2730,GHG
https://climatekg.tibwiki.io/entity/Q57,Special Report: The Ocean and Cryosphere in a Changing Climate,https://climatekg.tibwiki.io/entity/Q2730,GHG
https://climatekg.tibwiki.io/entity/Q77,Working Group I: Climate Change 2021 – The Physical Science Basis,https://climatekg.tibwiki.io/entity/Q2730,GHG
https://climatekg.tibwiki.io/entity/Q106,"Working Group II: Climate Change 2022 – Impacts, Adaptation and Vulnerability",https://climatekg.tibwiki.io/entity/Q2730,GHG
https://climatekg.tibwiki.io/entity/Q150,Working Group III: Climate Change 2022 – Mitigation of Climate Change,https://climatekg.tibwiki.io/entity/Q2730,GHG
https://climatekg.tibwiki.io/entity/Q35,Special Report: Climate Change and Land,https://climatekg.tibwiki.io/entity/Q2731,GHGE
https://climatekg.tibwiki.io/entity/Q35,Special Report: Climate Change and Land,https://climatekg.tibwiki.io/entity/Q2732,GHGI
https://climatekg.tibwiki.io/entity/Q10,Special Report: Global Warming of 1.5°C,https://climatekg.tibwiki.io/entity/Q2293,GHGs
https://climatekg.tibwiki.io/entity/Q10,Special Report: Global Warming of 1.5°C,https://climatekg.tibwiki.io/entity/Q2294,GHM
https://climatekg.tibwiki.io/entity/Q77,Working Group I: Climate Change 2021 – The Physical Science Basis,https://climatekg.tibwiki.io/entity/Q2294,GHM
https://climatekg.tibwiki.io/entity/Q106,"Working Group II: Climate Change 2022 – Impacts, Adaptation and Vulnerability",https://climatekg.tibwiki.io/entity/Q2294,GHM
https://climatekg.tibwiki.io/entity/Q106,"Working Group II: Climate Change 2022 – Impacts, Adaptation and Vulnerability",https://climatekg.tibwiki.io/entity/Q3469,GI
https://climatekg.tibwiki.io/entity/Q57,Special Report: The Ocean and Cryosphere in a Changing Climate,https://climatekg.tibwiki.io/entity/Q2938,GIA
https://climatekg.tibwiki.io/entity/Q77,Working Group I: Climate Change 2021 – The Physical Science Basis,https://climatekg.tibwiki.io/entity/Q2938,GIA
https://climatekg.tibwiki.io/entity/Q35,Special Report: Climate Change and Land,https://climatekg.tibwiki.io/entity/Q2733,GIAHS
https://climatekg.tibwiki.io/entity/Q77,Working Group I: Climate Change 2021 – The Physical Science Basis,https://climatekg.tibwiki.io/entity/Q3161,GIC
https://climatekg.tibwiki.io/entity/Q35,Special Report: Climate Change and Land,https://climatekg.tibwiki.io/entity/Q2734,GIEWS
https://climatekg.tibwiki.io/entity/Q35,Special Report: Climate Change and Land,https://climatekg.tibwiki.io/entity/Q2735,GIMMS3g
https://climatekg.tibwiki.io/entity/Q10,Special Report: Global Warming of 1.5°C,https://climatekg.tibwiki.io/entity/Q2295,GIS
https://climatekg.tibwiki.io/entity/Q57,Special Report: The Ocean and Cryosphere in a Changing Climate,https://climatekg.tibwiki.io/entity/Q2295,GIS
https://climatekg.tibwiki.io/entity/Q106,"Working Group II: Climate Change 2022 – Impacts, Adaptation and Vulnerability",https://climatekg.tibwiki.io/entity/Q2295,GIS
https://climatekg.tibwiki.io/entity/Q150,Working Group III: Climate Change 2022 – Mitigation of Climate Change,https://climatekg.tibwiki.io/entity/Q2295,GIS
https://climatekg.tibwiki.io/entity/Q10,Special Report: Global Warming of 1.5°C,https://climatekg.tibwiki.io/entity/Q2296,GISS
https://climatekg.tibwiki.io/entity/Q77,Working Group I: Climate Change 2021 – The Physical Science Basis,https://climatekg.tibwiki.io/entity/Q2296,GISS
https://climatekg.tibwiki.io/entity/Q35,Special Report: Climate Change and Land,https://climatekg.tibwiki.io/entity/Q2297,GISTEMP
https://climatekg.tibwiki.io/entity/Q10,Special Report: Global Warming of 1.5°C,https://climatekg.tibwiki.io/entity/Q2297,GISTEMP
https://climatekg.tibwiki.io/entity/Q77,Working Group I: Climate Change 2021 – The Physical Science Basis,https://climatekg.tibwiki.io/entity/Q2297,GISTEMP
https://climatekg.tibwiki.io/entity/Q35,Special Report: Climate Change and Land,https://climatekg.tibwiki.io/entity/Q2736,GIZ
https://climatekg.tibwiki.io/entity/Q150,Working Group III: Climate Change 2022 – Mitigation of Climate Change,https://climatekg.tibwiki.io/entity/Q2736,GIZ
https://climatekg.tibwiki.io/entity/Q35,Special Report: Climate Change and Land,https://climatekg.tibwiki.io/entity/Q2298,GJ
https://climatekg.tibwiki.io/entity/Q10,Special Report: Global Warming of 1.5°C,https://climatekg.tibwiki.io/entity/Q2298,GJ
https://climatekg.tibwiki.io/entity/Q150,Working Group III: Climate Change 2022 – Mitigation of Climate Change,https://climatekg.tibwiki.io/entity/Q2298,GJ
https://climatekg.tibwiki.io/entity/Q35,Special Report: Climate Change and Land,https://climatekg.tibwiki.io/entity/Q2737,GLASOD
https://climatekg.tibwiki.io/entity/Q35,Special Report: Climate Change and Land,https://climatekg.tibwiki.io/entity/Q2738,GLASS
https://climatekg.tibwiki.io/entity/Q77,Working Group I: Climate Change 2021 – The Physical Science Basis,https://climatekg.tibwiki.io/entity/Q3163,GLDAS
https://climatekg.tibwiki.io/entity/Q10,Special Report: Global Warming of 1.5°C,https://climatekg.tibwiki.io/entity/Q2299,GLEAM
https://climatekg.tibwiki.io/entity/Q106,"Working Group II: Climate Change 2022 – Impacts, Adaptation and Vulnerability",https://climatekg.tibwiki.io/entity/Q3470,GLEON
https://climatekg.tibwiki.io/entity/Q35,Special Report: Climate Change and Land,https://climatekg.tibwiki.io/entity/Q2301,GLOBIOM
https://climatekg.tibwiki.io/entity/Q10,Special Report: Global Warming of 1.5°C,https://climatekg.tibwiki.io/entity/Q2301,GLOBIOM
https://climatekg.tibwiki.io/entity/Q35,Special Report: Climate Change and Land,https://climatekg.tibwiki.io/entity/Q2739,GLOF
https://climatekg.tibwiki.io/entity/Q57,Special Report: The Ocean and Cryosphere in a Changing Climate,https://climatekg.tibwiki.io/entity/Q2739,GLOF
https://climatekg.tibwiki.io/entity/Q106,"Working Group II: Climate Change 2022 – Impacts, Adaptation and Vulnerability",https://climatekg.tibwiki.io/entity/Q2739,GLOF
https://climatekg.tibwiki.io/entity/Q10,Special Report: Global Warming of 1.5°C,https://climatekg.tibwiki.io/entity/Q2302,GLOFs
https://climatekg.tibwiki.io/entity/Q35,Special Report: Climate Change and Land,https://climatekg.tibwiki.io/entity/Q2740,GLOMAP
https://climatekg.tibwiki.io/entity/Q35,Special Report: Climate Change and Land,https://climatekg.tibwiki.io/entity/Q2303,GM
https://climatekg.tibwiki.io/entity/Q10,Special Report: Global Warming of 1.5°C,https://climatekg.tibwiki.io/entity/Q2303,GM
https://climatekg.tibwiki.io/entity/Q77,Working Group I: Climate Change 2021 – The Physical Science Basis,https://climatekg.tibwiki.io/entity/Q2303,GM
https://climatekg.tibwiki.io/entity/Q106,"Working Group II: Climate Change 2022 – Impacts, Adaptation and Vulnerability",https://climatekg.tibwiki.io/entity/Q2303,GM
https://climatekg.tibwiki.io/entity/Q150,Working Group III: Climate Change 2022 – Mitigation of Climate Change,https://climatekg.tibwiki.io/entity/Q3818,GMF
https://climatekg.tibwiki.io/entity/Q150,Working Group III: Climate Change 2022 – Mitigation of Climate Change,https://climatekg.tibwiki.io/entity/Q3819,GMI
https://climatekg.tibwiki.io/entity/Q77,Working Group I: Climate Change 2021 – The Physical Science Basis,https://climatekg.tibwiki.io/entity/Q3165,GMMIP
https://climatekg.tibwiki.io/entity/Q35,Special Report: Climate Change and Land,https://climatekg.tibwiki.io/entity/Q2304,GMO
https://climatekg.tibwiki.io/entity/Q10,Special Report: Global Warming of 1.5°C,https://climatekg.tibwiki.io/entity/Q2304,GMO
https://climatekg.tibwiki.io/entity/Q150,Working Group III: Climate Change 2022 – Mitigation of Climate Change,https://climatekg.tibwiki.io/entity/Q3820,GMRIO
https://climatekg.tibwiki.io/entity/Q35,Special Report: Climate Change and Land,https://climatekg.tibwiki.io/entity/Q2305,GMSL
https://climatekg.tibwiki.io/entity/Q10,Special Report: Global Warming of 1.5°C,https://climatekg.tibwiki.io/entity/Q2305,GMSL
https://climatekg.tibwiki.io/entity/Q57,Special Report: The Ocean and Cryosphere in a Changing Climate,https://climatekg.tibwiki.io/entity/Q2305,GMSL
https://climatekg.tibwiki.io/entity/Q77,Working Group I: Climate Change 2021 – The Physical Science Basis,https://climatekg.tibwiki.io/entity/Q2305,GMSL
https://climatekg.tibwiki.io/entity/Q106,"Working Group II: Climate Change 2022 – Impacts, Adaptation and Vulnerability",https://climatekg.tibwiki.io/entity/Q2305,GMSL
https://climatekg.tibwiki.io/entity/Q106,"Working Group II: Climate Change 2022 – Impacts, Adaptation and Vulnerability",https://climatekg.tibwiki.io/entity/Q3471,GMSLR
https://climatekg.tibwiki.io/entity/Q35,Special Report: Climate Change and Land,https://climatekg.tibwiki.io/entity/Q2306,GMST
https://climatekg.tibwiki.io/entity/Q10,Special Report: Global Warming of 1.5°C,https://climatekg.tibwiki.io/entity/Q2306,GMST
https://climatekg.tibwiki.io/entity/Q57,Special Report: The Ocean and Cryosphere in a Changing Climate,https://climatekg.tibwiki.io/entity/Q2306,GMST
https://climatekg.tibwiki.io/entity/Q77,Working Group I: Climate Change 2021 – The Physical Science Basis,https://climatekg.tibwiki.io/entity/Q2306,GMST
https://climatekg.tibwiki.io/entity/Q106,"Working Group II: Climate Change 2022 – Impacts, Adaptation and Vulnerability",https://climatekg.tibwiki.io/entity/Q2306,GMST
https://climatekg.tibwiki.io/entity/Q35,Special Report: Climate Change and Land,https://climatekg.tibwiki.io/entity/Q2307,GMT
https://climatekg.tibwiki.io/entity/Q10,Special Report: Global Warming of 1.5°C,https://climatekg.tibwiki.io/entity/Q2307,GMT
https://climatekg.tibwiki.io/entity/Q106,"Working Group II: Climate Change 2022 – Impacts, Adaptation and Vulnerability",https://climatekg.tibwiki.io/entity/Q2307,GMT
https://climatekg.tibwiki.io/entity/Q77,Working Group I: Climate Change 2021 – The Physical Science Basis,https://climatekg.tibwiki.io/entity/Q3166,GMTSL
https://climatekg.tibwiki.io/entity/Q106,"Working Group II: Climate Change 2022 – Impacts, Adaptation and Vulnerability",https://climatekg.tibwiki.io/entity/Q3472,GNDR
https://climatekg.tibwiki.io/entity/Q106,"Working Group II: Climate Change 2022 – Impacts, Adaptation and Vulnerability",https://climatekg.tibwiki.io/entity/Q3473,GNH
https://climatekg.tibwiki.io/entity/Q10,Special Report: Global Warming of 1.5°C,https://climatekg.tibwiki.io/entity/Q2308,GNHI
https://climatekg.tibwiki.io/entity/Q150,Working Group III: Climate Change 2022 – Mitigation of Climate Change,https://climatekg.tibwiki.io/entity/Q3821,GNI
https://climatekg.tibwiki.io/entity/Q35,Special Report: Climate Change and Land,https://climatekg.tibwiki.io/entity/Q2741,GNR
https://climatekg.tibwiki.io/entity/Q77,Working Group I: Climate Change 2021 – The Physical Science Basis,https://climatekg.tibwiki.io/entity/Q3167,GNSS
https://climatekg.tibwiki.io/entity/Q106,"Working Group II: Climate Change 2022 – Impacts, Adaptation and Vulnerability",https://climatekg.tibwiki.io/entity/Q3474,GOA-ON
https://climatekg.tibwiki.io/entity/Q77,Working Group I: Climate Change 2021 – The Physical Science Basis,https://climatekg.tibwiki.io/entity/Q3168,GOME
https://climatekg.tibwiki.io/entity/Q77,Working Group I: Climate Change 2021 – The Physical Science Basis,https://climatekg.tibwiki.io/entity/Q3169,GOSAT
https://climatekg.tibwiki.io/entity/Q77,Working Group I: Climate Change 2021 – The Physical Science Basis,https://climatekg.tibwiki.io/entity/Q3170,GPCC
https://climatekg.tibwiki.io/entity/Q106,"Working Group II: Climate Change 2022 – Impacts, Adaptation and Vulnerability",https://climatekg.tibwiki.io/entity/Q3170,GPCC
https://climatekg.tibwiki.io/entity/Q77,Working Group I: Climate Change 2021 – The Physical Science Basis,https://climatekg.tibwiki.io/entity/Q3171,GPCP
https://climatekg.tibwiki.io/entity/Q57,Special Report: The Ocean and Cryosphere in a Changing Climate,https://climatekg.tibwiki.io/entity/Q2939,GPD
https://climatekg.tibwiki.io/entity/Q57,Special Report: The Ocean and Cryosphere in a Changing Climate,https://climatekg.tibwiki.io/entity/Q2940,GPG
https://climatekg.tibwiki.io/entity/Q106,"Working Group II: Climate Change 2022 – Impacts, Adaptation and Vulnerability",https://climatekg.tibwiki.io/entity/Q2940,GPG
https://climatekg.tibwiki.io/entity/Q77,Working Group I: Climate Change 2021 – The Physical Science Basis,https://climatekg.tibwiki.io/entity/Q3172,GPM
https://climatekg.tibwiki.io/entity/Q35,Special Report: Climate Change and Land,https://climatekg.tibwiki.io/entity/Q2309,GPP
https://climatekg.tibwiki.io/entity/Q10,Special Report: Global Warming of 1.5°C,https://climatekg.tibwiki.io/entity/Q2309,GPP
https://climatekg.tibwiki.io/entity/Q57,Special Report: The Ocean and Cryosphere in a Changing Climate,https://climatekg.tibwiki.io/entity/Q2309,GPP
https://climatekg.tibwiki.io/entity/Q106,"Working Group II: Climate Change 2022 – Impacts, Adaptation and Vulnerability",https://climatekg.tibwiki.io/entity/Q2309,GPP
https://climatekg.tibwiki.io/entity/Q150,Working Group III: Climate Change 2022 – Mitigation of Climate Change,https://climatekg.tibwiki.io/entity/Q2309,GPP
https://climatekg.tibwiki.io/entity/Q57,Special Report: The Ocean and Cryosphere in a Changing Climate,https://climatekg.tibwiki.io/entity/Q2941,GPS
https://climatekg.tibwiki.io/entity/Q77,Working Group I: Climate Change 2021 – The Physical Science Basis,https://climatekg.tibwiki.io/entity/Q2941,GPS
https://climatekg.tibwiki.io/entity/Q10,Special Report: Global Warming of 1.5°C,https://climatekg.tibwiki.io/entity/Q2310,GPT
https://climatekg.tibwiki.io/entity/Q150,Working Group III: Climate Change 2022 – Mitigation of Climate Change,https://climatekg.tibwiki.io/entity/Q2310,GPT
https://climatekg.tibwiki.io/entity/Q106,"Working Group II: Climate Change 2022 – Impacts, Adaptation and Vulnerability",https://climatekg.tibwiki.io/entity/Q3475,GQL
https://climatekg.tibwiki.io/entity/Q57,Special Report: The Ocean and Cryosphere in a Changing Climate,https://climatekg.tibwiki.io/entity/Q2942,GRACE
https://climatekg.tibwiki.io/entity/Q77,Working Group I: Climate Change 2021 – The Physical Science Basis,https://climatekg.tibwiki.io/entity/Q2942,GRACE
https://climatekg.tibwiki.io/entity/Q106,"Working Group II: Climate Change 2022 – Impacts, Adaptation and Vulnerability",https://climatekg.tibwiki.io/entity/Q2942,GRACE
https://climatekg.tibwiki.io/entity/Q10,Special Report: Global Warming of 1.5°C,https://climatekg.tibwiki.io/entity/Q2311,GRAPE
https://climatekg.tibwiki.io/entity/Q57,Special Report: The Ocean and Cryosphere in a Changing Climate,https://climatekg.tibwiki.io/entity/Q2943,GRD
https://climatekg.tibwiki.io/entity/Q77,Working Group I: Climate Change 2021 – The Physical Science Basis,https://climatekg.tibwiki.io/entity/Q2943,GRD
https://climatekg.tibwiki.io/entity/Q106,"Working Group II: Climate Change 2022 – Impacts, Adaptation and Vulnerability",https://climatekg.tibwiki.io/entity/Q3476,GRDC
https://climatekg.tibwiki.io/entity/Q10,Special Report: Global Warming of 1.5°C,https://climatekg.tibwiki.io/entity/Q2312,GSAT
https://climatekg.tibwiki.io/entity/Q77,Working Group I: Climate Change 2021 – The Physical Science Basis,https://climatekg.tibwiki.io/entity/Q2312,GSAT
https://climatekg.tibwiki.io/entity/Q106,"Working Group II: Climate Change 2022 – Impacts, Adaptation and Vulnerability",https://climatekg.tibwiki.io/entity/Q2312,GSAT
https://climatekg.tibwiki.io/entity/Q150,Working Group III: Climate Change 2022 – Mitigation of Climate Change,https://climatekg.tibwiki.io/entity/Q2312,GSAT
https://climatekg.tibwiki.io/entity/Q77,Working Group I: Climate Change 2021 – The Physical Science Basis,https://climatekg.tibwiki.io/entity/Q3174,GSMaP
https://climatekg.tibwiki.io/entity/Q57,Special Report: The Ocean and Cryosphere in a Changing Climate,https://climatekg.tibwiki.io/entity/Q2944,GSP
https://climatekg.tibwiki.io/entity/Q150,Working Group III: Climate Change 2022 – Mitigation of Climate Change,https://climatekg.tibwiki.io/entity/Q3823,GTEM
https://climatekg.tibwiki.io/entity/Q10,Special Report: Global Warming of 1.5°C,https://climatekg.tibwiki.io/entity/Q2314,GTP
https://climatekg.tibwiki.io/entity/Q77,Working Group I: Climate Change 2021 – The Physical Science Basis,https://climatekg.tibwiki.io/entity/Q2314,GTP
https://climatekg.tibwiki.io/entity/Q150,Working Group III: Climate Change 2022 – Mitigation of Climate Change,https://climatekg.tibwiki.io/entity/Q2314,GTP
https://climatekg.tibwiki.io/entity/Q189,"Climate Change 2023: Synthesis Report. Contribution of Working Groups I, II and III to the Sixth Assessment Report of the Intergovernmental Panel on Climate Change",https://climatekg.tibwiki.io/entity/Q3018,GW
https://climatekg.tibwiki.io/entity/Q106,"Working Group II: Climate Change 2022 – Impacts, Adaptation and Vulnerability",https://climatekg.tibwiki.io/entity/Q3018,GW
https://climatekg.tibwiki.io/entity/Q10,Special Report: Global Warming of 1.5°C,https://climatekg.tibwiki.io/entity/Q2315,GWA
https://climatekg.tibwiki.io/entity/Q189,"Climate Change 2023: Synthesis Report. Contribution of Working Groups I, II and III to the Sixth Assessment Report of the Intergovernmental Panel on Climate Change",https://climatekg.tibwiki.io/entity/Q3019,GWL
https://climatekg.tibwiki.io/entity/Q77,Working Group I: Climate Change 2021 – The Physical Science Basis,https://climatekg.tibwiki.io/entity/Q3019,GWL
https://climatekg.tibwiki.io/entity/Q106,"Working Group II: Climate Change 2022 – Impacts, Adaptation and Vulnerability",https://climatekg.tibwiki.io/entity/Q3019,GWL
https://climatekg.tibwiki.io/entity/Q35,Special Report: Climate Change and Land,https://climatekg.tibwiki.io/entity/Q2316,GWP
https://climatekg.tibwiki.io/entity/Q10,Special Report: Global Warming of 1.5°C,https://climatekg.tibwiki.io/entity/Q2316,GWP
https://climatekg.tibwiki.io/entity/Q57,Special Report: The Ocean and Cryosphere in a Changing Climate,https://climatekg.tibwiki.io/entity/Q2316,GWP
https://climatekg.tibwiki.io/entity/Q77,Working Group I: Climate Change 2021 – The Physical Science Basis,https://climatekg.tibwiki.io/entity/Q2316,GWP
https://climatekg.tibwiki.io/entity/Q106,"Working Group II: Climate Change 2022 – Impacts, Adaptation and Vulnerability",https://climatekg.tibwiki.io/entity/Q2316,GWP
https://climatekg.tibwiki.io/entity/Q150,Working Group III: Climate Change 2022 – Mitigation of Climate Change,https://climatekg.tibwiki.io/entity/Q2316,GWP
https://climatekg.tibwiki.io/entity/Q189,"Climate Change 2023: Synthesis Report. Contribution of Working Groups I, II and III to the Sixth Assessment Report of the Intergovernmental Panel on Climate Change",https://climatekg.tibwiki.io/entity/Q3020,GWP100
https://climatekg.tibwiki.io/entity/Q150,Working Group III: Climate Change 2022 – Mitigation of Climate Change,https://climatekg.tibwiki.io/entity/Q3020,GWP100
https://climatekg.tibwiki.io/entity/Q106,"Working Group II: Climate Change 2022 – Impacts, Adaptation and Vulnerability",https://climatekg.tibwiki.io/entity/Q3477,GWR
https://climatekg.tibwiki.io/entity/Q106,"Working Group II: Climate Change 2022 – Impacts, Adaptation and Vulnerability",https://climatekg.tibwiki.io/entity/Q3478,GWRC
https://climatekg.tibwiki.io/entity/Q106,"Working Group II: Climate Change 2022 – Impacts, Adaptation and Vulnerability",https://climatekg.tibwiki.io/entity/Q3479,GWSHP
https://climatekg.tibwiki.io/entity/Q106,"Working Group II: Climate Change 2022 – Impacts, Adaptation and Vulnerability",https://climatekg.tibwiki.io/entity/Q3480,GWSI
https://climatekg.tibwiki.io/entity/Q10,Special Report: Global Warming of 1.5°C,https://climatekg.tibwiki.io/entity/Q2287,GeSI
https://climatekg.tibwiki.io/entity/Q77,Working Group I: Climate Change 2021 – The Physical Science Basis,https://climatekg.tibwiki.io/entity/Q3158,GeoMIP
https://climatekg.tibwiki.io/entity/Q35,Special Report: Climate Change and Land,https://climatekg.tibwiki.io/entity/Q2291,Gha
https://climatekg.tibwiki.io/entity/Q10,Special Report: Global Warming of 1.5°C,https://climatekg.tibwiki.io/entity/Q2291,Gha
https://climatekg.tibwiki.io/entity/Q106,"Working Group II: Climate Change 2022 – Impacts, Adaptation and Vulnerability",https://climatekg.tibwiki.io/entity/Q2291,Gha
https://climatekg.tibwiki.io/entity/Q77,Working Group I: Climate Change 2021 – The Physical Science Basis,https://climatekg.tibwiki.io/entity/Q3162,GlacierMIP
https://climatekg.tibwiki.io/entity/Q77,Working Group I: Climate Change 2021 – The Physical Science Basis,https://climatekg.tibwiki.io/entity/Q3164,GloGEM
https://climatekg.tibwiki.io/entity/Q10,Special Report: Global Warming of 1.5°C,https://climatekg.tibwiki.io/entity/Q2300,Glob-HM
https://climatekg.tibwiki.io/entity/Q77,Working Group I: Climate Change 2021 – The Physical Science Basis,https://climatekg.tibwiki.io/entity/Q3173,GrIS
https://climatekg.tibwiki.io/entity/Q189,"Climate Change 2023: Synthesis Report. Contribution of Working Groups I, II and III to the Sixth Assessment Report of the Intergovernmental Panel on Climate Change",https://climatekg.tibwiki.io/entity/Q2313,Gt
https://climatekg.tibwiki.io/entity/Q10,Special Report: Global Warming of 1.5°C,https://climatekg.tibwiki.io/entity/Q2313,Gt
https://climatekg.tibwiki.io/entity/Q150,Working Group III: Climate Change 2022 – Mitigation of Climate Change,https://climatekg.tibwiki.io/entity/Q2313,Gt
https://climatekg.tibwiki.io/entity/Q77,Working Group I: Climate Change 2021 – The Physical Science Basis,https://climatekg.tibwiki.io/entity/Q3175,GtC
https://climatekg.tibwiki.io/entity/Q77,Working Group I: Climate Change 2021 – The Physical Science Basis,https://climatekg.tibwiki.io/entity/Q3176,GtCO2
https://climatekg.tibwiki.io/entity/Q150,Working Group III: Climate Change 2022 – Mitigation of Climate Change,https://climatekg.tibwiki.io/entity/Q3822,GtCO2-eq
https://climatekg.tibwiki.io/entity/Q106,"Working Group II: Climate Change 2022 – Impacts, Adaptation and Vulnerability",https://climatekg.tibwiki.io/entity/Q3481,H
https://climatekg.tibwiki.io/entity/Q150,Working Group III: Climate Change 2022 – Mitigation of Climate Change,https://climatekg.tibwiki.io/entity/Q3827,H-DRI
https://climatekg.tibwiki.io/entity/Q35,Special Report: Climate Change and Land,https://climatekg.tibwiki.io/entity/Q2318,H2
https://climatekg.tibwiki.io/entity/Q10,Special Report: Global Warming of 1.5°C,https://climatekg.tibwiki.io/entity/Q2318,H2
https://climatekg.tibwiki.io/entity/Q57,Special Report: The Ocean and Cryosphere in a Changing Climate,https://climatekg.tibwiki.io/entity/Q2945,HAB
https://climatekg.tibwiki.io/entity/Q106,"Working Group II: Climate Change 2022 – Impacts, Adaptation and Vulnerability",https://climatekg.tibwiki.io/entity/Q2945,HAB
https://climatekg.tibwiki.io/entity/Q35,Special Report: Climate Change and Land,https://climatekg.tibwiki.io/entity/Q2743,HANPP
https://climatekg.tibwiki.io/entity/Q106,"Working Group II: Climate Change 2022 – Impacts, Adaptation and Vulnerability",https://climatekg.tibwiki.io/entity/Q3482,HAP
https://climatekg.tibwiki.io/entity/Q150,Working Group III: Climate Change 2022 – Mitigation of Climate Change,https://climatekg.tibwiki.io/entity/Q3482,HAP
https://climatekg.tibwiki.io/entity/Q35,Special Report: Climate Change and Land,https://climatekg.tibwiki.io/entity/Q2324,HAPPI
https://climatekg.tibwiki.io/entity/Q10,Special Report: Global Warming of 1.5°C,https://climatekg.tibwiki.io/entity/Q2324,HAPPI
https://climatekg.tibwiki.io/entity/Q77,Working Group I: Climate Change 2021 – The Physical Science Basis,https://climatekg.tibwiki.io/entity/Q3180,HC
https://climatekg.tibwiki.io/entity/Q150,Working Group III: Climate Change 2022 – Mitigation of Climate Change,https://climatekg.tibwiki.io/entity/Q3824,HCE
https://climatekg.tibwiki.io/entity/Q77,Working Group I: Climate Change 2021 – The Physical Science Basis,https://climatekg.tibwiki.io/entity/Q3181,HCFC
https://climatekg.tibwiki.io/entity/Q150,Working Group III: Climate Change 2022 – Mitigation of Climate Change,https://climatekg.tibwiki.io/entity/Q3825,HCFCs
https://climatekg.tibwiki.io/entity/Q150,Working Group III: Climate Change 2022 – Mitigation of Climate Change,https://climatekg.tibwiki.io/entity/Q3826,HCS
https://climatekg.tibwiki.io/entity/Q106,"Working Group II: Climate Change 2022 – Impacts, Adaptation and Vulnerability",https://climatekg.tibwiki.io/entity/Q3483,HCSA
https://climatekg.tibwiki.io/entity/Q106,"Working Group II: Climate Change 2022 – Impacts, Adaptation and Vulnerability",https://climatekg.tibwiki.io/entity/Q3484,HCVA
https://climatekg.tibwiki.io/entity/Q77,Working Group I: Climate Change 2021 – The Physical Science Basis,https://climatekg.tibwiki.io/entity/Q3182,HD
https://climatekg.tibwiki.io/entity/Q106,"Working Group II: Climate Change 2022 – Impacts, Adaptation and Vulnerability",https://climatekg.tibwiki.io/entity/Q3485,HDD
https://climatekg.tibwiki.io/entity/Q35,Special Report: Climate Change and Land,https://climatekg.tibwiki.io/entity/Q2744,HDI
https://climatekg.tibwiki.io/entity/Q106,"Working Group II: Climate Change 2022 – Impacts, Adaptation and Vulnerability",https://climatekg.tibwiki.io/entity/Q2744,HDI
https://climatekg.tibwiki.io/entity/Q150,Working Group III: Climate Change 2022 – Mitigation of Climate Change,https://climatekg.tibwiki.io/entity/Q2744,HDI
https://climatekg.tibwiki.io/entity/Q106,"Working Group II: Climate Change 2022 – Impacts, Adaptation and Vulnerability",https://climatekg.tibwiki.io/entity/Q3486,HDSR
https://climatekg.tibwiki.io/entity/Q10,Special Report: Global Warming of 1.5°C,https://climatekg.tibwiki.io/entity/Q2325,HDV
https://climatekg.tibwiki.io/entity/Q150,Working Group III: Climate Change 2022 – Mitigation of Climate Change,https://climatekg.tibwiki.io/entity/Q2325,HDV
https://climatekg.tibwiki.io/entity/Q35,Special Report: Climate Change and Land,https://climatekg.tibwiki.io/entity/Q2745,HEI
https://climatekg.tibwiki.io/entity/Q106,"Working Group II: Climate Change 2022 – Impacts, Adaptation and Vulnerability",https://climatekg.tibwiki.io/entity/Q3487,HELP
https://climatekg.tibwiki.io/entity/Q150,Working Group III: Climate Change 2022 – Mitigation of Climate Change,https://climatekg.tibwiki.io/entity/Q3828,HEMS
https://climatekg.tibwiki.io/entity/Q150,Working Group III: Climate Change 2022 – Mitigation of Climate Change,https://climatekg.tibwiki.io/entity/Q3829,HES
https://climatekg.tibwiki.io/entity/Q10,Special Report: Global Warming of 1.5°C,https://climatekg.tibwiki.io/entity/Q2326,HEV
https://climatekg.tibwiki.io/entity/Q150,Working Group III: Climate Change 2022 – Mitigation of Climate Change,https://climatekg.tibwiki.io/entity/Q2326,HEV
https://climatekg.tibwiki.io/entity/Q57,Special Report: The Ocean and Cryosphere in a Changing Climate,https://climatekg.tibwiki.io/entity/Q2946,HFC
https://climatekg.tibwiki.io/entity/Q77,Working Group I: Climate Change 2021 – The Physical Science Basis,https://climatekg.tibwiki.io/entity/Q2946,HFC
https://climatekg.tibwiki.io/entity/Q106,"Working Group II: Climate Change 2022 – Impacts, Adaptation and Vulnerability",https://climatekg.tibwiki.io/entity/Q2946,HFC
https://climatekg.tibwiki.io/entity/Q150,Working Group III: Climate Change 2022 – Mitigation of Climate Change,https://climatekg.tibwiki.io/entity/Q2946,HFC
https://climatekg.tibwiki.io/entity/Q150,Working Group III: Climate Change 2022 – Mitigation of Climate Change,https://climatekg.tibwiki.io/entity/Q3830,HFCV
https://climatekg.tibwiki.io/entity/Q189,"Climate Change 2023: Synthesis Report. Contribution of Working Groups I, II and III to the Sixth Assessment Report of the Intergovernmental Panel on Climate Change",https://climatekg.tibwiki.io/entity/Q2327,HFCs
https://climatekg.tibwiki.io/entity/Q10,Special Report: Global Warming of 1.5°C,https://climatekg.tibwiki.io/entity/Q2327,HFCs
https://climatekg.tibwiki.io/entity/Q106,"Working Group II: Climate Change 2022 – Impacts, Adaptation and Vulnerability",https://climatekg.tibwiki.io/entity/Q3488,HFRS
https://climatekg.tibwiki.io/entity/Q35,Special Report: Climate Change and Land,https://climatekg.tibwiki.io/entity/Q2746,HHP
https://climatekg.tibwiki.io/entity/Q77,Working Group I: Climate Change 2021 – The Physical Science Basis,https://climatekg.tibwiki.io/entity/Q3183,HI
https://climatekg.tibwiki.io/entity/Q150,Working Group III: Climate Change 2022 – Mitigation of Climate Change,https://climatekg.tibwiki.io/entity/Q3831,HIHD
https://climatekg.tibwiki.io/entity/Q106,"Working Group II: Climate Change 2022 – Impacts, Adaptation and Vulnerability",https://climatekg.tibwiki.io/entity/Q3489,HIV
https://climatekg.tibwiki.io/entity/Q35,Special Report: Climate Change and Land,https://climatekg.tibwiki.io/entity/Q2747,HKH
https://climatekg.tibwiki.io/entity/Q77,Working Group I: Climate Change 2021 – The Physical Science Basis,https://climatekg.tibwiki.io/entity/Q2747,HKH
https://climatekg.tibwiki.io/entity/Q106,"Working Group II: Climate Change 2022 – Impacts, Adaptation and Vulnerability",https://climatekg.tibwiki.io/entity/Q2747,HKH
https://climatekg.tibwiki.io/entity/Q10,Special Report: Global Warming of 1.5°C,https://climatekg.tibwiki.io/entity/Q2328,HLCCP
https://climatekg.tibwiki.io/entity/Q106,"Working Group II: Climate Change 2022 – Impacts, Adaptation and Vulnerability",https://climatekg.tibwiki.io/entity/Q3490,HLD
https://climatekg.tibwiki.io/entity/Q35,Special Report: Climate Change and Land,https://climatekg.tibwiki.io/entity/Q2329,HLPE
https://climatekg.tibwiki.io/entity/Q10,Special Report: Global Warming of 1.5°C,https://climatekg.tibwiki.io/entity/Q2329,HLPE
https://climatekg.tibwiki.io/entity/Q150,Working Group III: Climate Change 2022 – Mitigation of Climate Change,https://climatekg.tibwiki.io/entity/Q3832,HLPF
https://climatekg.tibwiki.io/entity/Q150,Working Group III: Climate Change 2022 – Mitigation of Climate Change,https://climatekg.tibwiki.io/entity/Q3833,HN
https://climatekg.tibwiki.io/entity/Q77,Working Group I: Climate Change 2021 – The Physical Science Basis,https://climatekg.tibwiki.io/entity/Q3185,HNO3
https://climatekg.tibwiki.io/entity/Q106,"Working Group II: Climate Change 2022 – Impacts, Adaptation and Vulnerability",https://climatekg.tibwiki.io/entity/Q3491,HNPP
https://climatekg.tibwiki.io/entity/Q106,"Working Group II: Climate Change 2022 – Impacts, Adaptation and Vulnerability",https://climatekg.tibwiki.io/entity/Q3492,HPLE
https://climatekg.tibwiki.io/entity/Q106,"Working Group II: Climate Change 2022 – Impacts, Adaptation and Vulnerability",https://climatekg.tibwiki.io/entity/Q3493,HRBA
https://climatekg.tibwiki.io/entity/Q57,Special Report: The Ocean and Cryosphere in a Changing Climate,https://climatekg.tibwiki.io/entity/Q2947,HSM
https://climatekg.tibwiki.io/entity/Q150,Working Group III: Climate Change 2022 – Mitigation of Climate Change,https://climatekg.tibwiki.io/entity/Q3834,HSR
https://climatekg.tibwiki.io/entity/Q10,Special Report: Global Warming of 1.5°C,https://climatekg.tibwiki.io/entity/Q2330,HSRTF
https://climatekg.tibwiki.io/entity/Q10,Special Report: Global Warming of 1.5°C,https://climatekg.tibwiki.io/entity/Q2331,HTM
https://climatekg.tibwiki.io/entity/Q106,"Working Group II: Climate Change 2022 – Impacts, Adaptation and Vulnerability",https://climatekg.tibwiki.io/entity/Q3494,HVAC
https://climatekg.tibwiki.io/entity/Q150,Working Group III: Climate Change 2022 – Mitigation of Climate Change,https://climatekg.tibwiki.io/entity/Q3494,HVAC
https://climatekg.tibwiki.io/entity/Q150,Working Group III: Climate Change 2022 – Mitigation of Climate Change,https://climatekg.tibwiki.io/entity/Q3835,HVO
https://climatekg.tibwiki.io/entity/Q35,Special Report: Climate Change and Land,https://climatekg.tibwiki.io/entity/Q2748,HYDE
https://climatekg.tibwiki.io/entity/Q150,Working Group III: Climate Change 2022 – Mitigation of Climate Change,https://climatekg.tibwiki.io/entity/Q2748,HYDE
https://climatekg.tibwiki.io/entity/Q10,Special Report: Global Warming of 1.5°C,https://climatekg.tibwiki.io/entity/Q2332,HYMOD
https://climatekg.tibwiki.io/entity/Q10,Special Report: Global Warming of 1.5°C,https://climatekg.tibwiki.io/entity/Q2319,HadCM
https://climatekg.tibwiki.io/entity/Q35,Special Report: Climate Change and Land,https://climatekg.tibwiki.io/entity/Q2742,HadCM3
https://climatekg.tibwiki.io/entity/Q106,"Working Group II: Climate Change 2022 – Impacts, Adaptation and Vulnerability",https://climatekg.tibwiki.io/entity/Q2742,HadCM3
https://climatekg.tibwiki.io/entity/Q10,Special Report: Global Warming of 1.5°C,https://climatekg.tibwiki.io/entity/Q2320,HadCRUT
https://climatekg.tibwiki.io/entity/Q77,Working Group I: Climate Change 2021 – The Physical Science Basis,https://climatekg.tibwiki.io/entity/Q2320,HadCRUT
https://climatekg.tibwiki.io/entity/Q10,Special Report: Global Warming of 1.5°C,https://climatekg.tibwiki.io/entity/Q2321,HadEX
https://climatekg.tibwiki.io/entity/Q77,Working Group I: Climate Change 2021 – The Physical Science Basis,https://climatekg.tibwiki.io/entity/Q3177,HadEX3
https://climatekg.tibwiki.io/entity/Q10,Special Report: Global Warming of 1.5°C,https://climatekg.tibwiki.io/entity/Q2322,HadGEM
https://climatekg.tibwiki.io/entity/Q77,Working Group I: Climate Change 2021 – The Physical Science Basis,https://climatekg.tibwiki.io/entity/Q2322,HadGEM
https://climatekg.tibwiki.io/entity/Q77,Working Group I: Climate Change 2021 – The Physical Science Basis,https://climatekg.tibwiki.io/entity/Q3178,HadISST
https://climatekg.tibwiki.io/entity/Q10,Special Report: Global Warming of 1.5°C,https://climatekg.tibwiki.io/entity/Q2323,HadRM
https://climatekg.tibwiki.io/entity/Q77,Working Group I: Climate Change 2021 – The Physical Science Basis,https://climatekg.tibwiki.io/entity/Q3179,HadSST
https://climatekg.tibwiki.io/entity/Q77,Working Group I: Climate Change 2021 – The Physical Science Basis,https://climatekg.tibwiki.io/entity/Q3184,HighResMIP
https://climatekg.tibwiki.io/entity/Q10,Special Report: Global Warming of 1.5°C,https://climatekg.tibwiki.io/entity/Q2333,IAEA
https://climatekg.tibwiki.io/entity/Q57,Special Report: The Ocean and Cryosphere in a Changing Climate,https://climatekg.tibwiki.io/entity/Q2333,IAEA
https://climatekg.tibwiki.io/entity/Q150,Working Group III: Climate Change 2022 – Mitigation of Climate Change,https://climatekg.tibwiki.io/entity/Q3836,IAGA
https://climatekg.tibwiki.io/entity/Q77,Working Group I: Climate Change 2021 – The Physical Science Basis,https://climatekg.tibwiki.io/entity/Q3186,IAGOS
https://climatekg.tibwiki.io/entity/Q35,Special Report: Climate Change and Land,https://climatekg.tibwiki.io/entity/Q2749,IAM
https://climatekg.tibwiki.io/entity/Q77,Working Group I: Climate Change 2021 – The Physical Science Basis,https://climatekg.tibwiki.io/entity/Q2749,IAM
https://climatekg.tibwiki.io/entity/Q106,"Working Group II: Climate Change 2022 – Impacts, Adaptation and Vulnerability",https://climatekg.tibwiki.io/entity/Q2749,IAM
https://climatekg.tibwiki.io/entity/Q150,Working Group III: Climate Change 2022 – Mitigation of Climate Change,https://climatekg.tibwiki.io/entity/Q2749,IAM
https://climatekg.tibwiki.io/entity/Q10,Special Report: Global Warming of 1.5°C,https://climatekg.tibwiki.io/entity/Q2334,IAMC
https://climatekg.tibwiki.io/entity/Q10,Special Report: Global Warming of 1.5°C,https://climatekg.tibwiki.io/entity/Q2335,IAMs
https://climatekg.tibwiki.io/entity/Q106,"Working Group II: Climate Change 2022 – Impacts, Adaptation and Vulnerability",https://climatekg.tibwiki.io/entity/Q3495,IAS
https://climatekg.tibwiki.io/entity/Q10,Special Report: Global Warming of 1.5°C,https://climatekg.tibwiki.io/entity/Q2336,IBA
https://climatekg.tibwiki.io/entity/Q106,"Working Group II: Climate Change 2022 – Impacts, Adaptation and Vulnerability",https://climatekg.tibwiki.io/entity/Q3496,IBAI
https://climatekg.tibwiki.io/entity/Q150,Working Group III: Climate Change 2022 – Mitigation of Climate Change,https://climatekg.tibwiki.io/entity/Q3837,IBE
https://climatekg.tibwiki.io/entity/Q10,Special Report: Global Warming of 1.5°C,https://climatekg.tibwiki.io/entity/Q2337,IBI
https://climatekg.tibwiki.io/entity/Q106,"Working Group II: Climate Change 2022 – Impacts, Adaptation and Vulnerability",https://climatekg.tibwiki.io/entity/Q3497,ICA
https://climatekg.tibwiki.io/entity/Q10,Special Report: Global Warming of 1.5°C,https://climatekg.tibwiki.io/entity/Q2338,ICAMS
https://climatekg.tibwiki.io/entity/Q150,Working Group III: Climate Change 2022 – Mitigation of Climate Change,https://climatekg.tibwiki.io/entity/Q3838,ICAO
https://climatekg.tibwiki.io/entity/Q35,Special Report: Climate Change and Land,https://climatekg.tibwiki.io/entity/Q2750,ICARDA
https://climatekg.tibwiki.io/entity/Q57,Special Report: The Ocean and Cryosphere in a Changing Climate,https://climatekg.tibwiki.io/entity/Q2948,ICC
https://climatekg.tibwiki.io/entity/Q35,Special Report: Climate Change and Land,https://climatekg.tibwiki.io/entity/Q2751,ICCC
https://climatekg.tibwiki.io/entity/Q150,Working Group III: Climate Change 2022 – Mitigation of Climate Change,https://climatekg.tibwiki.io/entity/Q3839,ICCT
https://climatekg.tibwiki.io/entity/Q77,Working Group I: Climate Change 2021 – The Physical Science Basis,https://climatekg.tibwiki.io/entity/Q3187,ICE
https://climatekg.tibwiki.io/entity/Q150,Working Group III: Climate Change 2022 – Mitigation of Climate Change,https://climatekg.tibwiki.io/entity/Q3187,ICE
https://climatekg.tibwiki.io/entity/Q10,Special Report: Global Warming of 1.5°C,https://climatekg.tibwiki.io/entity/Q2339,ICEM
https://climatekg.tibwiki.io/entity/Q77,Working Group I: Climate Change 2021 – The Physical Science Basis,https://climatekg.tibwiki.io/entity/Q3188,ICESat
https://climatekg.tibwiki.io/entity/Q150,Working Group III: Climate Change 2022 – Mitigation of Climate Change,https://climatekg.tibwiki.io/entity/Q3840,ICEV
https://climatekg.tibwiki.io/entity/Q150,Working Group III: Climate Change 2022 – Mitigation of Climate Change,https://climatekg.tibwiki.io/entity/Q3841,ICI
https://climatekg.tibwiki.io/entity/Q150,Working Group III: Climate Change 2022 – Mitigation of Climate Change,https://climatekg.tibwiki.io/entity/Q3842,ICJ
https://climatekg.tibwiki.io/entity/Q10,Special Report: Global Warming of 1.5°C,https://climatekg.tibwiki.io/entity/Q2340,ICLEI
https://climatekg.tibwiki.io/entity/Q106,"Working Group II: Climate Change 2022 – Impacts, Adaptation and Vulnerability",https://climatekg.tibwiki.io/entity/Q2340,ICLEI
https://climatekg.tibwiki.io/entity/Q57,Special Report: The Ocean and Cryosphere in a Changing Climate,https://climatekg.tibwiki.io/entity/Q2949,ICM
https://climatekg.tibwiki.io/entity/Q106,"Working Group II: Climate Change 2022 – Impacts, Adaptation and Vulnerability",https://climatekg.tibwiki.io/entity/Q2949,ICM
https://climatekg.tibwiki.io/entity/Q106,"Working Group II: Climate Change 2022 – Impacts, Adaptation and Vulnerability",https://climatekg.tibwiki.io/entity/Q3498,ICNZ
https://climatekg.tibwiki.io/entity/Q77,Working Group I: Climate Change 2021 – The Physical Science Basis,https://climatekg.tibwiki.io/entity/Q3189,ICOADS
https://climatekg.tibwiki.io/entity/Q35,Special Report: Climate Change and Land,https://climatekg.tibwiki.io/entity/Q2752,ICOS
https://climatekg.tibwiki.io/entity/Q35,Special Report: Climate Change and Land,https://climatekg.tibwiki.io/entity/Q2753,ICPAC
https://climatekg.tibwiki.io/entity/Q10,Special Report: Global Warming of 1.5°C,https://climatekg.tibwiki.io/entity/Q2341,ICPDR
https://climatekg.tibwiki.io/entity/Q106,"Working Group II: Climate Change 2022 – Impacts, Adaptation and Vulnerability",https://climatekg.tibwiki.io/entity/Q3499,ICRI
https://climatekg.tibwiki.io/entity/Q35,Special Report: Climate Change and Land,https://climatekg.tibwiki.io/entity/Q2342,ICSU
https://climatekg.tibwiki.io/entity/Q10,Special Report: Global Warming of 1.5°C,https://climatekg.tibwiki.io/entity/Q2342,ICSU
https://climatekg.tibwiki.io/entity/Q35,Special Report: Climate Change and Land,https://climatekg.tibwiki.io/entity/Q2343,ICT
https://climatekg.tibwiki.io/entity/Q10,Special Report: Global Warming of 1.5°C,https://climatekg.tibwiki.io/entity/Q2343,ICT
https://climatekg.tibwiki.io/entity/Q106,"Working Group II: Climate Change 2022 – Impacts, Adaptation and Vulnerability",https://climatekg.tibwiki.io/entity/Q2343,ICT
https://climatekg.tibwiki.io/entity/Q150,Working Group III: Climate Change 2022 – Mitigation of Climate Change,https://climatekg.tibwiki.io/entity/Q2343,ICT
https://climatekg.tibwiki.io/entity/Q35,Special Report: Climate Change and Land,https://climatekg.tibwiki.io/entity/Q2754,ICTP
https://climatekg.tibwiki.io/entity/Q106,"Working Group II: Climate Change 2022 – Impacts, Adaptation and Vulnerability",https://climatekg.tibwiki.io/entity/Q3500,ICV
https://climatekg.tibwiki.io/entity/Q57,Special Report: The Ocean and Cryosphere in a Changing Climate,https://climatekg.tibwiki.io/entity/Q2950,ICZM
https://climatekg.tibwiki.io/entity/Q106,"Working Group II: Climate Change 2022 – Impacts, Adaptation and Vulnerability",https://climatekg.tibwiki.io/entity/Q2950,ICZM
https://climatekg.tibwiki.io/entity/Q106,"Working Group II: Climate Change 2022 – Impacts, Adaptation and Vulnerability",https://climatekg.tibwiki.io/entity/Q3501,ID
https://climatekg.tibwiki.io/entity/Q150,Working Group III: Climate Change 2022 – Mitigation of Climate Change,https://climatekg.tibwiki.io/entity/Q3843,IDDRI
https://climatekg.tibwiki.io/entity/Q106,"Working Group II: Climate Change 2022 – Impacts, Adaptation and Vulnerability",https://climatekg.tibwiki.io/entity/Q3502,IDF
https://climatekg.tibwiki.io/entity/Q106,"Working Group II: Climate Change 2022 – Impacts, Adaptation and Vulnerability",https://climatekg.tibwiki.io/entity/Q3503,IDMC
https://climatekg.tibwiki.io/entity/Q106,"Working Group II: Climate Change 2022 – Impacts, Adaptation and Vulnerability",https://climatekg.tibwiki.io/entity/Q3504,IDP
https://climatekg.tibwiki.io/entity/Q189,"Climate Change 2023: Synthesis Report. Contribution of Working Groups I, II and III to the Sixth Assessment Report of the Intergovernmental Panel on Climate Change",https://climatekg.tibwiki.io/entity/Q2344,IEA
https://climatekg.tibwiki.io/entity/Q35,Special Report: Climate Change and Land,https://climatekg.tibwiki.io/entity/Q2344,IEA
https://climatekg.tibwiki.io/entity/Q10,Special Report: Global Warming of 1.5°C,https://climatekg.tibwiki.io/entity/Q2344,IEA
https://climatekg.tibwiki.io/entity/Q106,"Working Group II: Climate Change 2022 – Impacts, Adaptation and Vulnerability",https://climatekg.tibwiki.io/entity/Q2344,IEA
https://climatekg.tibwiki.io/entity/Q150,Working Group III: Climate Change 2022 – Mitigation of Climate Change,https://climatekg.tibwiki.io/entity/Q2344,IEA
https://climatekg.tibwiki.io/entity/Q189,"Climate Change 2023: Synthesis Report. Contribution of Working Groups I, II and III to the Sixth Assessment Report of the Intergovernmental Panel on Climate Change",https://climatekg.tibwiki.io/entity/Q3021,IEA-STEPS
https://climatekg.tibwiki.io/entity/Q10,Special Report: Global Warming of 1.5°C,https://climatekg.tibwiki.io/entity/Q2345,IEAGHG
https://climatekg.tibwiki.io/entity/Q35,Special Report: Climate Change and Land,https://climatekg.tibwiki.io/entity/Q2346,IFAD
https://climatekg.tibwiki.io/entity/Q10,Special Report: Global Warming of 1.5°C,https://climatekg.tibwiki.io/entity/Q2346,IFAD
https://climatekg.tibwiki.io/entity/Q150,Working Group III: Climate Change 2022 – Mitigation of Climate Change,https://climatekg.tibwiki.io/entity/Q3844,IFC
https://climatekg.tibwiki.io/entity/Q150,Working Group III: Climate Change 2022 – Mitigation of Climate Change,https://climatekg.tibwiki.io/entity/Q3845,IFDD
https://climatekg.tibwiki.io/entity/Q150,Working Group III: Climate Change 2022 – Mitigation of Climate Change,https://climatekg.tibwiki.io/entity/Q3846,IFI
https://climatekg.tibwiki.io/entity/Q35,Special Report: Climate Change and Land,https://climatekg.tibwiki.io/entity/Q2347,IFPRI
https://climatekg.tibwiki.io/entity/Q10,Special Report: Global Warming of 1.5°C,https://climatekg.tibwiki.io/entity/Q2347,IFPRI
https://climatekg.tibwiki.io/entity/Q106,"Working Group II: Climate Change 2022 – Impacts, Adaptation and Vulnerability",https://climatekg.tibwiki.io/entity/Q2347,IFPRI
https://climatekg.tibwiki.io/entity/Q35,Special Report: Climate Change and Land,https://climatekg.tibwiki.io/entity/Q2755,IGAD
https://climatekg.tibwiki.io/entity/Q10,Special Report: Global Warming of 1.5°C,https://climatekg.tibwiki.io/entity/Q2348,IGCC
https://climatekg.tibwiki.io/entity/Q106,"Working Group II: Climate Change 2022 – Impacts, Adaptation and Vulnerability",https://climatekg.tibwiki.io/entity/Q2348,IGCC
https://climatekg.tibwiki.io/entity/Q150,Working Group III: Climate Change 2022 – Mitigation of Climate Change,https://climatekg.tibwiki.io/entity/Q2348,IGCC
https://climatekg.tibwiki.io/entity/Q35,Special Report: Climate Change and Land,https://climatekg.tibwiki.io/entity/Q2756,IHME
https://climatekg.tibwiki.io/entity/Q106,"Working Group II: Climate Change 2022 – Impacts, Adaptation and Vulnerability",https://climatekg.tibwiki.io/entity/Q2756,IHME
https://climatekg.tibwiki.io/entity/Q10,Special Report: Global Warming of 1.5°C,https://climatekg.tibwiki.io/entity/Q2349,IIASA
https://climatekg.tibwiki.io/entity/Q150,Working Group III: Climate Change 2022 – Mitigation of Climate Change,https://climatekg.tibwiki.io/entity/Q2349,IIASA
https://climatekg.tibwiki.io/entity/Q106,"Working Group II: Climate Change 2022 – Impacts, Adaptation and Vulnerability",https://climatekg.tibwiki.io/entity/Q3505,IIED
https://climatekg.tibwiki.io/entity/Q10,Special Report: Global Warming of 1.5°C,https://climatekg.tibwiki.io/entity/Q2350,IIF
https://climatekg.tibwiki.io/entity/Q150,Working Group III: Climate Change 2022 – Mitigation of Climate Change,https://climatekg.tibwiki.io/entity/Q3847,IIGCC
https://climatekg.tibwiki.io/entity/Q106,"Working Group II: Climate Change 2022 – Impacts, Adaptation and Vulnerability",https://climatekg.tibwiki.io/entity/Q3506,IISD
https://climatekg.tibwiki.io/entity/Q150,Working Group III: Climate Change 2022 – Mitigation of Climate Change,https://climatekg.tibwiki.io/entity/Q3848,IIoT
https://climatekg.tibwiki.io/entity/Q35,Special Report: Climate Change and Land,https://climatekg.tibwiki.io/entity/Q2757,IK
https://climatekg.tibwiki.io/entity/Q57,Special Report: The Ocean and Cryosphere in a Changing Climate,https://climatekg.tibwiki.io/entity/Q2757,IK
https://climatekg.tibwiki.io/entity/Q106,"Working Group II: Climate Change 2022 – Impacts, Adaptation and Vulnerability",https://climatekg.tibwiki.io/entity/Q2757,IK
https://climatekg.tibwiki.io/entity/Q106,"Working Group II: Climate Change 2022 – Impacts, Adaptation and Vulnerability",https://climatekg.tibwiki.io/entity/Q3507,IKLK
https://climatekg.tibwiki.io/entity/Q150,Working Group III: Climate Change 2022 – Mitigation of Climate Change,https://climatekg.tibwiki.io/entity/Q3849,ILB
https://climatekg.tibwiki.io/entity/Q35,Special Report: Climate Change and Land,https://climatekg.tibwiki.io/entity/Q2758,ILK
https://climatekg.tibwiki.io/entity/Q150,Working Group III: Climate Change 2022 – Mitigation of Climate Change,https://climatekg.tibwiki.io/entity/Q3850,ILM
https://climatekg.tibwiki.io/entity/Q10,Special Report: Global Warming of 1.5°C,https://climatekg.tibwiki.io/entity/Q2352,IMACLIM-NLU
https://climatekg.tibwiki.io/entity/Q35,Special Report: Climate Change and Land,https://climatekg.tibwiki.io/entity/Q2353,IMAGE
https://climatekg.tibwiki.io/entity/Q10,Special Report: Global Warming of 1.5°C,https://climatekg.tibwiki.io/entity/Q2353,IMAGE
https://climatekg.tibwiki.io/entity/Q77,Working Group I: Climate Change 2021 – The Physical Science Basis,https://climatekg.tibwiki.io/entity/Q3190,IMBIE
https://climatekg.tibwiki.io/entity/Q10,Special Report: Global Warming of 1.5°C,https://climatekg.tibwiki.io/entity/Q2354,IMF
https://climatekg.tibwiki.io/entity/Q106,"Working Group II: Climate Change 2022 – Impacts, Adaptation and Vulnerability",https://climatekg.tibwiki.io/entity/Q2354,IMF
https://climatekg.tibwiki.io/entity/Q150,Working Group III: Climate Change 2022 – Mitigation of Climate Change,https://climatekg.tibwiki.io/entity/Q2354,IMF
https://climatekg.tibwiki.io/entity/Q10,Special Report: Global Warming of 1.5°C,https://climatekg.tibwiki.io/entity/Q2355,IMO
https://climatekg.tibwiki.io/entity/Q57,Special Report: The Ocean and Cryosphere in a Changing Climate,https://climatekg.tibwiki.io/entity/Q2355,IMO
https://climatekg.tibwiki.io/entity/Q150,Working Group III: Climate Change 2022 – Mitigation of Climate Change,https://climatekg.tibwiki.io/entity/Q2355,IMO
https://climatekg.tibwiki.io/entity/Q189,"Climate Change 2023: Synthesis Report. Contribution of Working Groups I, II and III to the Sixth Assessment Report of the Intergovernmental Panel on Climate Change",https://climatekg.tibwiki.io/entity/Q3022,IMP
https://climatekg.tibwiki.io/entity/Q150,Working Group III: Climate Change 2022 – Mitigation of Climate Change,https://climatekg.tibwiki.io/entity/Q3022,IMP
https://climatekg.tibwiki.io/entity/Q150,Working Group III: Climate Change 2022 – Mitigation of Climate Change,https://climatekg.tibwiki.io/entity/Q3851,IMP-GS
https://climatekg.tibwiki.io/entity/Q189,"Climate Change 2023: Synthesis Report. Contribution of Working Groups I, II and III to the Sixth Assessment Report of the Intergovernmental Panel on Climate Change",https://climatekg.tibwiki.io/entity/Q3023,IMP-LD
https://climatekg.tibwiki.io/entity/Q150,Working Group III: Climate Change 2022 – Mitigation of Climate Change,https://climatekg.tibwiki.io/entity/Q3023,IMP-LD
https://climatekg.tibwiki.io/entity/Q189,"Climate Change 2023: Synthesis Report. Contribution of Working Groups I, II and III to the Sixth Assessment Report of the Intergovernmental Panel on Climate Change",https://climatekg.tibwiki.io/entity/Q3024,IMP-NEG
https://climatekg.tibwiki.io/entity/Q150,Working Group III: Climate Change 2022 – Mitigation of Climate Change,https://climatekg.tibwiki.io/entity/Q3024,IMP-NEG
https://climatekg.tibwiki.io/entity/Q189,"Climate Change 2023: Synthesis Report. Contribution of Working Groups I, II and III to the Sixth Assessment Report of the Intergovernmental Panel on Climate Change",https://climatekg.tibwiki.io/entity/Q3026,IMP-REN
https://climatekg.tibwiki.io/entity/Q150,Working Group III: Climate Change 2022 – Mitigation of Climate Change,https://climatekg.tibwiki.io/entity/Q3026,IMP-REN
https://climatekg.tibwiki.io/entity/Q189,"Climate Change 2023: Synthesis Report. Contribution of Working Groups I, II and III to the Sixth Assessment Report of the Intergovernmental Panel on Climate Change",https://climatekg.tibwiki.io/entity/Q3025,IMP-SP
https://climatekg.tibwiki.io/entity/Q150,Working Group III: Climate Change 2022 – Mitigation of Climate Change,https://climatekg.tibwiki.io/entity/Q3025,IMP-SP
https://climatekg.tibwiki.io/entity/Q10,Special Report: Global Warming of 1.5°C,https://climatekg.tibwiki.io/entity/Q2356,IMPACT2C
https://climatekg.tibwiki.io/entity/Q35,Special Report: Climate Change and Land,https://climatekg.tibwiki.io/entity/Q2759,INDC
https://climatekg.tibwiki.io/entity/Q106,"Working Group II: Climate Change 2022 – Impacts, Adaptation and Vulnerability",https://climatekg.tibwiki.io/entity/Q2759,INDC
https://climatekg.tibwiki.io/entity/Q150,Working Group III: Climate Change 2022 – Mitigation of Climate Change,https://climatekg.tibwiki.io/entity/Q2759,INDC
https://climatekg.tibwiki.io/entity/Q10,Special Report: Global Warming of 1.5°C,https://climatekg.tibwiki.io/entity/Q2357,INDCs
https://climatekg.tibwiki.io/entity/Q57,Special Report: The Ocean and Cryosphere in a Changing Climate,https://climatekg.tibwiki.io/entity/Q2951,INGO
https://climatekg.tibwiki.io/entity/Q10,Special Report: Global Warming of 1.5°C,https://climatekg.tibwiki.io/entity/Q2358,INM
https://climatekg.tibwiki.io/entity/Q77,Working Group I: Climate Change 2021 – The Physical Science Basis,https://climatekg.tibwiki.io/entity/Q3191,INP
https://climatekg.tibwiki.io/entity/Q35,Special Report: Climate Change and Land,https://climatekg.tibwiki.io/entity/Q2760,INPE
https://climatekg.tibwiki.io/entity/Q77,Working Group I: Climate Change 2021 – The Physical Science Basis,https://climatekg.tibwiki.io/entity/Q3192,IOB
https://climatekg.tibwiki.io/entity/Q57,Special Report: The Ocean and Cryosphere in a Changing Climate,https://climatekg.tibwiki.io/entity/Q2952,IOC-UNESCO
https://climatekg.tibwiki.io/entity/Q35,Special Report: Climate Change and Land,https://climatekg.tibwiki.io/entity/Q2761,IOD
https://climatekg.tibwiki.io/entity/Q57,Special Report: The Ocean and Cryosphere in a Changing Climate,https://climatekg.tibwiki.io/entity/Q2761,IOD
https://climatekg.tibwiki.io/entity/Q77,Working Group I: Climate Change 2021 – The Physical Science Basis,https://climatekg.tibwiki.io/entity/Q2761,IOD
https://climatekg.tibwiki.io/entity/Q106,"Working Group II: Climate Change 2022 – Impacts, Adaptation and Vulnerability",https://climatekg.tibwiki.io/entity/Q2761,IOD
https://climatekg.tibwiki.io/entity/Q10,Special Report: Global Warming of 1.5°C,https://climatekg.tibwiki.io/entity/Q2359,IOM
https://climatekg.tibwiki.io/entity/Q150,Working Group III: Climate Change 2022 – Mitigation of Climate Change,https://climatekg.tibwiki.io/entity/Q3852,IP
https://climatekg.tibwiki.io/entity/Q189,"Climate Change 2023: Synthesis Report. Contribution of Working Groups I, II and III to the Sixth Assessment Report of the Intergovernmental Panel on Climate Change",https://climatekg.tibwiki.io/entity/Q3027,IP-ModAct
https://climatekg.tibwiki.io/entity/Q35,Special Report: Climate Change and Land,https://climatekg.tibwiki.io/entity/Q2762,IPBES
https://climatekg.tibwiki.io/entity/Q57,Special Report: The Ocean and Cryosphere in a Changing Climate,https://climatekg.tibwiki.io/entity/Q2762,IPBES
https://climatekg.tibwiki.io/entity/Q77,Working Group I: Climate Change 2021 – The Physical Science Basis,https://climatekg.tibwiki.io/entity/Q2762,IPBES
https://climatekg.tibwiki.io/entity/Q106,"Working Group II: Climate Change 2022 – Impacts, Adaptation and Vulnerability",https://climatekg.tibwiki.io/entity/Q2762,IPBES
https://climatekg.tibwiki.io/entity/Q150,Working Group III: Climate Change 2022 – Mitigation of Climate Change,https://climatekg.tibwiki.io/entity/Q2762,IPBES
https://climatekg.tibwiki.io/entity/Q189,"Climate Change 2023: Synthesis Report. Contribution of Working Groups I, II and III to the Sixth Assessment Report of the Intergovernmental Panel on Climate Change",https://climatekg.tibwiki.io/entity/Q2361,IPCC
https://climatekg.tibwiki.io/entity/Q35,Special Report: Climate Change and Land,https://climatekg.tibwiki.io/entity/Q2361,IPCC
https://climatekg.tibwiki.io/entity/Q10,Special Report: Global Warming of 1.5°C,https://climatekg.tibwiki.io/entity/Q2361,IPCC
https://climatekg.tibwiki.io/entity/Q77,Working Group I: Climate Change 2021 – The Physical Science Basis,https://climatekg.tibwiki.io/entity/Q2361,IPCC
https://climatekg.tibwiki.io/entity/Q106,"Working Group II: Climate Change 2022 – Impacts, Adaptation and Vulnerability",https://climatekg.tibwiki.io/entity/Q2361,IPCC
https://climatekg.tibwiki.io/entity/Q150,Working Group III: Climate Change 2022 – Mitigation of Climate Change,https://climatekg.tibwiki.io/entity/Q2361,IPCC
https://climatekg.tibwiki.io/entity/Q106,"Working Group II: Climate Change 2022 – Impacts, Adaptation and Vulnerability",https://climatekg.tibwiki.io/entity/Q3508,IPLC
https://climatekg.tibwiki.io/entity/Q35,Special Report: Climate Change and Land,https://climatekg.tibwiki.io/entity/Q2763,IPO
https://climatekg.tibwiki.io/entity/Q57,Special Report: The Ocean and Cryosphere in a Changing Climate,https://climatekg.tibwiki.io/entity/Q2763,IPO
https://climatekg.tibwiki.io/entity/Q77,Working Group I: Climate Change 2021 – The Physical Science Basis,https://climatekg.tibwiki.io/entity/Q2763,IPO
https://climatekg.tibwiki.io/entity/Q106,"Working Group II: Climate Change 2022 – Impacts, Adaptation and Vulnerability",https://climatekg.tibwiki.io/entity/Q2763,IPO
https://climatekg.tibwiki.io/entity/Q150,Working Group III: Climate Change 2022 – Mitigation of Climate Change,https://climatekg.tibwiki.io/entity/Q3853,IPP
https://climatekg.tibwiki.io/entity/Q150,Working Group III: Climate Change 2022 – Mitigation of Climate Change,https://climatekg.tibwiki.io/entity/Q3854,IPPU
https://climatekg.tibwiki.io/entity/Q150,Working Group III: Climate Change 2022 – Mitigation of Climate Change,https://climatekg.tibwiki.io/entity/Q3855,IPR
https://climatekg.tibwiki.io/entity/Q10,Special Report: Global Warming of 1.5°C,https://climatekg.tibwiki.io/entity/Q2362,IPSL
https://climatekg.tibwiki.io/entity/Q77,Working Group I: Climate Change 2021 – The Physical Science Basis,https://climatekg.tibwiki.io/entity/Q2362,IPSL
https://climatekg.tibwiki.io/entity/Q35,Special Report: Climate Change and Land,https://climatekg.tibwiki.io/entity/Q2764,IQR
https://climatekg.tibwiki.io/entity/Q106,"Working Group II: Climate Change 2022 – Impacts, Adaptation and Vulnerability",https://climatekg.tibwiki.io/entity/Q2764,IQR
https://climatekg.tibwiki.io/entity/Q57,Special Report: The Ocean and Cryosphere in a Changing Climate,https://climatekg.tibwiki.io/entity/Q2953,IRC
https://climatekg.tibwiki.io/entity/Q35,Special Report: Climate Change and Land,https://climatekg.tibwiki.io/entity/Q2765,IRD
https://climatekg.tibwiki.io/entity/Q10,Special Report: Global Warming of 1.5°C,https://climatekg.tibwiki.io/entity/Q2363,IRENA
https://climatekg.tibwiki.io/entity/Q150,Working Group III: Climate Change 2022 – Mitigation of Climate Change,https://climatekg.tibwiki.io/entity/Q2363,IRENA
https://climatekg.tibwiki.io/entity/Q77,Working Group I: Climate Change 2021 – The Physical Science Basis,https://climatekg.tibwiki.io/entity/Q3193,IRF
https://climatekg.tibwiki.io/entity/Q77,Working Group I: Climate Change 2021 – The Physical Science Basis,https://climatekg.tibwiki.io/entity/Q3194,IRFaci
https://climatekg.tibwiki.io/entity/Q77,Working Group I: Climate Change 2021 – The Physical Science Basis,https://climatekg.tibwiki.io/entity/Q3195,IRFari
https://climatekg.tibwiki.io/entity/Q106,"Working Group II: Climate Change 2022 – Impacts, Adaptation and Vulnerability",https://climatekg.tibwiki.io/entity/Q3509,IRGC
https://climatekg.tibwiki.io/entity/Q150,Working Group III: Climate Change 2022 – Mitigation of Climate Change,https://climatekg.tibwiki.io/entity/Q3856,IRP
https://climatekg.tibwiki.io/entity/Q106,"Working Group II: Climate Change 2022 – Impacts, Adaptation and Vulnerability",https://climatekg.tibwiki.io/entity/Q3510,IS
https://climatekg.tibwiki.io/entity/Q150,Working Group III: Climate Change 2022 – Mitigation of Climate Change,https://climatekg.tibwiki.io/entity/Q3857,ISDS
https://climatekg.tibwiki.io/entity/Q35,Special Report: Climate Change and Land,https://climatekg.tibwiki.io/entity/Q2766,ISEAL
https://climatekg.tibwiki.io/entity/Q10,Special Report: Global Warming of 1.5°C,https://climatekg.tibwiki.io/entity/Q2364,ISIMIP
https://climatekg.tibwiki.io/entity/Q77,Working Group I: Climate Change 2021 – The Physical Science Basis,https://climatekg.tibwiki.io/entity/Q2364,ISIMIP
https://climatekg.tibwiki.io/entity/Q106,"Working Group II: Climate Change 2022 – Impacts, Adaptation and Vulnerability",https://climatekg.tibwiki.io/entity/Q2364,ISIMIP
https://climatekg.tibwiki.io/entity/Q106,"Working Group II: Climate Change 2022 – Impacts, Adaptation and Vulnerability",https://climatekg.tibwiki.io/entity/Q3511,ISME
https://climatekg.tibwiki.io/entity/Q35,Special Report: Climate Change and Land,https://climatekg.tibwiki.io/entity/Q2365,ISO
https://climatekg.tibwiki.io/entity/Q10,Special Report: Global Warming of 1.5°C,https://climatekg.tibwiki.io/entity/Q2365,ISO
https://climatekg.tibwiki.io/entity/Q106,"Working Group II: Climate Change 2022 – Impacts, Adaptation and Vulnerability",https://climatekg.tibwiki.io/entity/Q2365,ISO
https://climatekg.tibwiki.io/entity/Q57,Special Report: The Ocean and Cryosphere in a Changing Climate,https://climatekg.tibwiki.io/entity/Q2954,ISR
https://climatekg.tibwiki.io/entity/Q10,Special Report: Global Warming of 1.5°C,https://climatekg.tibwiki.io/entity/Q2366,ISSC
https://climatekg.tibwiki.io/entity/Q106,"Working Group II: Climate Change 2022 – Impacts, Adaptation and Vulnerability",https://climatekg.tibwiki.io/entity/Q3512,IT
https://climatekg.tibwiki.io/entity/Q57,Special Report: The Ocean and Cryosphere in a Changing Climate,https://climatekg.tibwiki.io/entity/Q2955,ITCZ
https://climatekg.tibwiki.io/entity/Q77,Working Group I: Climate Change 2021 – The Physical Science Basis,https://climatekg.tibwiki.io/entity/Q2955,ITCZ
https://climatekg.tibwiki.io/entity/Q10,Special Report: Global Warming of 1.5°C,https://climatekg.tibwiki.io/entity/Q2367,ITF
https://climatekg.tibwiki.io/entity/Q57,Special Report: The Ocean and Cryosphere in a Changing Climate,https://climatekg.tibwiki.io/entity/Q2367,ITF
https://climatekg.tibwiki.io/entity/Q77,Working Group I: Climate Change 2021 – The Physical Science Basis,https://climatekg.tibwiki.io/entity/Q2367,ITF
https://climatekg.tibwiki.io/entity/Q150,Working Group III: Climate Change 2022 – Mitigation of Climate Change,https://climatekg.tibwiki.io/entity/Q2367,ITF
https://climatekg.tibwiki.io/entity/Q150,Working Group III: Climate Change 2022 – Mitigation of Climate Change,https://climatekg.tibwiki.io/entity/Q3858,ITMO
https://climatekg.tibwiki.io/entity/Q35,Special Report: Climate Change and Land,https://climatekg.tibwiki.io/entity/Q2767,ITPS
https://climatekg.tibwiki.io/entity/Q35,Special Report: Climate Change and Land,https://climatekg.tibwiki.io/entity/Q2768,ITRDB
https://climatekg.tibwiki.io/entity/Q150,Working Group III: Climate Change 2022 – Mitigation of Climate Change,https://climatekg.tibwiki.io/entity/Q3859,ITUC
https://climatekg.tibwiki.io/entity/Q35,Special Report: Climate Change and Land,https://climatekg.tibwiki.io/entity/Q2368,IUCN
https://climatekg.tibwiki.io/entity/Q10,Special Report: Global Warming of 1.5°C,https://climatekg.tibwiki.io/entity/Q2368,IUCN
https://climatekg.tibwiki.io/entity/Q106,"Working Group II: Climate Change 2022 – Impacts, Adaptation and Vulnerability",https://climatekg.tibwiki.io/entity/Q2368,IUCN
https://climatekg.tibwiki.io/entity/Q106,"Working Group II: Climate Change 2022 – Impacts, Adaptation and Vulnerability",https://climatekg.tibwiki.io/entity/Q3513,IUWN
https://climatekg.tibwiki.io/entity/Q106,"Working Group II: Climate Change 2022 – Impacts, Adaptation and Vulnerability",https://climatekg.tibwiki.io/entity/Q3514,IVA
https://climatekg.tibwiki.io/entity/Q35,Special Report: Climate Change and Land,https://climatekg.tibwiki.io/entity/Q2769,IWAI
https://climatekg.tibwiki.io/entity/Q10,Special Report: Global Warming of 1.5°C,https://climatekg.tibwiki.io/entity/Q2369,IWG
https://climatekg.tibwiki.io/entity/Q106,"Working Group II: Climate Change 2022 – Impacts, Adaptation and Vulnerability",https://climatekg.tibwiki.io/entity/Q3515,IWGIA
https://climatekg.tibwiki.io/entity/Q35,Special Report: Climate Change and Land,https://climatekg.tibwiki.io/entity/Q2770,IWM
https://climatekg.tibwiki.io/entity/Q10,Special Report: Global Warming of 1.5°C,https://climatekg.tibwiki.io/entity/Q2370,IWRM
https://climatekg.tibwiki.io/entity/Q57,Special Report: The Ocean and Cryosphere in a Changing Climate,https://climatekg.tibwiki.io/entity/Q2370,IWRM
https://climatekg.tibwiki.io/entity/Q106,"Working Group II: Climate Change 2022 – Impacts, Adaptation and Vulnerability",https://climatekg.tibwiki.io/entity/Q2370,IWRM
https://climatekg.tibwiki.io/entity/Q10,Special Report: Global Warming of 1.5°C,https://climatekg.tibwiki.io/entity/Q2360,IoT
https://climatekg.tibwiki.io/entity/Q106,"Working Group II: Climate Change 2022 – Impacts, Adaptation and Vulnerability",https://climatekg.tibwiki.io/entity/Q2360,IoT
https://climatekg.tibwiki.io/entity/Q150,Working Group III: Climate Change 2022 – Mitigation of Climate Change,https://climatekg.tibwiki.io/entity/Q2360,IoT
https://climatekg.tibwiki.io/entity/Q77,Working Group I: Climate Change 2021 – The Physical Science Basis,https://climatekg.tibwiki.io/entity/Q3196,JAS
https://climatekg.tibwiki.io/entity/Q77,Working Group I: Climate Change 2021 – The Physical Science Basis,https://climatekg.tibwiki.io/entity/Q3197,JAXA
https://climatekg.tibwiki.io/entity/Q150,Working Group III: Climate Change 2022 – Mitigation of Climate Change,https://climatekg.tibwiki.io/entity/Q3860,JICA
https://climatekg.tibwiki.io/entity/Q35,Special Report: Climate Change and Land,https://climatekg.tibwiki.io/entity/Q2372,JJA
https://climatekg.tibwiki.io/entity/Q10,Special Report: Global Warming of 1.5°C,https://climatekg.tibwiki.io/entity/Q2372,JJA
https://climatekg.tibwiki.io/entity/Q57,Special Report: The Ocean and Cryosphere in a Changing Climate,https://climatekg.tibwiki.io/entity/Q2372,JJA
https://climatekg.tibwiki.io/entity/Q77,Working Group I: Climate Change 2021 – The Physical Science Basis,https://climatekg.tibwiki.io/entity/Q2372,JJA
https://climatekg.tibwiki.io/entity/Q77,Working Group I: Climate Change 2021 – The Physical Science Basis,https://climatekg.tibwiki.io/entity/Q3198,JJAS
https://climatekg.tibwiki.io/entity/Q10,Special Report: Global Warming of 1.5°C,https://climatekg.tibwiki.io/entity/Q2373,JMA
https://climatekg.tibwiki.io/entity/Q77,Working Group I: Climate Change 2021 – The Physical Science Basis,https://climatekg.tibwiki.io/entity/Q2373,JMA
https://climatekg.tibwiki.io/entity/Q10,Special Report: Global Warming of 1.5°C,https://climatekg.tibwiki.io/entity/Q2374,JRA-55
https://climatekg.tibwiki.io/entity/Q77,Working Group I: Climate Change 2021 – The Physical Science Basis,https://climatekg.tibwiki.io/entity/Q2374,JRA-55
https://climatekg.tibwiki.io/entity/Q10,Special Report: Global Warming of 1.5°C,https://climatekg.tibwiki.io/entity/Q2375,JRC
https://climatekg.tibwiki.io/entity/Q106,"Working Group II: Climate Change 2022 – Impacts, Adaptation and Vulnerability",https://climatekg.tibwiki.io/entity/Q2375,JRC
https://climatekg.tibwiki.io/entity/Q150,Working Group III: Climate Change 2022 – Mitigation of Climate Change,https://climatekg.tibwiki.io/entity/Q2375,JRC
https://climatekg.tibwiki.io/entity/Q10,Special Report: Global Warming of 1.5°C,https://climatekg.tibwiki.io/entity/Q2376,JULES
https://climatekg.tibwiki.io/entity/Q10,Special Report: Global Warming of 1.5°C,https://climatekg.tibwiki.io/entity/Q2371,JeDi
https://climatekg.tibwiki.io/entity/Q35,Special Report: Climate Change and Land,https://climatekg.tibwiki.io/entity/Q2771,K
https://climatekg.tibwiki.io/entity/Q106,"Working Group II: Climate Change 2022 – Impacts, Adaptation and Vulnerability",https://climatekg.tibwiki.io/entity/Q3516,"K1, K2, K3"
https://climatekg.tibwiki.io/entity/Q10,Special Report: Global Warming of 1.5°C,https://climatekg.tibwiki.io/entity/Q2381,KNMI
https://climatekg.tibwiki.io/entity/Q106,"Working Group II: Climate Change 2022 – Impacts, Adaptation and Vulnerability",https://climatekg.tibwiki.io/entity/Q3517,KNOMAD
https://climatekg.tibwiki.io/entity/Q106,"Working Group II: Climate Change 2022 – Impacts, Adaptation and Vulnerability",https://climatekg.tibwiki.io/entity/Q3518,KR
https://climatekg.tibwiki.io/entity/Q150,Working Group III: Climate Change 2022 – Mitigation of Climate Change,https://climatekg.tibwiki.io/entity/Q3518,KR
https://climatekg.tibwiki.io/entity/Q35,Special Report: Climate Change and Land,https://climatekg.tibwiki.io/entity/Q2382,L
https://climatekg.tibwiki.io/entity/Q10,Special Report: Global Warming of 1.5°C,https://climatekg.tibwiki.io/entity/Q2382,L
https://climatekg.tibwiki.io/entity/Q10,Special Report: Global Warming of 1.5°C,https://climatekg.tibwiki.io/entity/Q2383,L&D
https://climatekg.tibwiki.io/entity/Q57,Special Report: The Ocean and Cryosphere in a Changing Climate,https://climatekg.tibwiki.io/entity/Q2383,L&D
https://climatekg.tibwiki.io/entity/Q106,"Working Group II: Climate Change 2022 – Impacts, Adaptation and Vulnerability",https://climatekg.tibwiki.io/entity/Q2383,L&D
https://climatekg.tibwiki.io/entity/Q35,Special Report: Climate Change and Land,https://climatekg.tibwiki.io/entity/Q2772,LADA
https://climatekg.tibwiki.io/entity/Q35,Special Report: Climate Change and Land,https://climatekg.tibwiki.io/entity/Q2773,LAI
https://climatekg.tibwiki.io/entity/Q77,Working Group I: Climate Change 2021 – The Physical Science Basis,https://climatekg.tibwiki.io/entity/Q2773,LAI
https://climatekg.tibwiki.io/entity/Q106,"Working Group II: Climate Change 2022 – Impacts, Adaptation and Vulnerability",https://climatekg.tibwiki.io/entity/Q2773,LAI
https://climatekg.tibwiki.io/entity/Q10,Special Report: Global Warming of 1.5°C,https://climatekg.tibwiki.io/entity/Q2384,LAM
https://climatekg.tibwiki.io/entity/Q150,Working Group III: Climate Change 2022 – Mitigation of Climate Change,https://climatekg.tibwiki.io/entity/Q2384,LAM
https://climatekg.tibwiki.io/entity/Q77,Working Group I: Climate Change 2021 – The Physical Science Basis,https://climatekg.tibwiki.io/entity/Q3199,LAP
https://climatekg.tibwiki.io/entity/Q35,Special Report: Climate Change and Land,https://climatekg.tibwiki.io/entity/Q2774,LAPA
https://climatekg.tibwiki.io/entity/Q77,Working Group I: Climate Change 2021 – The Physical Science Basis,https://climatekg.tibwiki.io/entity/Q3200,LARMIP
https://climatekg.tibwiki.io/entity/Q106,"Working Group II: Climate Change 2022 – Impacts, Adaptation and Vulnerability",https://climatekg.tibwiki.io/entity/Q3520,LC-PUFAs
https://climatekg.tibwiki.io/entity/Q35,Special Report: Climate Change and Land,https://climatekg.tibwiki.io/entity/Q2775,LCA
https://climatekg.tibwiki.io/entity/Q150,Working Group III: Climate Change 2022 – Mitigation of Climate Change,https://climatekg.tibwiki.io/entity/Q2775,LCA
https://climatekg.tibwiki.io/entity/Q35,Special Report: Climate Change and Land,https://climatekg.tibwiki.io/entity/Q2776,LCC
https://climatekg.tibwiki.io/entity/Q150,Working Group III: Climate Change 2022 – Mitigation of Climate Change,https://climatekg.tibwiki.io/entity/Q2776,LCC
https://climatekg.tibwiki.io/entity/Q150,Working Group III: Climate Change 2022 – Mitigation of Climate Change,https://climatekg.tibwiki.io/entity/Q3862,LCCC
https://climatekg.tibwiki.io/entity/Q150,Working Group III: Climate Change 2022 – Mitigation of Climate Change,https://climatekg.tibwiki.io/entity/Q3861,LCCE
https://climatekg.tibwiki.io/entity/Q35,Special Report: Climate Change and Land,https://climatekg.tibwiki.io/entity/Q2777,LCCS
https://climatekg.tibwiki.io/entity/Q189,"Climate Change 2023: Synthesis Report. Contribution of Working Groups I, II and III to the Sixth Assessment Report of the Intergovernmental Panel on Climate Change",https://climatekg.tibwiki.io/entity/Q3028,LCOE
https://climatekg.tibwiki.io/entity/Q106,"Working Group II: Climate Change 2022 – Impacts, Adaptation and Vulnerability",https://climatekg.tibwiki.io/entity/Q3028,LCOE
https://climatekg.tibwiki.io/entity/Q150,Working Group III: Climate Change 2022 – Mitigation of Climate Change,https://climatekg.tibwiki.io/entity/Q3028,LCOE
https://climatekg.tibwiki.io/entity/Q106,"Working Group II: Climate Change 2022 – Impacts, Adaptation and Vulnerability",https://climatekg.tibwiki.io/entity/Q3519,LCP
https://climatekg.tibwiki.io/entity/Q150,Working Group III: Climate Change 2022 – Mitigation of Climate Change,https://climatekg.tibwiki.io/entity/Q3863,LCS
https://climatekg.tibwiki.io/entity/Q189,"Climate Change 2023: Synthesis Report. Contribution of Working Groups I, II and III to the Sixth Assessment Report of the Intergovernmental Panel on Climate Change",https://climatekg.tibwiki.io/entity/Q2778,LDC
https://climatekg.tibwiki.io/entity/Q35,Special Report: Climate Change and Land,https://climatekg.tibwiki.io/entity/Q2778,LDC
https://climatekg.tibwiki.io/entity/Q57,Special Report: The Ocean and Cryosphere in a Changing Climate,https://climatekg.tibwiki.io/entity/Q2778,LDC
https://climatekg.tibwiki.io/entity/Q106,"Working Group II: Climate Change 2022 – Impacts, Adaptation and Vulnerability",https://climatekg.tibwiki.io/entity/Q2778,LDC
https://climatekg.tibwiki.io/entity/Q106,"Working Group II: Climate Change 2022 – Impacts, Adaptation and Vulnerability",https://climatekg.tibwiki.io/entity/Q3521,LDCF
https://climatekg.tibwiki.io/entity/Q150,Working Group III: Climate Change 2022 – Mitigation of Climate Change,https://climatekg.tibwiki.io/entity/Q3521,LDCF
https://climatekg.tibwiki.io/entity/Q10,Special Report: Global Warming of 1.5°C,https://climatekg.tibwiki.io/entity/Q2385,LDCs
https://climatekg.tibwiki.io/entity/Q150,Working Group III: Climate Change 2022 – Mitigation of Climate Change,https://climatekg.tibwiki.io/entity/Q2385,LDCs
https://climatekg.tibwiki.io/entity/Q10,Special Report: Global Warming of 1.5°C,https://climatekg.tibwiki.io/entity/Q2386,LDMz-INCA
https://climatekg.tibwiki.io/entity/Q35,Special Report: Climate Change and Land,https://climatekg.tibwiki.io/entity/Q2779,LDN
https://climatekg.tibwiki.io/entity/Q106,"Working Group II: Climate Change 2022 – Impacts, Adaptation and Vulnerability",https://climatekg.tibwiki.io/entity/Q2779,LDN
https://climatekg.tibwiki.io/entity/Q150,Working Group III: Climate Change 2022 – Mitigation of Climate Change,https://climatekg.tibwiki.io/entity/Q2779,LDN
https://climatekg.tibwiki.io/entity/Q57,Special Report: The Ocean and Cryosphere in a Changing Climate,https://climatekg.tibwiki.io/entity/Q2956,LDOC
https://climatekg.tibwiki.io/entity/Q77,Working Group I: Climate Change 2021 – The Physical Science Basis,https://climatekg.tibwiki.io/entity/Q3201,LDT
https://climatekg.tibwiki.io/entity/Q10,Special Report: Global Warming of 1.5°C,https://climatekg.tibwiki.io/entity/Q2387,LDV
https://climatekg.tibwiki.io/entity/Q150,Working Group III: Climate Change 2022 – Mitigation of Climate Change,https://climatekg.tibwiki.io/entity/Q2387,LDV
https://climatekg.tibwiki.io/entity/Q10,Special Report: Global Warming of 1.5°C,https://climatekg.tibwiki.io/entity/Q2388,LE
https://climatekg.tibwiki.io/entity/Q150,Working Group III: Climate Change 2022 – Mitigation of Climate Change,https://climatekg.tibwiki.io/entity/Q3864,LEAF
https://climatekg.tibwiki.io/entity/Q57,Special Report: The Ocean and Cryosphere in a Changing Climate,https://climatekg.tibwiki.io/entity/Q2957,LECZ
https://climatekg.tibwiki.io/entity/Q106,"Working Group II: Climate Change 2022 – Impacts, Adaptation and Vulnerability",https://climatekg.tibwiki.io/entity/Q2957,LECZ
https://climatekg.tibwiki.io/entity/Q35,Special Report: Climate Change and Land,https://climatekg.tibwiki.io/entity/Q2389,LED
https://climatekg.tibwiki.io/entity/Q10,Special Report: Global Warming of 1.5°C,https://climatekg.tibwiki.io/entity/Q2389,LED
https://climatekg.tibwiki.io/entity/Q150,Working Group III: Climate Change 2022 – Mitigation of Climate Change,https://climatekg.tibwiki.io/entity/Q2389,LED
https://climatekg.tibwiki.io/entity/Q150,Working Group III: Climate Change 2022 – Mitigation of Climate Change,https://climatekg.tibwiki.io/entity/Q3865,LED scenario
https://climatekg.tibwiki.io/entity/Q106,"Working Group II: Climate Change 2022 – Impacts, Adaptation and Vulnerability",https://climatekg.tibwiki.io/entity/Q3522,LEDS
https://climatekg.tibwiki.io/entity/Q150,Working Group III: Climate Change 2022 – Mitigation of Climate Change,https://climatekg.tibwiki.io/entity/Q3522,LEDS
https://climatekg.tibwiki.io/entity/Q106,"Working Group II: Climate Change 2022 – Impacts, Adaptation and Vulnerability",https://climatekg.tibwiki.io/entity/Q3523,LEED
https://climatekg.tibwiki.io/entity/Q106,"Working Group II: Climate Change 2022 – Impacts, Adaptation and Vulnerability",https://climatekg.tibwiki.io/entity/Q3524,LEED-ND
https://climatekg.tibwiki.io/entity/Q77,Working Group I: Climate Change 2021 – The Physical Science Basis,https://climatekg.tibwiki.io/entity/Q3202,LEO
https://climatekg.tibwiki.io/entity/Q106,"Working Group II: Climate Change 2022 – Impacts, Adaptation and Vulnerability",https://climatekg.tibwiki.io/entity/Q3525,LGBTQI
https://climatekg.tibwiki.io/entity/Q10,Special Report: Global Warming of 1.5°C,https://climatekg.tibwiki.io/entity/Q2390,LGM
https://climatekg.tibwiki.io/entity/Q57,Special Report: The Ocean and Cryosphere in a Changing Climate,https://climatekg.tibwiki.io/entity/Q2390,LGM
https://climatekg.tibwiki.io/entity/Q77,Working Group I: Climate Change 2021 – The Physical Science Basis,https://climatekg.tibwiki.io/entity/Q2390,LGM
https://climatekg.tibwiki.io/entity/Q106,"Working Group II: Climate Change 2022 – Impacts, Adaptation and Vulnerability",https://climatekg.tibwiki.io/entity/Q3526,LGNZ
https://climatekg.tibwiki.io/entity/Q35,Special Report: Climate Change and Land,https://climatekg.tibwiki.io/entity/Q2780,LGP
https://climatekg.tibwiki.io/entity/Q106,"Working Group II: Climate Change 2022 – Impacts, Adaptation and Vulnerability",https://climatekg.tibwiki.io/entity/Q3527,LI
https://climatekg.tibwiki.io/entity/Q150,Working Group III: Climate Change 2022 – Mitigation of Climate Change,https://climatekg.tibwiki.io/entity/Q3866,LIB
https://climatekg.tibwiki.io/entity/Q10,Special Report: Global Warming of 1.5°C,https://climatekg.tibwiki.io/entity/Q2391,LIG
https://climatekg.tibwiki.io/entity/Q57,Special Report: The Ocean and Cryosphere in a Changing Climate,https://climatekg.tibwiki.io/entity/Q2391,LIG
https://climatekg.tibwiki.io/entity/Q77,Working Group I: Climate Change 2021 – The Physical Science Basis,https://climatekg.tibwiki.io/entity/Q2391,LIG
https://climatekg.tibwiki.io/entity/Q106,"Working Group II: Climate Change 2022 – Impacts, Adaptation and Vulnerability",https://climatekg.tibwiki.io/entity/Q2391,LIG
https://climatekg.tibwiki.io/entity/Q35,Special Report: Climate Change and Land,https://climatekg.tibwiki.io/entity/Q2782,LIMCOM
https://climatekg.tibwiki.io/entity/Q106,"Working Group II: Climate Change 2022 – Impacts, Adaptation and Vulnerability",https://climatekg.tibwiki.io/entity/Q3528,LIMIC
https://climatekg.tibwiki.io/entity/Q189,"Climate Change 2023: Synthesis Report. Contribution of Working Groups I, II and III to the Sixth Assessment Report of the Intergovernmental Panel on Climate Change",https://climatekg.tibwiki.io/entity/Q2783,LK
https://climatekg.tibwiki.io/entity/Q35,Special Report: Climate Change and Land,https://climatekg.tibwiki.io/entity/Q2783,LK
https://climatekg.tibwiki.io/entity/Q57,Special Report: The Ocean and Cryosphere in a Changing Climate,https://climatekg.tibwiki.io/entity/Q2783,LK
https://climatekg.tibwiki.io/entity/Q106,"Working Group II: Climate Change 2022 – Impacts, Adaptation and Vulnerability",https://climatekg.tibwiki.io/entity/Q2783,LK
https://climatekg.tibwiki.io/entity/Q10,Special Report: Global Warming of 1.5°C,https://climatekg.tibwiki.io/entity/Q2392,LLCFs
https://climatekg.tibwiki.io/entity/Q77,Working Group I: Climate Change 2021 – The Physical Science Basis,https://climatekg.tibwiki.io/entity/Q3203,LLGHG
https://climatekg.tibwiki.io/entity/Q77,Working Group I: Climate Change 2021 – The Physical Science Basis,https://climatekg.tibwiki.io/entity/Q3204,LLHI
https://climatekg.tibwiki.io/entity/Q57,Special Report: The Ocean and Cryosphere in a Changing Climate,https://climatekg.tibwiki.io/entity/Q2958,LLIC
https://climatekg.tibwiki.io/entity/Q35,Special Report: Climate Change and Land,https://climatekg.tibwiki.io/entity/Q2784,LM
https://climatekg.tibwiki.io/entity/Q35,Special Report: Climate Change and Land,https://climatekg.tibwiki.io/entity/Q2785,LMIC
https://climatekg.tibwiki.io/entity/Q57,Special Report: The Ocean and Cryosphere in a Changing Climate,https://climatekg.tibwiki.io/entity/Q2959,LMMA
https://climatekg.tibwiki.io/entity/Q106,"Working Group II: Climate Change 2022 – Impacts, Adaptation and Vulnerability",https://climatekg.tibwiki.io/entity/Q2959,LMMA
https://climatekg.tibwiki.io/entity/Q10,Special Report: Global Warming of 1.5°C,https://climatekg.tibwiki.io/entity/Q2393,LNG
https://climatekg.tibwiki.io/entity/Q150,Working Group III: Climate Change 2022 – Mitigation of Climate Change,https://climatekg.tibwiki.io/entity/Q2393,LNG
https://climatekg.tibwiki.io/entity/Q77,Working Group I: Climate Change 2021 – The Physical Science Basis,https://climatekg.tibwiki.io/entity/Q3205,LNOx
https://climatekg.tibwiki.io/entity/Q35,Special Report: Climate Change and Land,https://climatekg.tibwiki.io/entity/Q2394,LPG
https://climatekg.tibwiki.io/entity/Q10,Special Report: Global Warming of 1.5°C,https://climatekg.tibwiki.io/entity/Q2394,LPG
https://climatekg.tibwiki.io/entity/Q150,Working Group III: Climate Change 2022 – Mitigation of Climate Change,https://climatekg.tibwiki.io/entity/Q2394,LPG
https://climatekg.tibwiki.io/entity/Q10,Special Report: Global Warming of 1.5°C,https://climatekg.tibwiki.io/entity/Q2395,LPJmL
https://climatekg.tibwiki.io/entity/Q77,Working Group I: Climate Change 2021 – The Physical Science Basis,https://climatekg.tibwiki.io/entity/Q3206,LR
https://climatekg.tibwiki.io/entity/Q35,Special Report: Climate Change and Land,https://climatekg.tibwiki.io/entity/Q2786,LSAT
https://climatekg.tibwiki.io/entity/Q77,Working Group I: Climate Change 2021 – The Physical Science Basis,https://climatekg.tibwiki.io/entity/Q2786,LSAT
https://climatekg.tibwiki.io/entity/Q35,Special Report: Climate Change and Land,https://climatekg.tibwiki.io/entity/Q2787,LSLA
https://climatekg.tibwiki.io/entity/Q106,"Working Group II: Climate Change 2022 – Impacts, Adaptation and Vulnerability",https://climatekg.tibwiki.io/entity/Q2787,LSLA
https://climatekg.tibwiki.io/entity/Q10,Special Report: Global Warming of 1.5°C,https://climatekg.tibwiki.io/entity/Q2396,LTA
https://climatekg.tibwiki.io/entity/Q10,Special Report: Global Warming of 1.5°C,https://climatekg.tibwiki.io/entity/Q2397,LTGG
https://climatekg.tibwiki.io/entity/Q150,Working Group III: Climate Change 2022 – Mitigation of Climate Change,https://climatekg.tibwiki.io/entity/Q2397,LTGG
https://climatekg.tibwiki.io/entity/Q35,Special Report: Climate Change and Land,https://climatekg.tibwiki.io/entity/Q2788,LTKA
https://climatekg.tibwiki.io/entity/Q150,Working Group III: Climate Change 2022 – Mitigation of Climate Change,https://climatekg.tibwiki.io/entity/Q3868,LTO
https://climatekg.tibwiki.io/entity/Q106,"Working Group II: Climate Change 2022 – Impacts, Adaptation and Vulnerability",https://climatekg.tibwiki.io/entity/Q3529,LTP
https://climatekg.tibwiki.io/entity/Q106,"Working Group II: Climate Change 2022 – Impacts, Adaptation and Vulnerability",https://climatekg.tibwiki.io/entity/Q3530,LU
https://climatekg.tibwiki.io/entity/Q35,Special Report: Climate Change and Land,https://climatekg.tibwiki.io/entity/Q2398,LUC
https://climatekg.tibwiki.io/entity/Q10,Special Report: Global Warming of 1.5°C,https://climatekg.tibwiki.io/entity/Q2398,LUC
https://climatekg.tibwiki.io/entity/Q57,Special Report: The Ocean and Cryosphere in a Changing Climate,https://climatekg.tibwiki.io/entity/Q2398,LUC
https://climatekg.tibwiki.io/entity/Q77,Working Group I: Climate Change 2021 – The Physical Science Basis,https://climatekg.tibwiki.io/entity/Q2398,LUC
https://climatekg.tibwiki.io/entity/Q106,"Working Group II: Climate Change 2022 – Impacts, Adaptation and Vulnerability",https://climatekg.tibwiki.io/entity/Q2398,LUC
https://climatekg.tibwiki.io/entity/Q35,Special Report: Climate Change and Land,https://climatekg.tibwiki.io/entity/Q2789,LUH2
https://climatekg.tibwiki.io/entity/Q35,Special Report: Climate Change and Land,https://climatekg.tibwiki.io/entity/Q2790,LULCC
https://climatekg.tibwiki.io/entity/Q57,Special Report: The Ocean and Cryosphere in a Changing Climate,https://climatekg.tibwiki.io/entity/Q2960,LULUC
https://climatekg.tibwiki.io/entity/Q106,"Working Group II: Climate Change 2022 – Impacts, Adaptation and Vulnerability",https://climatekg.tibwiki.io/entity/Q2960,LULUC
https://climatekg.tibwiki.io/entity/Q189,"Climate Change 2023: Synthesis Report. Contribution of Working Groups I, II and III to the Sixth Assessment Report of the Intergovernmental Panel on Climate Change",https://climatekg.tibwiki.io/entity/Q2399,LULUCF
https://climatekg.tibwiki.io/entity/Q35,Special Report: Climate Change and Land,https://climatekg.tibwiki.io/entity/Q2399,LULUCF
https://climatekg.tibwiki.io/entity/Q10,Special Report: Global Warming of 1.5°C,https://climatekg.tibwiki.io/entity/Q2399,LULUCF
https://climatekg.tibwiki.io/entity/Q77,Working Group I: Climate Change 2021 – The Physical Science Basis,https://climatekg.tibwiki.io/entity/Q2399,LULUCF
https://climatekg.tibwiki.io/entity/Q106,"Working Group II: Climate Change 2022 – Impacts, Adaptation and Vulnerability",https://climatekg.tibwiki.io/entity/Q2399,LULUCF
https://climatekg.tibwiki.io/entity/Q150,Working Group III: Climate Change 2022 – Mitigation of Climate Change,https://climatekg.tibwiki.io/entity/Q2399,LULUCF
https://climatekg.tibwiki.io/entity/Q150,Working Group III: Climate Change 2022 – Mitigation of Climate Change,https://climatekg.tibwiki.io/entity/Q3869,LUM
https://climatekg.tibwiki.io/entity/Q77,Working Group I: Climate Change 2021 – The Physical Science Basis,https://climatekg.tibwiki.io/entity/Q3207,LW
https://climatekg.tibwiki.io/entity/Q77,Working Group I: Climate Change 2021 – The Physical Science Basis,https://climatekg.tibwiki.io/entity/Q3208,LWP
https://climatekg.tibwiki.io/entity/Q77,Working Group I: Climate Change 2021 – The Physical Science Basis,https://climatekg.tibwiki.io/entity/Q3209,LWS
https://climatekg.tibwiki.io/entity/Q189,"Climate Change 2023: Synthesis Report. Contribution of Working Groups I, II and III to the Sixth Assessment Report of the Intergovernmental Panel on Climate Change",https://climatekg.tibwiki.io/entity/Q3029,Li-on
https://climatekg.tibwiki.io/entity/Q35,Special Report: Climate Change and Land,https://climatekg.tibwiki.io/entity/Q2781,LiDAR
https://climatekg.tibwiki.io/entity/Q150,Working Group III: Climate Change 2022 – Mitigation of Climate Change,https://climatekg.tibwiki.io/entity/Q3867,LiRE
https://climatekg.tibwiki.io/entity/Q106,"Working Group II: Climate Change 2022 – Impacts, Adaptation and Vulnerability",https://climatekg.tibwiki.io/entity/Q3532,M&C
https://climatekg.tibwiki.io/entity/Q10,Special Report: Global Warming of 1.5°C,https://climatekg.tibwiki.io/entity/Q2405,M&E
https://climatekg.tibwiki.io/entity/Q57,Special Report: The Ocean and Cryosphere in a Changing Climate,https://climatekg.tibwiki.io/entity/Q2405,M&E
https://climatekg.tibwiki.io/entity/Q35,Special Report: Climate Change and Land,https://climatekg.tibwiki.io/entity/Q2407,MAC
https://climatekg.tibwiki.io/entity/Q10,Special Report: Global Warming of 1.5°C,https://climatekg.tibwiki.io/entity/Q2407,MAC
https://climatekg.tibwiki.io/entity/Q150,Working Group III: Climate Change 2022 – Mitigation of Climate Change,https://climatekg.tibwiki.io/entity/Q2407,MAC
https://climatekg.tibwiki.io/entity/Q35,Special Report: Climate Change and Land,https://climatekg.tibwiki.io/entity/Q2791,MACC
https://climatekg.tibwiki.io/entity/Q150,Working Group III: Climate Change 2022 – Mitigation of Climate Change,https://climatekg.tibwiki.io/entity/Q2791,MACC
https://climatekg.tibwiki.io/entity/Q189,"Climate Change 2023: Synthesis Report. Contribution of Working Groups I, II and III to the Sixth Assessment Report of the Intergovernmental Panel on Climate Change",https://climatekg.tibwiki.io/entity/Q2409,MAGICC
https://climatekg.tibwiki.io/entity/Q10,Special Report: Global Warming of 1.5°C,https://climatekg.tibwiki.io/entity/Q2409,MAGICC
https://climatekg.tibwiki.io/entity/Q77,Working Group I: Climate Change 2021 – The Physical Science Basis,https://climatekg.tibwiki.io/entity/Q2409,MAGICC
https://climatekg.tibwiki.io/entity/Q57,Special Report: The Ocean and Cryosphere in a Changing Climate,https://climatekg.tibwiki.io/entity/Q2961,MAGT
https://climatekg.tibwiki.io/entity/Q35,Special Report: Climate Change and Land,https://climatekg.tibwiki.io/entity/Q2411,MAM
https://climatekg.tibwiki.io/entity/Q10,Special Report: Global Warming of 1.5°C,https://climatekg.tibwiki.io/entity/Q2411,MAM
https://climatekg.tibwiki.io/entity/Q77,Working Group I: Climate Change 2021 – The Physical Science Basis,https://climatekg.tibwiki.io/entity/Q2411,MAM
https://climatekg.tibwiki.io/entity/Q106,"Working Group II: Climate Change 2022 – Impacts, Adaptation and Vulnerability",https://climatekg.tibwiki.io/entity/Q3534,MAP
https://climatekg.tibwiki.io/entity/Q150,Working Group III: Climate Change 2022 – Mitigation of Climate Change,https://climatekg.tibwiki.io/entity/Q3871,MAPS
https://climatekg.tibwiki.io/entity/Q35,Special Report: Climate Change and Land,https://climatekg.tibwiki.io/entity/Q2792,MAR
https://climatekg.tibwiki.io/entity/Q106,"Working Group II: Climate Change 2022 – Impacts, Adaptation and Vulnerability",https://climatekg.tibwiki.io/entity/Q2792,MAR
https://climatekg.tibwiki.io/entity/Q77,Working Group I: Climate Change 2021 – The Physical Science Basis,https://climatekg.tibwiki.io/entity/Q3210,MAT
https://climatekg.tibwiki.io/entity/Q35,Special Report: Climate Change and Land,https://climatekg.tibwiki.io/entity/Q2410,MAgPIE
https://climatekg.tibwiki.io/entity/Q10,Special Report: Global Warming of 1.5°C,https://climatekg.tibwiki.io/entity/Q2410,MAgPIE
https://climatekg.tibwiki.io/entity/Q106,"Working Group II: Climate Change 2022 – Impacts, Adaptation and Vulnerability",https://climatekg.tibwiki.io/entity/Q3535,MBIE
https://climatekg.tibwiki.io/entity/Q106,"Working Group II: Climate Change 2022 – Impacts, Adaptation and Vulnerability",https://climatekg.tibwiki.io/entity/Q3536,MC
https://climatekg.tibwiki.io/entity/Q10,Special Report: Global Warming of 1.5°C,https://climatekg.tibwiki.io/entity/Q2412,MCB
https://climatekg.tibwiki.io/entity/Q77,Working Group I: Climate Change 2021 – The Physical Science Basis,https://climatekg.tibwiki.io/entity/Q2412,MCB
https://climatekg.tibwiki.io/entity/Q106,"Working Group II: Climate Change 2022 – Impacts, Adaptation and Vulnerability",https://climatekg.tibwiki.io/entity/Q2412,MCB
https://climatekg.tibwiki.io/entity/Q150,Working Group III: Climate Change 2022 – Mitigation of Climate Change,https://climatekg.tibwiki.io/entity/Q2412,MCB
https://climatekg.tibwiki.io/entity/Q10,Special Report: Global Warming of 1.5°C,https://climatekg.tibwiki.io/entity/Q2413,MCCA
https://climatekg.tibwiki.io/entity/Q57,Special Report: The Ocean and Cryosphere in a Changing Climate,https://climatekg.tibwiki.io/entity/Q2962,MCDA
https://climatekg.tibwiki.io/entity/Q106,"Working Group II: Climate Change 2022 – Impacts, Adaptation and Vulnerability",https://climatekg.tibwiki.io/entity/Q2962,MCDA
https://climatekg.tibwiki.io/entity/Q35,Special Report: Climate Change and Land,https://climatekg.tibwiki.io/entity/Q2793,MCF
https://climatekg.tibwiki.io/entity/Q77,Working Group I: Climate Change 2021 – The Physical Science Basis,https://climatekg.tibwiki.io/entity/Q3211,MCO
https://climatekg.tibwiki.io/entity/Q106,"Working Group II: Climate Change 2022 – Impacts, Adaptation and Vulnerability",https://climatekg.tibwiki.io/entity/Q3537,MCP
https://climatekg.tibwiki.io/entity/Q106,"Working Group II: Climate Change 2022 – Impacts, Adaptation and Vulnerability",https://climatekg.tibwiki.io/entity/Q3538,MCPP
https://climatekg.tibwiki.io/entity/Q35,Special Report: Climate Change and Land,https://climatekg.tibwiki.io/entity/Q2794,MCS
https://climatekg.tibwiki.io/entity/Q77,Working Group I: Climate Change 2021 – The Physical Science Basis,https://climatekg.tibwiki.io/entity/Q2794,MCS
https://climatekg.tibwiki.io/entity/Q106,"Working Group II: Climate Change 2022 – Impacts, Adaptation and Vulnerability",https://climatekg.tibwiki.io/entity/Q3539,MD
https://climatekg.tibwiki.io/entity/Q10,Special Report: Global Warming of 1.5°C,https://climatekg.tibwiki.io/entity/Q2414,MDB
https://climatekg.tibwiki.io/entity/Q106,"Working Group II: Climate Change 2022 – Impacts, Adaptation and Vulnerability",https://climatekg.tibwiki.io/entity/Q2414,MDB
https://climatekg.tibwiki.io/entity/Q150,Working Group III: Climate Change 2022 – Mitigation of Climate Change,https://climatekg.tibwiki.io/entity/Q2414,MDB
https://climatekg.tibwiki.io/entity/Q77,Working Group I: Climate Change 2021 – The Physical Science Basis,https://climatekg.tibwiki.io/entity/Q3212,MDG
https://climatekg.tibwiki.io/entity/Q106,"Working Group II: Climate Change 2022 – Impacts, Adaptation and Vulnerability",https://climatekg.tibwiki.io/entity/Q3212,MDG
https://climatekg.tibwiki.io/entity/Q10,Special Report: Global Warming of 1.5°C,https://climatekg.tibwiki.io/entity/Q2415,MDGs
https://climatekg.tibwiki.io/entity/Q150,Working Group III: Climate Change 2022 – Mitigation of Climate Change,https://climatekg.tibwiki.io/entity/Q3873,ME
https://climatekg.tibwiki.io/entity/Q35,Special Report: Climate Change and Land,https://climatekg.tibwiki.io/entity/Q2416,MEA
https://climatekg.tibwiki.io/entity/Q10,Special Report: Global Warming of 1.5°C,https://climatekg.tibwiki.io/entity/Q2416,MEA
https://climatekg.tibwiki.io/entity/Q106,"Working Group II: Climate Change 2022 – Impacts, Adaptation and Vulnerability",https://climatekg.tibwiki.io/entity/Q2416,MEA
https://climatekg.tibwiki.io/entity/Q150,Working Group III: Climate Change 2022 – Mitigation of Climate Change,https://climatekg.tibwiki.io/entity/Q2416,MEA
https://climatekg.tibwiki.io/entity/Q106,"Working Group II: Climate Change 2022 – Impacts, Adaptation and Vulnerability",https://climatekg.tibwiki.io/entity/Q3540,MEASO
https://climatekg.tibwiki.io/entity/Q35,Special Report: Climate Change and Land,https://climatekg.tibwiki.io/entity/Q2417,MED
https://climatekg.tibwiki.io/entity/Q10,Special Report: Global Warming of 1.5°C,https://climatekg.tibwiki.io/entity/Q2417,MED
https://climatekg.tibwiki.io/entity/Q77,Working Group I: Climate Change 2021 – The Physical Science Basis,https://climatekg.tibwiki.io/entity/Q2417,MED
https://climatekg.tibwiki.io/entity/Q106,"Working Group II: Climate Change 2022 – Impacts, Adaptation and Vulnerability",https://climatekg.tibwiki.io/entity/Q2417,MED
https://climatekg.tibwiki.io/entity/Q106,"Working Group II: Climate Change 2022 – Impacts, Adaptation and Vulnerability",https://climatekg.tibwiki.io/entity/Q3541,MEE
https://climatekg.tibwiki.io/entity/Q106,"Working Group II: Climate Change 2022 – Impacts, Adaptation and Vulnerability",https://climatekg.tibwiki.io/entity/Q3542,MEFF
https://climatekg.tibwiki.io/entity/Q106,"Working Group II: Climate Change 2022 – Impacts, Adaptation and Vulnerability",https://climatekg.tibwiki.io/entity/Q3544,MEL
https://climatekg.tibwiki.io/entity/Q77,Working Group I: Climate Change 2021 – The Physical Science Basis,https://climatekg.tibwiki.io/entity/Q3213,MENA
https://climatekg.tibwiki.io/entity/Q106,"Working Group II: Climate Change 2022 – Impacts, Adaptation and Vulnerability",https://climatekg.tibwiki.io/entity/Q3213,MENA
https://climatekg.tibwiki.io/entity/Q150,Working Group III: Climate Change 2022 – Mitigation of Climate Change,https://climatekg.tibwiki.io/entity/Q3875,MEPC
https://climatekg.tibwiki.io/entity/Q10,Special Report: Global Warming of 1.5°C,https://climatekg.tibwiki.io/entity/Q2418,MEPS
https://climatekg.tibwiki.io/entity/Q150,Working Group III: Climate Change 2022 – Mitigation of Climate Change,https://climatekg.tibwiki.io/entity/Q3876,MEPSs
https://climatekg.tibwiki.io/entity/Q10,Special Report: Global Warming of 1.5°C,https://climatekg.tibwiki.io/entity/Q2419,MER
https://climatekg.tibwiki.io/entity/Q10,Special Report: Global Warming of 1.5°C,https://climatekg.tibwiki.io/entity/Q2420,MERET
https://climatekg.tibwiki.io/entity/Q10,Special Report: Global Warming of 1.5°C,https://climatekg.tibwiki.io/entity/Q2421,MERGE-ETL
https://climatekg.tibwiki.io/entity/Q106,"Working Group II: Climate Change 2022 – Impacts, Adaptation and Vulnerability",https://climatekg.tibwiki.io/entity/Q3545,MERI
https://climatekg.tibwiki.io/entity/Q35,Special Report: Climate Change and Land,https://climatekg.tibwiki.io/entity/Q2795,MERIS
https://climatekg.tibwiki.io/entity/Q77,Working Group I: Climate Change 2021 – The Physical Science Basis,https://climatekg.tibwiki.io/entity/Q3214,MERRA
https://climatekg.tibwiki.io/entity/Q106,"Working Group II: Climate Change 2022 – Impacts, Adaptation and Vulnerability",https://climatekg.tibwiki.io/entity/Q3546,MERS
https://climatekg.tibwiki.io/entity/Q150,Working Group III: Climate Change 2022 – Mitigation of Climate Change,https://climatekg.tibwiki.io/entity/Q3874,MES
https://climatekg.tibwiki.io/entity/Q35,Special Report: Climate Change and Land,https://climatekg.tibwiki.io/entity/Q2422,MESSAGE
https://climatekg.tibwiki.io/entity/Q10,Special Report: Global Warming of 1.5°C,https://climatekg.tibwiki.io/entity/Q2422,MESSAGE
https://climatekg.tibwiki.io/entity/Q77,Working Group I: Climate Change 2021 – The Physical Science Basis,https://climatekg.tibwiki.io/entity/Q3215,METACLIP
https://climatekg.tibwiki.io/entity/Q106,"Working Group II: Climate Change 2022 – Impacts, Adaptation and Vulnerability",https://climatekg.tibwiki.io/entity/Q3548,MFP
https://climatekg.tibwiki.io/entity/Q35,Special Report: Climate Change and Land,https://climatekg.tibwiki.io/entity/Q2796,MFS
https://climatekg.tibwiki.io/entity/Q106,"Working Group II: Climate Change 2022 – Impacts, Adaptation and Vulnerability",https://climatekg.tibwiki.io/entity/Q3549,MGNREGA
https://climatekg.tibwiki.io/entity/Q77,Working Group I: Climate Change 2021 – The Physical Science Basis,https://climatekg.tibwiki.io/entity/Q3216,MH
https://climatekg.tibwiki.io/entity/Q57,Special Report: The Ocean and Cryosphere in a Changing Climate,https://climatekg.tibwiki.io/entity/Q2963,MHW
https://climatekg.tibwiki.io/entity/Q77,Working Group I: Climate Change 2021 – The Physical Science Basis,https://climatekg.tibwiki.io/entity/Q2963,MHW
https://climatekg.tibwiki.io/entity/Q106,"Working Group II: Climate Change 2022 – Impacts, Adaptation and Vulnerability",https://climatekg.tibwiki.io/entity/Q2963,MHW
https://climatekg.tibwiki.io/entity/Q106,"Working Group II: Climate Change 2022 – Impacts, Adaptation and Vulnerability",https://climatekg.tibwiki.io/entity/Q3550,MI
https://climatekg.tibwiki.io/entity/Q57,Special Report: The Ocean and Cryosphere in a Changing Climate,https://climatekg.tibwiki.io/entity/Q2964,MICI
https://climatekg.tibwiki.io/entity/Q77,Working Group I: Climate Change 2021 – The Physical Science Basis,https://climatekg.tibwiki.io/entity/Q2964,MICI
https://climatekg.tibwiki.io/entity/Q150,Working Group III: Climate Change 2022 – Mitigation of Climate Change,https://climatekg.tibwiki.io/entity/Q3877,MIGA
https://climatekg.tibwiki.io/entity/Q57,Special Report: The Ocean and Cryosphere in a Changing Climate,https://climatekg.tibwiki.io/entity/Q2965,MIP
https://climatekg.tibwiki.io/entity/Q77,Working Group I: Climate Change 2021 – The Physical Science Basis,https://climatekg.tibwiki.io/entity/Q2965,MIP
https://climatekg.tibwiki.io/entity/Q106,"Working Group II: Climate Change 2022 – Impacts, Adaptation and Vulnerability",https://climatekg.tibwiki.io/entity/Q3551,MIPs
https://climatekg.tibwiki.io/entity/Q10,Special Report: Global Warming of 1.5°C,https://climatekg.tibwiki.io/entity/Q2424,MIROC
https://climatekg.tibwiki.io/entity/Q77,Working Group I: Climate Change 2021 – The Physical Science Basis,https://climatekg.tibwiki.io/entity/Q2424,MIROC
https://climatekg.tibwiki.io/entity/Q35,Special Report: Climate Change and Land,https://climatekg.tibwiki.io/entity/Q2797,MIRWH
https://climatekg.tibwiki.io/entity/Q77,Working Group I: Climate Change 2021 – The Physical Science Basis,https://climatekg.tibwiki.io/entity/Q3217,MIS
https://climatekg.tibwiki.io/entity/Q150,Working Group III: Climate Change 2022 – Mitigation of Climate Change,https://climatekg.tibwiki.io/entity/Q3217,MIS
https://climatekg.tibwiki.io/entity/Q10,Special Report: Global Warming of 1.5°C,https://climatekg.tibwiki.io/entity/Q2425,MISI
https://climatekg.tibwiki.io/entity/Q57,Special Report: The Ocean and Cryosphere in a Changing Climate,https://climatekg.tibwiki.io/entity/Q2425,MISI
https://climatekg.tibwiki.io/entity/Q77,Working Group I: Climate Change 2021 – The Physical Science Basis,https://climatekg.tibwiki.io/entity/Q2425,MISI
https://climatekg.tibwiki.io/entity/Q106,"Working Group II: Climate Change 2022 – Impacts, Adaptation and Vulnerability",https://climatekg.tibwiki.io/entity/Q2425,MISI
https://climatekg.tibwiki.io/entity/Q77,Working Group I: Climate Change 2021 – The Physical Science Basis,https://climatekg.tibwiki.io/entity/Q3218,MISMIP
https://climatekg.tibwiki.io/entity/Q10,Special Report: Global Warming of 1.5°C,https://climatekg.tibwiki.io/entity/Q2426,MIT IGSM
https://climatekg.tibwiki.io/entity/Q35,Special Report: Climate Change and Land,https://climatekg.tibwiki.io/entity/Q2427,MJ
https://climatekg.tibwiki.io/entity/Q10,Special Report: Global Warming of 1.5°C,https://climatekg.tibwiki.io/entity/Q2427,MJ
https://climatekg.tibwiki.io/entity/Q150,Working Group III: Climate Change 2022 – Mitigation of Climate Change,https://climatekg.tibwiki.io/entity/Q2427,MJ
https://climatekg.tibwiki.io/entity/Q77,Working Group I: Climate Change 2021 – The Physical Science Basis,https://climatekg.tibwiki.io/entity/Q3219,MJO
https://climatekg.tibwiki.io/entity/Q77,Working Group I: Climate Change 2021 – The Physical Science Basis,https://climatekg.tibwiki.io/entity/Q3220,MLO
https://climatekg.tibwiki.io/entity/Q150,Working Group III: Climate Change 2022 – Mitigation of Climate Change,https://climatekg.tibwiki.io/entity/Q3879,MLP
https://climatekg.tibwiki.io/entity/Q77,Working Group I: Climate Change 2021 – The Physical Science Basis,https://climatekg.tibwiki.io/entity/Q3221,MME
https://climatekg.tibwiki.io/entity/Q106,"Working Group II: Climate Change 2022 – Impacts, Adaptation and Vulnerability",https://climatekg.tibwiki.io/entity/Q3552,MMT
https://climatekg.tibwiki.io/entity/Q35,Special Report: Climate Change and Land,https://climatekg.tibwiki.io/entity/Q2798,MND
https://climatekg.tibwiki.io/entity/Q57,Special Report: The Ocean and Cryosphere in a Changing Climate,https://climatekg.tibwiki.io/entity/Q2966,MOC
https://climatekg.tibwiki.io/entity/Q77,Working Group I: Climate Change 2021 – The Physical Science Basis,https://climatekg.tibwiki.io/entity/Q2966,MOC
https://climatekg.tibwiki.io/entity/Q35,Special Report: Climate Change and Land,https://climatekg.tibwiki.io/entity/Q2799,MODIS
https://climatekg.tibwiki.io/entity/Q77,Working Group I: Climate Change 2021 – The Physical Science Basis,https://climatekg.tibwiki.io/entity/Q2799,MODIS
https://climatekg.tibwiki.io/entity/Q106,"Working Group II: Climate Change 2022 – Impacts, Adaptation and Vulnerability",https://climatekg.tibwiki.io/entity/Q2799,MODIS
https://climatekg.tibwiki.io/entity/Q150,Working Group III: Climate Change 2022 – Mitigation of Climate Change,https://climatekg.tibwiki.io/entity/Q3881,MOE
https://climatekg.tibwiki.io/entity/Q35,Special Report: Climate Change and Land,https://climatekg.tibwiki.io/entity/Q2800,MOFPI
https://climatekg.tibwiki.io/entity/Q10,Special Report: Global Warming of 1.5°C,https://climatekg.tibwiki.io/entity/Q2429,MOHC
https://climatekg.tibwiki.io/entity/Q150,Working Group III: Climate Change 2022 – Mitigation of Climate Change,https://climatekg.tibwiki.io/entity/Q3882,MOOC
https://climatekg.tibwiki.io/entity/Q10,Special Report: Global Warming of 1.5°C,https://climatekg.tibwiki.io/entity/Q2430,MOPEX
https://climatekg.tibwiki.io/entity/Q57,Special Report: The Ocean and Cryosphere in a Changing Climate,https://climatekg.tibwiki.io/entity/Q2967,MPA
https://climatekg.tibwiki.io/entity/Q106,"Working Group II: Climate Change 2022 – Impacts, Adaptation and Vulnerability",https://climatekg.tibwiki.io/entity/Q2967,MPA
https://climatekg.tibwiki.io/entity/Q150,Working Group III: Climate Change 2022 – Mitigation of Climate Change,https://climatekg.tibwiki.io/entity/Q2967,MPA
https://climatekg.tibwiki.io/entity/Q10,Special Report: Global Warming of 1.5°C,https://climatekg.tibwiki.io/entity/Q2431,MPAs
https://climatekg.tibwiki.io/entity/Q10,Special Report: Global Warming of 1.5°C,https://climatekg.tibwiki.io/entity/Q2432,MPI
https://climatekg.tibwiki.io/entity/Q77,Working Group I: Climate Change 2021 – The Physical Science Basis,https://climatekg.tibwiki.io/entity/Q2432,MPI
https://climatekg.tibwiki.io/entity/Q106,"Working Group II: Climate Change 2022 – Impacts, Adaptation and Vulnerability",https://climatekg.tibwiki.io/entity/Q2432,MPI
https://climatekg.tibwiki.io/entity/Q10,Special Report: Global Warming of 1.5°C,https://climatekg.tibwiki.io/entity/Q2433,MPWP
https://climatekg.tibwiki.io/entity/Q57,Special Report: The Ocean and Cryosphere in a Changing Climate,https://climatekg.tibwiki.io/entity/Q2433,MPWP
https://climatekg.tibwiki.io/entity/Q77,Working Group I: Climate Change 2021 – The Physical Science Basis,https://climatekg.tibwiki.io/entity/Q2433,MPWP
https://climatekg.tibwiki.io/entity/Q10,Special Report: Global Warming of 1.5°C,https://climatekg.tibwiki.io/entity/Q2434,MRFCJ
https://climatekg.tibwiki.io/entity/Q10,Special Report: Global Warming of 1.5°C,https://climatekg.tibwiki.io/entity/Q2435,MRI
https://climatekg.tibwiki.io/entity/Q77,Working Group I: Climate Change 2021 – The Physical Science Basis,https://climatekg.tibwiki.io/entity/Q2435,MRI
https://climatekg.tibwiki.io/entity/Q35,Special Report: Climate Change and Land,https://climatekg.tibwiki.io/entity/Q2436,MRV
https://climatekg.tibwiki.io/entity/Q10,Special Report: Global Warming of 1.5°C,https://climatekg.tibwiki.io/entity/Q2436,MRV
https://climatekg.tibwiki.io/entity/Q57,Special Report: The Ocean and Cryosphere in a Changing Climate,https://climatekg.tibwiki.io/entity/Q2436,MRV
https://climatekg.tibwiki.io/entity/Q106,"Working Group II: Climate Change 2022 – Impacts, Adaptation and Vulnerability",https://climatekg.tibwiki.io/entity/Q2436,MRV
https://climatekg.tibwiki.io/entity/Q150,Working Group III: Climate Change 2022 – Mitigation of Climate Change,https://climatekg.tibwiki.io/entity/Q2436,MRV
https://climatekg.tibwiki.io/entity/Q150,Working Group III: Climate Change 2022 – Mitigation of Climate Change,https://climatekg.tibwiki.io/entity/Q3883,MS
https://climatekg.tibwiki.io/entity/Q35,Special Report: Climate Change and Land,https://climatekg.tibwiki.io/entity/Q2801,MSA
https://climatekg.tibwiki.io/entity/Q77,Working Group I: Climate Change 2021 – The Physical Science Basis,https://climatekg.tibwiki.io/entity/Q3222,MSD
https://climatekg.tibwiki.io/entity/Q106,"Working Group II: Climate Change 2022 – Impacts, Adaptation and Vulnerability",https://climatekg.tibwiki.io/entity/Q3553,MSFD
https://climatekg.tibwiki.io/entity/Q57,Special Report: The Ocean and Cryosphere in a Changing Climate,https://climatekg.tibwiki.io/entity/Q2968,MSL
https://climatekg.tibwiki.io/entity/Q106,"Working Group II: Climate Change 2022 – Impacts, Adaptation and Vulnerability",https://climatekg.tibwiki.io/entity/Q2968,MSL
https://climatekg.tibwiki.io/entity/Q150,Working Group III: Climate Change 2022 – Mitigation of Climate Change,https://climatekg.tibwiki.io/entity/Q3884,MSME
https://climatekg.tibwiki.io/entity/Q106,"Working Group II: Climate Change 2022 – Impacts, Adaptation and Vulnerability",https://climatekg.tibwiki.io/entity/Q3554,MSP
https://climatekg.tibwiki.io/entity/Q10,Special Report: Global Warming of 1.5°C,https://climatekg.tibwiki.io/entity/Q2437,MSR
https://climatekg.tibwiki.io/entity/Q106,"Working Group II: Climate Change 2022 – Impacts, Adaptation and Vulnerability",https://climatekg.tibwiki.io/entity/Q3555,MSRI
https://climatekg.tibwiki.io/entity/Q106,"Working Group II: Climate Change 2022 – Impacts, Adaptation and Vulnerability",https://climatekg.tibwiki.io/entity/Q3556,MSSD
https://climatekg.tibwiki.io/entity/Q57,Special Report: The Ocean and Cryosphere in a Changing Climate,https://climatekg.tibwiki.io/entity/Q2969,MSY
https://climatekg.tibwiki.io/entity/Q106,"Working Group II: Climate Change 2022 – Impacts, Adaptation and Vulnerability",https://climatekg.tibwiki.io/entity/Q2969,MSY
https://climatekg.tibwiki.io/entity/Q150,Working Group III: Climate Change 2022 – Mitigation of Climate Change,https://climatekg.tibwiki.io/entity/Q3885,MTA
https://climatekg.tibwiki.io/entity/Q106,"Working Group II: Climate Change 2022 – Impacts, Adaptation and Vulnerability",https://climatekg.tibwiki.io/entity/Q3557,MTE
https://climatekg.tibwiki.io/entity/Q77,Working Group I: Climate Change 2021 – The Physical Science Basis,https://climatekg.tibwiki.io/entity/Q3223,MTFR
https://climatekg.tibwiki.io/entity/Q150,Working Group III: Climate Change 2022 – Mitigation of Climate Change,https://climatekg.tibwiki.io/entity/Q3886,MTO
https://climatekg.tibwiki.io/entity/Q35,Special Report: Climate Change and Land,https://climatekg.tibwiki.io/entity/Q2802,MTOE
https://climatekg.tibwiki.io/entity/Q189,"Climate Change 2023: Synthesis Report. Contribution of Working Groups I, II and III to the Sixth Assessment Report of the Intergovernmental Panel on Climate Change",https://climatekg.tibwiki.io/entity/Q3030,MWh
https://climatekg.tibwiki.io/entity/Q150,Working Group III: Climate Change 2022 – Mitigation of Climate Change,https://climatekg.tibwiki.io/entity/Q3030,MWh
https://climatekg.tibwiki.io/entity/Q35,Special Report: Climate Change and Land,https://climatekg.tibwiki.io/entity/Q2406,Ma
https://climatekg.tibwiki.io/entity/Q10,Special Report: Global Warming of 1.5°C,https://climatekg.tibwiki.io/entity/Q2406,Ma
https://climatekg.tibwiki.io/entity/Q150,Working Group III: Climate Change 2022 – Mitigation of Climate Change,https://climatekg.tibwiki.io/entity/Q2406,Ma
https://climatekg.tibwiki.io/entity/Q150,Working Group III: Climate Change 2022 – Mitigation of Climate Change,https://climatekg.tibwiki.io/entity/Q3870,MaaS
https://climatekg.tibwiki.io/entity/Q10,Special Report: Global Warming of 1.5°C,https://climatekg.tibwiki.io/entity/Q2408,MacPDM
https://climatekg.tibwiki.io/entity/Q106,"Working Group II: Climate Change 2022 – Impacts, Adaptation and Vulnerability",https://climatekg.tibwiki.io/entity/Q3543,MeHg
https://climatekg.tibwiki.io/entity/Q106,"Working Group II: Climate Change 2022 – Impacts, Adaptation and Vulnerability",https://climatekg.tibwiki.io/entity/Q3547,MfE
https://climatekg.tibwiki.io/entity/Q35,Special Report: Climate Change and Land,https://climatekg.tibwiki.io/entity/Q2423,Mha
https://climatekg.tibwiki.io/entity/Q10,Special Report: Global Warming of 1.5°C,https://climatekg.tibwiki.io/entity/Q2423,Mha
https://climatekg.tibwiki.io/entity/Q150,Working Group III: Climate Change 2022 – Mitigation of Climate Change,https://climatekg.tibwiki.io/entity/Q2423,Mha
https://climatekg.tibwiki.io/entity/Q150,Working Group III: Climate Change 2022 – Mitigation of Climate Change,https://climatekg.tibwiki.io/entity/Q3878,Mkm2
https://climatekg.tibwiki.io/entity/Q10,Special Report: Global Warming of 1.5°C,https://climatekg.tibwiki.io/entity/Q2428,MoCC
https://climatekg.tibwiki.io/entity/Q150,Working Group III: Climate Change 2022 – Mitigation of Climate Change,https://climatekg.tibwiki.io/entity/Q3880,ModAct
https://climatekg.tibwiki.io/entity/Q35,Special Report: Climate Change and Land,https://climatekg.tibwiki.io/entity/Q2438,Mt
https://climatekg.tibwiki.io/entity/Q10,Special Report: Global Warming of 1.5°C,https://climatekg.tibwiki.io/entity/Q2438,Mt
https://climatekg.tibwiki.io/entity/Q150,Working Group III: Climate Change 2022 – Mitigation of Climate Change,https://climatekg.tibwiki.io/entity/Q2438,Mt
https://climatekg.tibwiki.io/entity/Q35,Special Report: Climate Change and Land,https://climatekg.tibwiki.io/entity/Q2439,N
https://climatekg.tibwiki.io/entity/Q10,Special Report: Global Warming of 1.5°C,https://climatekg.tibwiki.io/entity/Q2439,N
https://climatekg.tibwiki.io/entity/Q189,"Climate Change 2023: Synthesis Report. Contribution of Working Groups I, II and III to the Sixth Assessment Report of the Intergovernmental Panel on Climate Change",https://climatekg.tibwiki.io/entity/Q2440,N2O
https://climatekg.tibwiki.io/entity/Q35,Special Report: Climate Change and Land,https://climatekg.tibwiki.io/entity/Q2440,N2O
https://climatekg.tibwiki.io/entity/Q10,Special Report: Global Warming of 1.5°C,https://climatekg.tibwiki.io/entity/Q2440,N2O
https://climatekg.tibwiki.io/entity/Q77,Working Group I: Climate Change 2021 – The Physical Science Basis,https://climatekg.tibwiki.io/entity/Q2440,N2O
https://climatekg.tibwiki.io/entity/Q150,Working Group III: Climate Change 2022 – Mitigation of Climate Change,https://climatekg.tibwiki.io/entity/Q2440,N2O
https://climatekg.tibwiki.io/entity/Q57,Special Report: The Ocean and Cryosphere in a Changing Climate,https://climatekg.tibwiki.io/entity/Q2970,NADW
https://climatekg.tibwiki.io/entity/Q77,Working Group I: Climate Change 2021 – The Physical Science Basis,https://climatekg.tibwiki.io/entity/Q2970,NADW
https://climatekg.tibwiki.io/entity/Q106,"Working Group II: Climate Change 2022 – Impacts, Adaptation and Vulnerability",https://climatekg.tibwiki.io/entity/Q3558,NAF
https://climatekg.tibwiki.io/entity/Q150,Working Group III: Climate Change 2022 – Mitigation of Climate Change,https://climatekg.tibwiki.io/entity/Q3887,NAFTA
https://climatekg.tibwiki.io/entity/Q106,"Working Group II: Climate Change 2022 – Impacts, Adaptation and Vulnerability",https://climatekg.tibwiki.io/entity/Q3559,NAHS
https://climatekg.tibwiki.io/entity/Q77,Working Group I: Climate Change 2021 – The Physical Science Basis,https://climatekg.tibwiki.io/entity/Q3224,NAM
https://climatekg.tibwiki.io/entity/Q35,Special Report: Climate Change and Land,https://climatekg.tibwiki.io/entity/Q2803,NAMA
https://climatekg.tibwiki.io/entity/Q150,Working Group III: Climate Change 2022 – Mitigation of Climate Change,https://climatekg.tibwiki.io/entity/Q2803,NAMA
https://climatekg.tibwiki.io/entity/Q57,Special Report: The Ocean and Cryosphere in a Changing Climate,https://climatekg.tibwiki.io/entity/Q2971,NAO
https://climatekg.tibwiki.io/entity/Q77,Working Group I: Climate Change 2021 – The Physical Science Basis,https://climatekg.tibwiki.io/entity/Q2971,NAO
https://climatekg.tibwiki.io/entity/Q106,"Working Group II: Climate Change 2022 – Impacts, Adaptation and Vulnerability",https://climatekg.tibwiki.io/entity/Q2971,NAO
https://climatekg.tibwiki.io/entity/Q35,Special Report: Climate Change and Land,https://climatekg.tibwiki.io/entity/Q2441,NAP
https://climatekg.tibwiki.io/entity/Q10,Special Report: Global Warming of 1.5°C,https://climatekg.tibwiki.io/entity/Q2441,NAP
https://climatekg.tibwiki.io/entity/Q57,Special Report: The Ocean and Cryosphere in a Changing Climate,https://climatekg.tibwiki.io/entity/Q2441,NAP
https://climatekg.tibwiki.io/entity/Q106,"Working Group II: Climate Change 2022 – Impacts, Adaptation and Vulnerability",https://climatekg.tibwiki.io/entity/Q2441,NAP
https://climatekg.tibwiki.io/entity/Q150,Working Group III: Climate Change 2022 – Mitigation of Climate Change,https://climatekg.tibwiki.io/entity/Q2441,NAP
https://climatekg.tibwiki.io/entity/Q35,Special Report: Climate Change and Land,https://climatekg.tibwiki.io/entity/Q2804,NAPA
https://climatekg.tibwiki.io/entity/Q106,"Working Group II: Climate Change 2022 – Impacts, Adaptation and Vulnerability",https://climatekg.tibwiki.io/entity/Q2804,NAPA
https://climatekg.tibwiki.io/entity/Q35,Special Report: Climate Change and Land,https://climatekg.tibwiki.io/entity/Q2805,NARC
https://climatekg.tibwiki.io/entity/Q77,Working Group I: Climate Change 2021 – The Physical Science Basis,https://climatekg.tibwiki.io/entity/Q3226,NARCCAP
https://climatekg.tibwiki.io/entity/Q10,Special Report: Global Warming of 1.5°C,https://climatekg.tibwiki.io/entity/Q2442,NAS
https://climatekg.tibwiki.io/entity/Q106,"Working Group II: Climate Change 2022 – Impacts, Adaptation and Vulnerability",https://climatekg.tibwiki.io/entity/Q2442,NAS
https://climatekg.tibwiki.io/entity/Q10,Special Report: Global Warming of 1.5°C,https://climatekg.tibwiki.io/entity/Q2443,NASA
https://climatekg.tibwiki.io/entity/Q77,Working Group I: Climate Change 2021 – The Physical Science Basis,https://climatekg.tibwiki.io/entity/Q2443,NASA
https://climatekg.tibwiki.io/entity/Q35,Special Report: Climate Change and Land,https://climatekg.tibwiki.io/entity/Q2806,NASA/GISS
https://climatekg.tibwiki.io/entity/Q10,Special Report: Global Warming of 1.5°C,https://climatekg.tibwiki.io/entity/Q2444,NASEM
https://climatekg.tibwiki.io/entity/Q77,Working Group I: Climate Change 2021 – The Physical Science Basis,https://climatekg.tibwiki.io/entity/Q3227,NASH
https://climatekg.tibwiki.io/entity/Q10,Special Report: Global Warming of 1.5°C,https://climatekg.tibwiki.io/entity/Q2445,NAU
https://climatekg.tibwiki.io/entity/Q77,Working Group I: Climate Change 2021 – The Physical Science Basis,https://climatekg.tibwiki.io/entity/Q2445,NAU
https://climatekg.tibwiki.io/entity/Q150,Working Group III: Climate Change 2022 – Mitigation of Climate Change,https://climatekg.tibwiki.io/entity/Q3888,NAZCA
https://climatekg.tibwiki.io/entity/Q77,Working Group I: Climate Change 2021 – The Physical Science Basis,https://climatekg.tibwiki.io/entity/Q3225,NAmerM
https://climatekg.tibwiki.io/entity/Q106,"Working Group II: Climate Change 2022 – Impacts, Adaptation and Vulnerability",https://climatekg.tibwiki.io/entity/Q3560,NBI
https://climatekg.tibwiki.io/entity/Q77,Working Group I: Climate Change 2021 – The Physical Science Basis,https://climatekg.tibwiki.io/entity/Q3228,NBP
https://climatekg.tibwiki.io/entity/Q35,Special Report: Climate Change and Land,https://climatekg.tibwiki.io/entity/Q2807,NBS
https://climatekg.tibwiki.io/entity/Q106,"Working Group II: Climate Change 2022 – Impacts, Adaptation and Vulnerability",https://climatekg.tibwiki.io/entity/Q2807,NBS
https://climatekg.tibwiki.io/entity/Q150,Working Group III: Climate Change 2022 – Mitigation of Climate Change,https://climatekg.tibwiki.io/entity/Q2807,NBS
https://climatekg.tibwiki.io/entity/Q77,Working Group I: Climate Change 2021 – The Physical Science Basis,https://climatekg.tibwiki.io/entity/Q3229,NCA
https://climatekg.tibwiki.io/entity/Q10,Special Report: Global Warming of 1.5°C,https://climatekg.tibwiki.io/entity/Q2446,NCAR
https://climatekg.tibwiki.io/entity/Q77,Working Group I: Climate Change 2021 – The Physical Science Basis,https://climatekg.tibwiki.io/entity/Q2446,NCAR
https://climatekg.tibwiki.io/entity/Q10,Special Report: Global Warming of 1.5°C,https://climatekg.tibwiki.io/entity/Q2447,NCCARF
https://climatekg.tibwiki.io/entity/Q106,"Working Group II: Climate Change 2022 – Impacts, Adaptation and Vulnerability",https://climatekg.tibwiki.io/entity/Q2447,NCCARF
https://climatekg.tibwiki.io/entity/Q106,"Working Group II: Climate Change 2022 – Impacts, Adaptation and Vulnerability",https://climatekg.tibwiki.io/entity/Q3561,NCCRS
https://climatekg.tibwiki.io/entity/Q35,Special Report: Climate Change and Land,https://climatekg.tibwiki.io/entity/Q2808,NCD
https://climatekg.tibwiki.io/entity/Q106,"Working Group II: Climate Change 2022 – Impacts, Adaptation and Vulnerability",https://climatekg.tibwiki.io/entity/Q2808,NCD
https://climatekg.tibwiki.io/entity/Q35,Special Report: Climate Change and Land,https://climatekg.tibwiki.io/entity/Q2448,NCE
https://climatekg.tibwiki.io/entity/Q10,Special Report: Global Warming of 1.5°C,https://climatekg.tibwiki.io/entity/Q2448,NCE
https://climatekg.tibwiki.io/entity/Q77,Working Group I: Climate Change 2021 – The Physical Science Basis,https://climatekg.tibwiki.io/entity/Q3230,NCEI
https://climatekg.tibwiki.io/entity/Q106,"Working Group II: Climate Change 2022 – Impacts, Adaptation and Vulnerability",https://climatekg.tibwiki.io/entity/Q3230,NCEI
https://climatekg.tibwiki.io/entity/Q57,Special Report: The Ocean and Cryosphere in a Changing Climate,https://climatekg.tibwiki.io/entity/Q2972,NCEP
https://climatekg.tibwiki.io/entity/Q77,Working Group I: Climate Change 2021 – The Physical Science Basis,https://climatekg.tibwiki.io/entity/Q2972,NCEP
https://climatekg.tibwiki.io/entity/Q35,Special Report: Climate Change and Land,https://climatekg.tibwiki.io/entity/Q2809,NCP
https://climatekg.tibwiki.io/entity/Q57,Special Report: The Ocean and Cryosphere in a Changing Climate,https://climatekg.tibwiki.io/entity/Q2809,NCP
https://climatekg.tibwiki.io/entity/Q106,"Working Group II: Climate Change 2022 – Impacts, Adaptation and Vulnerability",https://climatekg.tibwiki.io/entity/Q2809,NCP
https://climatekg.tibwiki.io/entity/Q189,"Climate Change 2023: Synthesis Report. Contribution of Working Groups I, II and III to the Sixth Assessment Report of the Intergovernmental Panel on Climate Change",https://climatekg.tibwiki.io/entity/Q2810,NDC
https://climatekg.tibwiki.io/entity/Q35,Special Report: Climate Change and Land,https://climatekg.tibwiki.io/entity/Q2810,NDC
https://climatekg.tibwiki.io/entity/Q57,Special Report: The Ocean and Cryosphere in a Changing Climate,https://climatekg.tibwiki.io/entity/Q2810,NDC
https://climatekg.tibwiki.io/entity/Q77,Working Group I: Climate Change 2021 – The Physical Science Basis,https://climatekg.tibwiki.io/entity/Q2810,NDC
https://climatekg.tibwiki.io/entity/Q106,"Working Group II: Climate Change 2022 – Impacts, Adaptation and Vulnerability",https://climatekg.tibwiki.io/entity/Q2810,NDC
https://climatekg.tibwiki.io/entity/Q150,Working Group III: Climate Change 2022 – Mitigation of Climate Change,https://climatekg.tibwiki.io/entity/Q2810,NDC
https://climatekg.tibwiki.io/entity/Q10,Special Report: Global Warming of 1.5°C,https://climatekg.tibwiki.io/entity/Q2449,NDCs
https://climatekg.tibwiki.io/entity/Q77,Working Group I: Climate Change 2021 – The Physical Science Basis,https://climatekg.tibwiki.io/entity/Q3231,NDD
https://climatekg.tibwiki.io/entity/Q35,Special Report: Climate Change and Land,https://climatekg.tibwiki.io/entity/Q2811,NDVI
https://climatekg.tibwiki.io/entity/Q77,Working Group I: Climate Change 2021 – The Physical Science Basis,https://climatekg.tibwiki.io/entity/Q2811,NDVI
https://climatekg.tibwiki.io/entity/Q106,"Working Group II: Climate Change 2022 – Impacts, Adaptation and Vulnerability",https://climatekg.tibwiki.io/entity/Q2811,NDVI
https://climatekg.tibwiki.io/entity/Q106,"Working Group II: Climate Change 2022 – Impacts, Adaptation and Vulnerability",https://climatekg.tibwiki.io/entity/Q3562,NE
https://climatekg.tibwiki.io/entity/Q10,Special Report: Global Warming of 1.5°C,https://climatekg.tibwiki.io/entity/Q2450,NEA
https://climatekg.tibwiki.io/entity/Q77,Working Group I: Climate Change 2021 – The Physical Science Basis,https://climatekg.tibwiki.io/entity/Q3232,NEAF
https://climatekg.tibwiki.io/entity/Q10,Special Report: Global Warming of 1.5°C,https://climatekg.tibwiki.io/entity/Q2451,NEB
https://climatekg.tibwiki.io/entity/Q10,Special Report: Global Warming of 1.5°C,https://climatekg.tibwiki.io/entity/Q2452,NEC
https://climatekg.tibwiki.io/entity/Q150,Working Group III: Climate Change 2022 – Mitigation of Climate Change,https://climatekg.tibwiki.io/entity/Q3889,NEDO
https://climatekg.tibwiki.io/entity/Q106,"Working Group II: Climate Change 2022 – Impacts, Adaptation and Vulnerability",https://climatekg.tibwiki.io/entity/Q3563,NELD
https://climatekg.tibwiki.io/entity/Q150,Working Group III: Climate Change 2022 – Mitigation of Climate Change,https://climatekg.tibwiki.io/entity/Q3563,NELD
https://climatekg.tibwiki.io/entity/Q77,Working Group I: Climate Change 2021 – The Physical Science Basis,https://climatekg.tibwiki.io/entity/Q3233,NEN
https://climatekg.tibwiki.io/entity/Q35,Special Report: Climate Change and Land,https://climatekg.tibwiki.io/entity/Q2812,NENA
https://climatekg.tibwiki.io/entity/Q35,Special Report: Climate Change and Land,https://climatekg.tibwiki.io/entity/Q2813,NEON
https://climatekg.tibwiki.io/entity/Q35,Special Report: Climate Change and Land,https://climatekg.tibwiki.io/entity/Q2814,NEP
https://climatekg.tibwiki.io/entity/Q106,"Working Group II: Climate Change 2022 – Impacts, Adaptation and Vulnerability",https://climatekg.tibwiki.io/entity/Q2814,NEP
https://climatekg.tibwiki.io/entity/Q77,Working Group I: Climate Change 2021 – The Physical Science Basis,https://climatekg.tibwiki.io/entity/Q3234,NES
https://climatekg.tibwiki.io/entity/Q106,"Working Group II: Climate Change 2022 – Impacts, Adaptation and Vulnerability",https://climatekg.tibwiki.io/entity/Q3564,NESP
https://climatekg.tibwiki.io/entity/Q35,Special Report: Climate Change and Land,https://climatekg.tibwiki.io/entity/Q2815,NET
https://climatekg.tibwiki.io/entity/Q10,Special Report: Global Warming of 1.5°C,https://climatekg.tibwiki.io/entity/Q2453,NETL
https://climatekg.tibwiki.io/entity/Q10,Special Report: Global Warming of 1.5°C,https://climatekg.tibwiki.io/entity/Q2454,NEU
https://climatekg.tibwiki.io/entity/Q77,Working Group I: Climate Change 2021 – The Physical Science Basis,https://climatekg.tibwiki.io/entity/Q2454,NEU
https://climatekg.tibwiki.io/entity/Q106,"Working Group II: Climate Change 2022 – Impacts, Adaptation and Vulnerability",https://climatekg.tibwiki.io/entity/Q2454,NEU
https://climatekg.tibwiki.io/entity/Q106,"Working Group II: Climate Change 2022 – Impacts, Adaptation and Vulnerability",https://climatekg.tibwiki.io/entity/Q3565,NEUS
https://climatekg.tibwiki.io/entity/Q106,"Working Group II: Climate Change 2022 – Impacts, Adaptation and Vulnerability",https://climatekg.tibwiki.io/entity/Q3566,NF
https://climatekg.tibwiki.io/entity/Q189,"Climate Change 2023: Synthesis Report. Contribution of Working Groups I, II and III to the Sixth Assessment Report of the Intergovernmental Panel on Climate Change",https://climatekg.tibwiki.io/entity/Q2455,NF3
https://climatekg.tibwiki.io/entity/Q10,Special Report: Global Warming of 1.5°C,https://climatekg.tibwiki.io/entity/Q2455,NF3
https://climatekg.tibwiki.io/entity/Q150,Working Group III: Climate Change 2022 – Mitigation of Climate Change,https://climatekg.tibwiki.io/entity/Q2455,NF3
https://climatekg.tibwiki.io/entity/Q106,"Working Group II: Climate Change 2022 – Impacts, Adaptation and Vulnerability",https://climatekg.tibwiki.io/entity/Q3567,NFM
https://climatekg.tibwiki.io/entity/Q35,Special Report: Climate Change and Land,https://climatekg.tibwiki.io/entity/Q2816,NFPP
https://climatekg.tibwiki.io/entity/Q150,Working Group III: Climate Change 2022 – Mitigation of Climate Change,https://climatekg.tibwiki.io/entity/Q3890,NGFS
https://climatekg.tibwiki.io/entity/Q150,Working Group III: Climate Change 2022 – Mitigation of Climate Change,https://climatekg.tibwiki.io/entity/Q3891,NGHGI
https://climatekg.tibwiki.io/entity/Q35,Special Report: Climate Change and Land,https://climatekg.tibwiki.io/entity/Q2456,NGO
https://climatekg.tibwiki.io/entity/Q10,Special Report: Global Warming of 1.5°C,https://climatekg.tibwiki.io/entity/Q2456,NGO
https://climatekg.tibwiki.io/entity/Q57,Special Report: The Ocean and Cryosphere in a Changing Climate,https://climatekg.tibwiki.io/entity/Q2456,NGO
https://climatekg.tibwiki.io/entity/Q106,"Working Group II: Climate Change 2022 – Impacts, Adaptation and Vulnerability",https://climatekg.tibwiki.io/entity/Q2456,NGO
https://climatekg.tibwiki.io/entity/Q150,Working Group III: Climate Change 2022 – Mitigation of Climate Change,https://climatekg.tibwiki.io/entity/Q2456,NGO
https://climatekg.tibwiki.io/entity/Q77,Working Group I: Climate Change 2021 – The Physical Science Basis,https://climatekg.tibwiki.io/entity/Q3235,NH
https://climatekg.tibwiki.io/entity/Q35,Special Report: Climate Change and Land,https://climatekg.tibwiki.io/entity/Q2457,NH3
https://climatekg.tibwiki.io/entity/Q10,Special Report: Global Warming of 1.5°C,https://climatekg.tibwiki.io/entity/Q2457,NH3
https://climatekg.tibwiki.io/entity/Q77,Working Group I: Climate Change 2021 – The Physical Science Basis,https://climatekg.tibwiki.io/entity/Q2457,NH3
https://climatekg.tibwiki.io/entity/Q77,Working Group I: Climate Change 2021 – The Physical Science Basis,https://climatekg.tibwiki.io/entity/Q3236,NH4
https://climatekg.tibwiki.io/entity/Q10,Special Report: Global Warming of 1.5°C,https://climatekg.tibwiki.io/entity/Q2458,NHD
https://climatekg.tibwiki.io/entity/Q106,"Working Group II: Climate Change 2022 – Impacts, Adaptation and Vulnerability",https://climatekg.tibwiki.io/entity/Q3568,NHS
https://climatekg.tibwiki.io/entity/Q35,Special Report: Climate Change and Land,https://climatekg.tibwiki.io/entity/Q2817,NIAB
https://climatekg.tibwiki.io/entity/Q106,"Working Group II: Climate Change 2022 – Impacts, Adaptation and Vulnerability",https://climatekg.tibwiki.io/entity/Q3569,NIES
https://climatekg.tibwiki.io/entity/Q150,Working Group III: Climate Change 2022 – Mitigation of Climate Change,https://climatekg.tibwiki.io/entity/Q3893,NILM
https://climatekg.tibwiki.io/entity/Q150,Working Group III: Climate Change 2022 – Mitigation of Climate Change,https://climatekg.tibwiki.io/entity/Q3896,NIS
https://climatekg.tibwiki.io/entity/Q10,Special Report: Global Warming of 1.5°C,https://climatekg.tibwiki.io/entity/Q2459,NITI Aayog
https://climatekg.tibwiki.io/entity/Q106,"Working Group II: Climate Change 2022 – Impacts, Adaptation and Vulnerability",https://climatekg.tibwiki.io/entity/Q3570,NIWA
https://climatekg.tibwiki.io/entity/Q106,"Working Group II: Climate Change 2022 – Impacts, Adaptation and Vulnerability",https://climatekg.tibwiki.io/entity/Q3571,NL
https://climatekg.tibwiki.io/entity/Q77,Working Group I: Climate Change 2021 – The Physical Science Basis,https://climatekg.tibwiki.io/entity/Q3237,NMAT
https://climatekg.tibwiki.io/entity/Q106,"Working Group II: Climate Change 2022 – Impacts, Adaptation and Vulnerability",https://climatekg.tibwiki.io/entity/Q3572,NMHS
https://climatekg.tibwiki.io/entity/Q10,Special Report: Global Warming of 1.5°C,https://climatekg.tibwiki.io/entity/Q2460,NMVOC
https://climatekg.tibwiki.io/entity/Q77,Working Group I: Climate Change 2021 – The Physical Science Basis,https://climatekg.tibwiki.io/entity/Q2460,NMVOC
https://climatekg.tibwiki.io/entity/Q150,Working Group III: Climate Change 2022 – Mitigation of Climate Change,https://climatekg.tibwiki.io/entity/Q2460,NMVOC
https://climatekg.tibwiki.io/entity/Q77,Working Group I: Climate Change 2021 – The Physical Science Basis,https://climatekg.tibwiki.io/entity/Q3238,NO2
https://climatekg.tibwiki.io/entity/Q77,Working Group I: Climate Change 2021 – The Physical Science Basis,https://climatekg.tibwiki.io/entity/Q3239,NO3
https://climatekg.tibwiki.io/entity/Q35,Special Report: Climate Change and Land,https://climatekg.tibwiki.io/entity/Q2461,NOAA
https://climatekg.tibwiki.io/entity/Q10,Special Report: Global Warming of 1.5°C,https://climatekg.tibwiki.io/entity/Q2461,NOAA
https://climatekg.tibwiki.io/entity/Q57,Special Report: The Ocean and Cryosphere in a Changing Climate,https://climatekg.tibwiki.io/entity/Q2461,NOAA
https://climatekg.tibwiki.io/entity/Q77,Working Group I: Climate Change 2021 – The Physical Science Basis,https://climatekg.tibwiki.io/entity/Q2461,NOAA
https://climatekg.tibwiki.io/entity/Q150,Working Group III: Climate Change 2022 – Mitigation of Climate Change,https://climatekg.tibwiki.io/entity/Q2461,NOAA
https://climatekg.tibwiki.io/entity/Q35,Special Report: Climate Change and Land,https://climatekg.tibwiki.io/entity/Q2818,NOAA AVHRR
https://climatekg.tibwiki.io/entity/Q35,Special Report: Climate Change and Land,https://climatekg.tibwiki.io/entity/Q2819,NOAA ESRL
https://climatekg.tibwiki.io/entity/Q77,Working Group I: Climate Change 2021 – The Physical Science Basis,https://climatekg.tibwiki.io/entity/Q3240,NOAAGlobalTemp
https://climatekg.tibwiki.io/entity/Q10,Special Report: Global Warming of 1.5°C,https://climatekg.tibwiki.io/entity/Q2463,NOx
https://climatekg.tibwiki.io/entity/Q77,Working Group I: Climate Change 2021 – The Physical Science Basis,https://climatekg.tibwiki.io/entity/Q2463,NOx
https://climatekg.tibwiki.io/entity/Q10,Special Report: Global Warming of 1.5°C,https://climatekg.tibwiki.io/entity/Q2464,NPCC
https://climatekg.tibwiki.io/entity/Q77,Working Group I: Climate Change 2021 – The Physical Science Basis,https://climatekg.tibwiki.io/entity/Q3241,NPO
https://climatekg.tibwiki.io/entity/Q35,Special Report: Climate Change and Land,https://climatekg.tibwiki.io/entity/Q2465,NPP
https://climatekg.tibwiki.io/entity/Q10,Special Report: Global Warming of 1.5°C,https://climatekg.tibwiki.io/entity/Q2465,NPP
https://climatekg.tibwiki.io/entity/Q57,Special Report: The Ocean and Cryosphere in a Changing Climate,https://climatekg.tibwiki.io/entity/Q2465,NPP
https://climatekg.tibwiki.io/entity/Q77,Working Group I: Climate Change 2021 – The Physical Science Basis,https://climatekg.tibwiki.io/entity/Q2465,NPP
https://climatekg.tibwiki.io/entity/Q106,"Working Group II: Climate Change 2022 – Impacts, Adaptation and Vulnerability",https://climatekg.tibwiki.io/entity/Q2465,NPP
https://climatekg.tibwiki.io/entity/Q35,Special Report: Climate Change and Land,https://climatekg.tibwiki.io/entity/Q2466,NPV
https://climatekg.tibwiki.io/entity/Q10,Special Report: Global Warming of 1.5°C,https://climatekg.tibwiki.io/entity/Q2466,NPV
https://climatekg.tibwiki.io/entity/Q57,Special Report: The Ocean and Cryosphere in a Changing Climate,https://climatekg.tibwiki.io/entity/Q2466,NPV
https://climatekg.tibwiki.io/entity/Q150,Working Group III: Climate Change 2022 – Mitigation of Climate Change,https://climatekg.tibwiki.io/entity/Q3898,NR
https://climatekg.tibwiki.io/entity/Q35,Special Report: Climate Change and Land,https://climatekg.tibwiki.io/entity/Q2467,NRC
https://climatekg.tibwiki.io/entity/Q10,Special Report: Global Warming of 1.5°C,https://climatekg.tibwiki.io/entity/Q2467,NRC
https://climatekg.tibwiki.io/entity/Q35,Special Report: Climate Change and Land,https://climatekg.tibwiki.io/entity/Q2820,NRDC
https://climatekg.tibwiki.io/entity/Q150,Working Group III: Climate Change 2022 – Mitigation of Climate Change,https://climatekg.tibwiki.io/entity/Q3897,NRG
https://climatekg.tibwiki.io/entity/Q77,Working Group I: Climate Change 2021 – The Physical Science Basis,https://climatekg.tibwiki.io/entity/Q3242,NSA
https://climatekg.tibwiki.io/entity/Q150,Working Group III: Climate Change 2022 – Mitigation of Climate Change,https://climatekg.tibwiki.io/entity/Q3242,NSA
https://climatekg.tibwiki.io/entity/Q10,Special Report: Global Warming of 1.5°C,https://climatekg.tibwiki.io/entity/Q2468,NSR
https://climatekg.tibwiki.io/entity/Q106,"Working Group II: Climate Change 2022 – Impacts, Adaptation and Vulnerability",https://climatekg.tibwiki.io/entity/Q2468,NSR
https://climatekg.tibwiki.io/entity/Q150,Working Group III: Climate Change 2022 – Mitigation of Climate Change,https://climatekg.tibwiki.io/entity/Q3904,NSTT
https://climatekg.tibwiki.io/entity/Q106,"Working Group II: Climate Change 2022 – Impacts, Adaptation and Vulnerability",https://climatekg.tibwiki.io/entity/Q3573,NSW
https://climatekg.tibwiki.io/entity/Q150,Working Group III: Climate Change 2022 – Mitigation of Climate Change,https://climatekg.tibwiki.io/entity/Q3900,NT
https://climatekg.tibwiki.io/entity/Q106,"Working Group II: Climate Change 2022 – Impacts, Adaptation and Vulnerability",https://climatekg.tibwiki.io/entity/Q3574,NTDs
https://climatekg.tibwiki.io/entity/Q150,Working Group III: Climate Change 2022 – Mitigation of Climate Change,https://climatekg.tibwiki.io/entity/Q3899,NTEM
https://climatekg.tibwiki.io/entity/Q35,Special Report: Climate Change and Land,https://climatekg.tibwiki.io/entity/Q2821,NTFP
https://climatekg.tibwiki.io/entity/Q106,"Working Group II: Climate Change 2022 – Impacts, Adaptation and Vulnerability",https://climatekg.tibwiki.io/entity/Q3575,NTFPs
https://climatekg.tibwiki.io/entity/Q10,Special Report: Global Warming of 1.5°C,https://climatekg.tibwiki.io/entity/Q2469,NTP
https://climatekg.tibwiki.io/entity/Q106,"Working Group II: Climate Change 2022 – Impacts, Adaptation and Vulnerability",https://climatekg.tibwiki.io/entity/Q3576,NUA
https://climatekg.tibwiki.io/entity/Q150,Working Group III: Climate Change 2022 – Mitigation of Climate Change,https://climatekg.tibwiki.io/entity/Q3576,NUA
https://climatekg.tibwiki.io/entity/Q35,Special Report: Climate Change and Land,https://climatekg.tibwiki.io/entity/Q2822,NUS
https://climatekg.tibwiki.io/entity/Q77,Working Group I: Climate Change 2021 – The Physical Science Basis,https://climatekg.tibwiki.io/entity/Q3243,NWN
https://climatekg.tibwiki.io/entity/Q106,"Working Group II: Climate Change 2022 – Impacts, Adaptation and Vulnerability",https://climatekg.tibwiki.io/entity/Q3577,NWP
https://climatekg.tibwiki.io/entity/Q77,Working Group I: Climate Change 2021 – The Physical Science Basis,https://climatekg.tibwiki.io/entity/Q3244,NWS
https://climatekg.tibwiki.io/entity/Q106,"Working Group II: Climate Change 2022 – Impacts, Adaptation and Vulnerability",https://climatekg.tibwiki.io/entity/Q3244,NWS
https://climatekg.tibwiki.io/entity/Q10,Special Report: Global Warming of 1.5°C,https://climatekg.tibwiki.io/entity/Q2470,NYC
https://climatekg.tibwiki.io/entity/Q106,"Working Group II: Climate Change 2022 – Impacts, Adaptation and Vulnerability",https://climatekg.tibwiki.io/entity/Q3578,NYCEDC
https://climatekg.tibwiki.io/entity/Q150,Working Group III: Climate Change 2022 – Mitigation of Climate Change,https://climatekg.tibwiki.io/entity/Q3905,NYDF
https://climatekg.tibwiki.io/entity/Q77,Working Group I: Climate Change 2021 – The Physical Science Basis,https://climatekg.tibwiki.io/entity/Q3245,NZ
https://climatekg.tibwiki.io/entity/Q106,"Working Group II: Climate Change 2022 – Impacts, Adaptation and Vulnerability",https://climatekg.tibwiki.io/entity/Q3245,NZ
https://climatekg.tibwiki.io/entity/Q10,Special Report: Global Warming of 1.5°C,https://climatekg.tibwiki.io/entity/Q2471,NZAGRC
https://climatekg.tibwiki.io/entity/Q106,"Working Group II: Climate Change 2022 – Impacts, Adaptation and Vulnerability",https://climatekg.tibwiki.io/entity/Q3579,NZCFSF
https://climatekg.tibwiki.io/entity/Q150,Working Group III: Climate Change 2022 – Mitigation of Climate Change,https://climatekg.tibwiki.io/entity/Q3901,NZE
https://climatekg.tibwiki.io/entity/Q150,Working Group III: Climate Change 2022 – Mitigation of Climate Change,https://climatekg.tibwiki.io/entity/Q3902,NZE scenario
https://climatekg.tibwiki.io/entity/Q150,Working Group III: Climate Change 2022 – Mitigation of Climate Change,https://climatekg.tibwiki.io/entity/Q3903,NZEB
https://climatekg.tibwiki.io/entity/Q150,Working Group III: Climate Change 2022 – Mitigation of Climate Change,https://climatekg.tibwiki.io/entity/Q3892,NiCD
https://climatekg.tibwiki.io/entity/Q150,Working Group III: Climate Change 2022 – Mitigation of Climate Change,https://climatekg.tibwiki.io/entity/Q3895,NiMH
https://climatekg.tibwiki.io/entity/Q150,Working Group III: Climate Change 2022 – Mitigation of Climate Change,https://climatekg.tibwiki.io/entity/Q3894,Nimby
https://climatekg.tibwiki.io/entity/Q10,Special Report: Global Warming of 1.5°C,https://climatekg.tibwiki.io/entity/Q2462,NorESM
https://climatekg.tibwiki.io/entity/Q77,Working Group I: Climate Change 2021 – The Physical Science Basis,https://climatekg.tibwiki.io/entity/Q2462,NorESM
https://climatekg.tibwiki.io/entity/Q35,Special Report: Climate Change and Land,https://climatekg.tibwiki.io/entity/Q2472,O2
https://climatekg.tibwiki.io/entity/Q10,Special Report: Global Warming of 1.5°C,https://climatekg.tibwiki.io/entity/Q2472,O2
https://climatekg.tibwiki.io/entity/Q189,"Climate Change 2023: Synthesis Report. Contribution of Working Groups I, II and III to the Sixth Assessment Report of the Intergovernmental Panel on Climate Change",https://climatekg.tibwiki.io/entity/Q2473,O3
https://climatekg.tibwiki.io/entity/Q35,Special Report: Climate Change and Land,https://climatekg.tibwiki.io/entity/Q2473,O3
https://climatekg.tibwiki.io/entity/Q10,Special Report: Global Warming of 1.5°C,https://climatekg.tibwiki.io/entity/Q2473,O3
https://climatekg.tibwiki.io/entity/Q10,Special Report: Global Warming of 1.5°C,https://climatekg.tibwiki.io/entity/Q2474,OA
https://climatekg.tibwiki.io/entity/Q57,Special Report: The Ocean and Cryosphere in a Changing Climate,https://climatekg.tibwiki.io/entity/Q2474,OA
https://climatekg.tibwiki.io/entity/Q77,Working Group I: Climate Change 2021 – The Physical Science Basis,https://climatekg.tibwiki.io/entity/Q2474,OA
https://climatekg.tibwiki.io/entity/Q106,"Working Group II: Climate Change 2022 – Impacts, Adaptation and Vulnerability",https://climatekg.tibwiki.io/entity/Q2474,OA
https://climatekg.tibwiki.io/entity/Q150,Working Group III: Climate Change 2022 – Mitigation of Climate Change,https://climatekg.tibwiki.io/entity/Q2474,OA
https://climatekg.tibwiki.io/entity/Q106,"Working Group II: Climate Change 2022 – Impacts, Adaptation and Vulnerability",https://climatekg.tibwiki.io/entity/Q3580,OAC
https://climatekg.tibwiki.io/entity/Q150,Working Group III: Climate Change 2022 – Mitigation of Climate Change,https://climatekg.tibwiki.io/entity/Q3580,OAC
https://climatekg.tibwiki.io/entity/Q150,Working Group III: Climate Change 2022 – Mitigation of Climate Change,https://climatekg.tibwiki.io/entity/Q3906,OAE
https://climatekg.tibwiki.io/entity/Q35,Special Report: Climate Change and Land,https://climatekg.tibwiki.io/entity/Q2475,OC
https://climatekg.tibwiki.io/entity/Q10,Special Report: Global Warming of 1.5°C,https://climatekg.tibwiki.io/entity/Q2475,OC
https://climatekg.tibwiki.io/entity/Q77,Working Group I: Climate Change 2021 – The Physical Science Basis,https://climatekg.tibwiki.io/entity/Q2475,OC
https://climatekg.tibwiki.io/entity/Q106,"Working Group II: Climate Change 2022 – Impacts, Adaptation and Vulnerability",https://climatekg.tibwiki.io/entity/Q3581,OCLTT
https://climatekg.tibwiki.io/entity/Q106,"Working Group II: Climate Change 2022 – Impacts, Adaptation and Vulnerability",https://climatekg.tibwiki.io/entity/Q3582,ODA
https://climatekg.tibwiki.io/entity/Q150,Working Group III: Climate Change 2022 – Mitigation of Climate Change,https://climatekg.tibwiki.io/entity/Q3582,ODA
https://climatekg.tibwiki.io/entity/Q77,Working Group I: Climate Change 2021 – The Physical Science Basis,https://climatekg.tibwiki.io/entity/Q3246,ODS
https://climatekg.tibwiki.io/entity/Q150,Working Group III: Climate Change 2022 – Mitigation of Climate Change,https://climatekg.tibwiki.io/entity/Q3246,ODS
https://climatekg.tibwiki.io/entity/Q35,Special Report: Climate Change and Land,https://climatekg.tibwiki.io/entity/Q2476,OECD
https://climatekg.tibwiki.io/entity/Q10,Special Report: Global Warming of 1.5°C,https://climatekg.tibwiki.io/entity/Q2476,OECD
https://climatekg.tibwiki.io/entity/Q77,Working Group I: Climate Change 2021 – The Physical Science Basis,https://climatekg.tibwiki.io/entity/Q2476,OECD
https://climatekg.tibwiki.io/entity/Q106,"Working Group II: Climate Change 2022 – Impacts, Adaptation and Vulnerability",https://climatekg.tibwiki.io/entity/Q2476,OECD
https://climatekg.tibwiki.io/entity/Q150,Working Group III: Climate Change 2022 – Mitigation of Climate Change,https://climatekg.tibwiki.io/entity/Q2476,OECD
https://climatekg.tibwiki.io/entity/Q106,"Working Group II: Climate Change 2022 – Impacts, Adaptation and Vulnerability",https://climatekg.tibwiki.io/entity/Q3583,OECM
https://climatekg.tibwiki.io/entity/Q106,"Working Group II: Climate Change 2022 – Impacts, Adaptation and Vulnerability",https://climatekg.tibwiki.io/entity/Q3584,OEH
https://climatekg.tibwiki.io/entity/Q150,Working Group III: Climate Change 2022 – Mitigation of Climate Change,https://climatekg.tibwiki.io/entity/Q3907,OF
https://climatekg.tibwiki.io/entity/Q10,Special Report: Global Warming of 1.5°C,https://climatekg.tibwiki.io/entity/Q2477,OGCC
https://climatekg.tibwiki.io/entity/Q35,Special Report: Climate Change and Land,https://climatekg.tibwiki.io/entity/Q2823,OH
https://climatekg.tibwiki.io/entity/Q77,Working Group I: Climate Change 2021 – The Physical Science Basis,https://climatekg.tibwiki.io/entity/Q2823,OH
https://climatekg.tibwiki.io/entity/Q57,Special Report: The Ocean and Cryosphere in a Changing Climate,https://climatekg.tibwiki.io/entity/Q2973,OHC
https://climatekg.tibwiki.io/entity/Q77,Working Group I: Climate Change 2021 – The Physical Science Basis,https://climatekg.tibwiki.io/entity/Q2973,OHC
https://climatekg.tibwiki.io/entity/Q10,Special Report: Global Warming of 1.5°C,https://climatekg.tibwiki.io/entity/Q2478,OHCHR
https://climatekg.tibwiki.io/entity/Q106,"Working Group II: Climate Change 2022 – Impacts, Adaptation and Vulnerability",https://climatekg.tibwiki.io/entity/Q3585,OHRLLS
https://climatekg.tibwiki.io/entity/Q10,Special Report: Global Warming of 1.5°C,https://climatekg.tibwiki.io/entity/Q2479,OIF
https://climatekg.tibwiki.io/entity/Q77,Working Group I: Climate Change 2021 – The Physical Science Basis,https://climatekg.tibwiki.io/entity/Q3247,OLR
https://climatekg.tibwiki.io/entity/Q57,Special Report: The Ocean and Cryosphere in a Changing Climate,https://climatekg.tibwiki.io/entity/Q2974,OLS
https://climatekg.tibwiki.io/entity/Q77,Working Group I: Climate Change 2021 – The Physical Science Basis,https://climatekg.tibwiki.io/entity/Q2974,OLS
https://climatekg.tibwiki.io/entity/Q77,Working Group I: Climate Change 2021 – The Physical Science Basis,https://climatekg.tibwiki.io/entity/Q3248,OMI
https://climatekg.tibwiki.io/entity/Q77,Working Group I: Climate Change 2021 – The Physical Science Basis,https://climatekg.tibwiki.io/entity/Q3249,OMIP
https://climatekg.tibwiki.io/entity/Q106,"Working Group II: Climate Change 2022 – Impacts, Adaptation and Vulnerability",https://climatekg.tibwiki.io/entity/Q3586,OMVS
https://climatekg.tibwiki.io/entity/Q57,Special Report: The Ocean and Cryosphere in a Changing Climate,https://climatekg.tibwiki.io/entity/Q2975,OMZ
https://climatekg.tibwiki.io/entity/Q106,"Working Group II: Climate Change 2022 – Impacts, Adaptation and Vulnerability",https://climatekg.tibwiki.io/entity/Q2975,OMZ
https://climatekg.tibwiki.io/entity/Q150,Working Group III: Climate Change 2022 – Mitigation of Climate Change,https://climatekg.tibwiki.io/entity/Q3908,OPEC
https://climatekg.tibwiki.io/entity/Q150,Working Group III: Climate Change 2022 – Mitigation of Climate Change,https://climatekg.tibwiki.io/entity/Q3909,OPEX
https://climatekg.tibwiki.io/entity/Q35,Special Report: Climate Change and Land,https://climatekg.tibwiki.io/entity/Q2480,ORCHIDEE
https://climatekg.tibwiki.io/entity/Q10,Special Report: Global Warming of 1.5°C,https://climatekg.tibwiki.io/entity/Q2480,ORCHIDEE
https://climatekg.tibwiki.io/entity/Q10,Special Report: Global Warming of 1.5°C,https://climatekg.tibwiki.io/entity/Q2481,ORR
https://climatekg.tibwiki.io/entity/Q10,Special Report: Global Warming of 1.5°C,https://climatekg.tibwiki.io/entity/Q2482,OS
https://climatekg.tibwiki.io/entity/Q150,Working Group III: Climate Change 2022 – Mitigation of Climate Change,https://climatekg.tibwiki.io/entity/Q2482,OS
https://climatekg.tibwiki.io/entity/Q106,"Working Group II: Climate Change 2022 – Impacts, Adaptation and Vulnerability",https://climatekg.tibwiki.io/entity/Q3587,OSPAR
https://climatekg.tibwiki.io/entity/Q35,Special Report: Climate Change and Land,https://climatekg.tibwiki.io/entity/Q2824,OSS
https://climatekg.tibwiki.io/entity/Q150,Working Group III: Climate Change 2022 – Mitigation of Climate Change,https://climatekg.tibwiki.io/entity/Q2824,OSS
https://climatekg.tibwiki.io/entity/Q106,"Working Group II: Climate Change 2022 – Impacts, Adaptation and Vulnerability",https://climatekg.tibwiki.io/entity/Q3588,OW
https://climatekg.tibwiki.io/entity/Q35,Special Report: Climate Change and Land,https://climatekg.tibwiki.io/entity/Q2487,P
https://climatekg.tibwiki.io/entity/Q10,Special Report: Global Warming of 1.5°C,https://climatekg.tibwiki.io/entity/Q2487,P
https://climatekg.tibwiki.io/entity/Q150,Working Group III: Climate Change 2022 – Mitigation of Climate Change,https://climatekg.tibwiki.io/entity/Q3910,P2P
https://climatekg.tibwiki.io/entity/Q77,Working Group I: Climate Change 2021 – The Physical Science Basis,https://climatekg.tibwiki.io/entity/Q3250,PA
https://climatekg.tibwiki.io/entity/Q106,"Working Group II: Climate Change 2022 – Impacts, Adaptation and Vulnerability",https://climatekg.tibwiki.io/entity/Q3250,PA
https://climatekg.tibwiki.io/entity/Q150,Working Group III: Climate Change 2022 – Mitigation of Climate Change,https://climatekg.tibwiki.io/entity/Q3250,PA
https://climatekg.tibwiki.io/entity/Q150,Working Group III: Climate Change 2022 – Mitigation of Climate Change,https://climatekg.tibwiki.io/entity/Q3911,PACE
https://climatekg.tibwiki.io/entity/Q106,"Working Group II: Climate Change 2022 – Impacts, Adaptation and Vulnerability",https://climatekg.tibwiki.io/entity/Q3589,PACJA
https://climatekg.tibwiki.io/entity/Q35,Special Report: Climate Change and Land,https://climatekg.tibwiki.io/entity/Q2825,PAF
https://climatekg.tibwiki.io/entity/Q106,"Working Group II: Climate Change 2022 – Impacts, Adaptation and Vulnerability",https://climatekg.tibwiki.io/entity/Q3590,PAGCC
https://climatekg.tibwiki.io/entity/Q10,Special Report: Global Warming of 1.5°C,https://climatekg.tibwiki.io/entity/Q2488,PAGE
https://climatekg.tibwiki.io/entity/Q77,Working Group I: Climate Change 2021 – The Physical Science Basis,https://climatekg.tibwiki.io/entity/Q3251,PAGES 2K
https://climatekg.tibwiki.io/entity/Q35,Special Report: Climate Change and Land,https://climatekg.tibwiki.io/entity/Q2826,PAGGW
https://climatekg.tibwiki.io/entity/Q35,Special Report: Climate Change and Land,https://climatekg.tibwiki.io/entity/Q2827,PAH
https://climatekg.tibwiki.io/entity/Q10,Special Report: Global Warming of 1.5°C,https://climatekg.tibwiki.io/entity/Q2489,PAHO
https://climatekg.tibwiki.io/entity/Q35,Special Report: Climate Change and Land,https://climatekg.tibwiki.io/entity/Q2828,PAYT
https://climatekg.tibwiki.io/entity/Q35,Special Report: Climate Change and Land,https://climatekg.tibwiki.io/entity/Q2829,PBAP
https://climatekg.tibwiki.io/entity/Q150,Working Group III: Climate Change 2022 – Mitigation of Climate Change,https://climatekg.tibwiki.io/entity/Q3912,PBEs
https://climatekg.tibwiki.io/entity/Q77,Working Group I: Climate Change 2021 – The Physical Science Basis,https://climatekg.tibwiki.io/entity/Q3252,PC
https://climatekg.tibwiki.io/entity/Q106,"Working Group II: Climate Change 2022 – Impacts, Adaptation and Vulnerability",https://climatekg.tibwiki.io/entity/Q3592,PCB
https://climatekg.tibwiki.io/entity/Q57,Special Report: The Ocean and Cryosphere in a Changing Climate,https://climatekg.tibwiki.io/entity/Q2976,PCBs
https://climatekg.tibwiki.io/entity/Q150,Working Group III: Climate Change 2022 – Mitigation of Climate Change,https://climatekg.tibwiki.io/entity/Q3913,PCCB
https://climatekg.tibwiki.io/entity/Q106,"Working Group II: Climate Change 2022 – Impacts, Adaptation and Vulnerability",https://climatekg.tibwiki.io/entity/Q3593,PCE
https://climatekg.tibwiki.io/entity/Q150,Working Group III: Climate Change 2022 – Mitigation of Climate Change,https://climatekg.tibwiki.io/entity/Q3914,PCF
https://climatekg.tibwiki.io/entity/Q10,Special Report: Global Warming of 1.5°C,https://climatekg.tibwiki.io/entity/Q2490,PCM
https://climatekg.tibwiki.io/entity/Q35,Special Report: Climate Change and Land,https://climatekg.tibwiki.io/entity/Q2830,PCP
https://climatekg.tibwiki.io/entity/Q35,Special Report: Climate Change and Land,https://climatekg.tibwiki.io/entity/Q2831,PCRAFI
https://climatekg.tibwiki.io/entity/Q150,Working Group III: Climate Change 2022 – Mitigation of Climate Change,https://climatekg.tibwiki.io/entity/Q2831,PCRAFI
https://climatekg.tibwiki.io/entity/Q150,Working Group III: Climate Change 2022 – Mitigation of Climate Change,https://climatekg.tibwiki.io/entity/Q3915,PDB
https://climatekg.tibwiki.io/entity/Q57,Special Report: The Ocean and Cryosphere in a Changing Climate,https://climatekg.tibwiki.io/entity/Q2977,PDO
https://climatekg.tibwiki.io/entity/Q77,Working Group I: Climate Change 2021 – The Physical Science Basis,https://climatekg.tibwiki.io/entity/Q2977,PDO
https://climatekg.tibwiki.io/entity/Q106,"Working Group II: Climate Change 2022 – Impacts, Adaptation and Vulnerability",https://climatekg.tibwiki.io/entity/Q2977,PDO
https://climatekg.tibwiki.io/entity/Q106,"Working Group II: Climate Change 2022 – Impacts, Adaptation and Vulnerability",https://climatekg.tibwiki.io/entity/Q3594,PDRC
https://climatekg.tibwiki.io/entity/Q106,"Working Group II: Climate Change 2022 – Impacts, Adaptation and Vulnerability",https://climatekg.tibwiki.io/entity/Q3595,PDS
https://climatekg.tibwiki.io/entity/Q10,Special Report: Global Warming of 1.5°C,https://climatekg.tibwiki.io/entity/Q2491,PDSI
https://climatekg.tibwiki.io/entity/Q77,Working Group I: Climate Change 2021 – The Physical Science Basis,https://climatekg.tibwiki.io/entity/Q2491,PDSI
https://climatekg.tibwiki.io/entity/Q106,"Working Group II: Climate Change 2022 – Impacts, Adaptation and Vulnerability",https://climatekg.tibwiki.io/entity/Q2491,PDSI
https://climatekg.tibwiki.io/entity/Q77,Working Group I: Climate Change 2021 – The Physical Science Basis,https://climatekg.tibwiki.io/entity/Q3254,PDV
https://climatekg.tibwiki.io/entity/Q10,Special Report: Global Warming of 1.5°C,https://climatekg.tibwiki.io/entity/Q2492,PE
https://climatekg.tibwiki.io/entity/Q106,"Working Group II: Climate Change 2022 – Impacts, Adaptation and Vulnerability",https://climatekg.tibwiki.io/entity/Q2492,PE
https://climatekg.tibwiki.io/entity/Q35,Special Report: Climate Change and Land,https://climatekg.tibwiki.io/entity/Q2832,PEFC
https://climatekg.tibwiki.io/entity/Q106,"Working Group II: Climate Change 2022 – Impacts, Adaptation and Vulnerability",https://climatekg.tibwiki.io/entity/Q2832,PEFC
https://climatekg.tibwiki.io/entity/Q150,Working Group III: Climate Change 2022 – Mitigation of Climate Change,https://climatekg.tibwiki.io/entity/Q2832,PEFC
https://climatekg.tibwiki.io/entity/Q150,Working Group III: Climate Change 2022 – Mitigation of Climate Change,https://climatekg.tibwiki.io/entity/Q3916,PEMFC
https://climatekg.tibwiki.io/entity/Q77,Working Group I: Climate Change 2021 – The Physical Science Basis,https://climatekg.tibwiki.io/entity/Q3255,PERSIANN-CDR
https://climatekg.tibwiki.io/entity/Q35,Special Report: Climate Change and Land,https://climatekg.tibwiki.io/entity/Q2833,PES
https://climatekg.tibwiki.io/entity/Q106,"Working Group II: Climate Change 2022 – Impacts, Adaptation and Vulnerability",https://climatekg.tibwiki.io/entity/Q2833,PES
https://climatekg.tibwiki.io/entity/Q150,Working Group III: Climate Change 2022 – Mitigation of Climate Change,https://climatekg.tibwiki.io/entity/Q2833,PES
https://climatekg.tibwiki.io/entity/Q35,Special Report: Climate Change and Land,https://climatekg.tibwiki.io/entity/Q2493,PET
https://climatekg.tibwiki.io/entity/Q10,Special Report: Global Warming of 1.5°C,https://climatekg.tibwiki.io/entity/Q2493,PET
https://climatekg.tibwiki.io/entity/Q106,"Working Group II: Climate Change 2022 – Impacts, Adaptation and Vulnerability",https://climatekg.tibwiki.io/entity/Q2493,PET
https://climatekg.tibwiki.io/entity/Q77,Working Group I: Climate Change 2021 – The Physical Science Basis,https://climatekg.tibwiki.io/entity/Q3256,PETM
https://climatekg.tibwiki.io/entity/Q57,Special Report: The Ocean and Cryosphere in a Changing Climate,https://climatekg.tibwiki.io/entity/Q2978,PFC
https://climatekg.tibwiki.io/entity/Q106,"Working Group II: Climate Change 2022 – Impacts, Adaptation and Vulnerability",https://climatekg.tibwiki.io/entity/Q2978,PFC
https://climatekg.tibwiki.io/entity/Q189,"Climate Change 2023: Synthesis Report. Contribution of Working Groups I, II and III to the Sixth Assessment Report of the Intergovernmental Panel on Climate Change",https://climatekg.tibwiki.io/entity/Q2494,PFCs
https://climatekg.tibwiki.io/entity/Q10,Special Report: Global Warming of 1.5°C,https://climatekg.tibwiki.io/entity/Q2494,PFCs
https://climatekg.tibwiki.io/entity/Q150,Working Group III: Climate Change 2022 – Mitigation of Climate Change,https://climatekg.tibwiki.io/entity/Q2494,PFCs
https://climatekg.tibwiki.io/entity/Q10,Special Report: Global Warming of 1.5°C,https://climatekg.tibwiki.io/entity/Q2496,PHEV
https://climatekg.tibwiki.io/entity/Q150,Working Group III: Climate Change 2022 – Mitigation of Climate Change,https://climatekg.tibwiki.io/entity/Q2496,PHEV
https://climatekg.tibwiki.io/entity/Q35,Special Report: Climate Change and Land,https://climatekg.tibwiki.io/entity/Q2834,PHL
https://climatekg.tibwiki.io/entity/Q35,Special Report: Climate Change and Land,https://climatekg.tibwiki.io/entity/Q2835,PICS
https://climatekg.tibwiki.io/entity/Q106,"Working Group II: Climate Change 2022 – Impacts, Adaptation and Vulnerability",https://climatekg.tibwiki.io/entity/Q3597,PICSA
https://climatekg.tibwiki.io/entity/Q106,"Working Group II: Climate Change 2022 – Impacts, Adaptation and Vulnerability",https://climatekg.tibwiki.io/entity/Q3598,PIDA
https://climatekg.tibwiki.io/entity/Q106,"Working Group II: Climate Change 2022 – Impacts, Adaptation and Vulnerability",https://climatekg.tibwiki.io/entity/Q3599,PIDACC
https://climatekg.tibwiki.io/entity/Q57,Special Report: The Ocean and Cryosphere in a Changing Climate,https://climatekg.tibwiki.io/entity/Q2979,PIG
https://climatekg.tibwiki.io/entity/Q10,Special Report: Global Warming of 1.5°C,https://climatekg.tibwiki.io/entity/Q2497,PIK
https://climatekg.tibwiki.io/entity/Q57,Special Report: The Ocean and Cryosphere in a Changing Climate,https://climatekg.tibwiki.io/entity/Q2980,PISM
https://climatekg.tibwiki.io/entity/Q35,Special Report: Climate Change and Land,https://climatekg.tibwiki.io/entity/Q2836,PM
https://climatekg.tibwiki.io/entity/Q57,Special Report: The Ocean and Cryosphere in a Changing Climate,https://climatekg.tibwiki.io/entity/Q2836,PM
https://climatekg.tibwiki.io/entity/Q77,Working Group I: Climate Change 2021 – The Physical Science Basis,https://climatekg.tibwiki.io/entity/Q2836,PM
https://climatekg.tibwiki.io/entity/Q106,"Working Group II: Climate Change 2022 – Impacts, Adaptation and Vulnerability",https://climatekg.tibwiki.io/entity/Q2836,PM
https://climatekg.tibwiki.io/entity/Q150,Working Group III: Climate Change 2022 – Mitigation of Climate Change,https://climatekg.tibwiki.io/entity/Q2836,PM
https://climatekg.tibwiki.io/entity/Q10,Special Report: Global Warming of 1.5°C,https://climatekg.tibwiki.io/entity/Q2498,PM10
https://climatekg.tibwiki.io/entity/Q77,Working Group I: Climate Change 2021 – The Physical Science Basis,https://climatekg.tibwiki.io/entity/Q2498,PM10
https://climatekg.tibwiki.io/entity/Q35,Special Report: Climate Change and Land,https://climatekg.tibwiki.io/entity/Q2499,PM2.5
https://climatekg.tibwiki.io/entity/Q10,Special Report: Global Warming of 1.5°C,https://climatekg.tibwiki.io/entity/Q2499,PM2.5
https://climatekg.tibwiki.io/entity/Q77,Working Group I: Climate Change 2021 – The Physical Science Basis,https://climatekg.tibwiki.io/entity/Q2499,PM2.5
https://climatekg.tibwiki.io/entity/Q77,Working Group I: Climate Change 2021 – The Physical Science Basis,https://climatekg.tibwiki.io/entity/Q3260,PMIP
https://climatekg.tibwiki.io/entity/Q77,Working Group I: Climate Change 2021 – The Physical Science Basis,https://climatekg.tibwiki.io/entity/Q3261,POA
https://climatekg.tibwiki.io/entity/Q57,Special Report: The Ocean and Cryosphere in a Changing Climate,https://climatekg.tibwiki.io/entity/Q2981,POC
https://climatekg.tibwiki.io/entity/Q106,"Working Group II: Climate Change 2022 – Impacts, Adaptation and Vulnerability",https://climatekg.tibwiki.io/entity/Q2981,POC
https://climatekg.tibwiki.io/entity/Q10,Special Report: Global Warming of 1.5°C,https://climatekg.tibwiki.io/entity/Q2500,POLES
https://climatekg.tibwiki.io/entity/Q106,"Working Group II: Climate Change 2022 – Impacts, Adaptation and Vulnerability",https://climatekg.tibwiki.io/entity/Q3600,POMS
https://climatekg.tibwiki.io/entity/Q57,Special Report: The Ocean and Cryosphere in a Changing Climate,https://climatekg.tibwiki.io/entity/Q2982,POP
https://climatekg.tibwiki.io/entity/Q106,"Working Group II: Climate Change 2022 – Impacts, Adaptation and Vulnerability",https://climatekg.tibwiki.io/entity/Q2982,POP
https://climatekg.tibwiki.io/entity/Q35,Special Report: Climate Change and Land,https://climatekg.tibwiki.io/entity/Q2838,PPA
https://climatekg.tibwiki.io/entity/Q150,Working Group III: Climate Change 2022 – Mitigation of Climate Change,https://climatekg.tibwiki.io/entity/Q2838,PPA
https://climatekg.tibwiki.io/entity/Q106,"Working Group II: Climate Change 2022 – Impacts, Adaptation and Vulnerability",https://climatekg.tibwiki.io/entity/Q3601,PPADI
https://climatekg.tibwiki.io/entity/Q150,Working Group III: Climate Change 2022 – Mitigation of Climate Change,https://climatekg.tibwiki.io/entity/Q3918,PPCA
https://climatekg.tibwiki.io/entity/Q35,Special Report: Climate Change and Land,https://climatekg.tibwiki.io/entity/Q2839,PPCDAm
https://climatekg.tibwiki.io/entity/Q150,Working Group III: Climate Change 2022 – Mitigation of Climate Change,https://climatekg.tibwiki.io/entity/Q3919,PPCR
https://climatekg.tibwiki.io/entity/Q35,Special Report: Climate Change and Land,https://climatekg.tibwiki.io/entity/Q2840,PPI
https://climatekg.tibwiki.io/entity/Q150,Working Group III: Climate Change 2022 – Mitigation of Climate Change,https://climatekg.tibwiki.io/entity/Q2840,PPI
https://climatekg.tibwiki.io/entity/Q189,"Climate Change 2023: Synthesis Report. Contribution of Working Groups I, II and III to the Sixth Assessment Report of the Intergovernmental Panel on Climate Change",https://climatekg.tibwiki.io/entity/Q2501,PPP
https://climatekg.tibwiki.io/entity/Q10,Special Report: Global Warming of 1.5°C,https://climatekg.tibwiki.io/entity/Q2501,PPP
https://climatekg.tibwiki.io/entity/Q106,"Working Group II: Climate Change 2022 – Impacts, Adaptation and Vulnerability",https://climatekg.tibwiki.io/entity/Q2501,PPP
https://climatekg.tibwiki.io/entity/Q150,Working Group III: Climate Change 2022 – Mitigation of Climate Change,https://climatekg.tibwiki.io/entity/Q2501,PPP
https://climatekg.tibwiki.io/entity/Q10,Special Report: Global Warming of 1.5°C,https://climatekg.tibwiki.io/entity/Q2502,PR
https://climatekg.tibwiki.io/entity/Q150,Working Group III: Climate Change 2022 – Mitigation of Climate Change,https://climatekg.tibwiki.io/entity/Q3920,PRI
https://climatekg.tibwiki.io/entity/Q35,Special Report: Climate Change and Land,https://climatekg.tibwiki.io/entity/Q2841,PRIMAP
https://climatekg.tibwiki.io/entity/Q106,"Working Group II: Climate Change 2022 – Impacts, Adaptation and Vulnerability",https://climatekg.tibwiki.io/entity/Q3602,PSI
https://climatekg.tibwiki.io/entity/Q106,"Working Group II: Climate Change 2022 – Impacts, Adaptation and Vulnerability",https://climatekg.tibwiki.io/entity/Q3603,PSNP
https://climatekg.tibwiki.io/entity/Q77,Working Group I: Climate Change 2021 – The Physical Science Basis,https://climatekg.tibwiki.io/entity/Q3262,PSS-78
https://climatekg.tibwiki.io/entity/Q57,Special Report: The Ocean and Cryosphere in a Changing Climate,https://climatekg.tibwiki.io/entity/Q2984,PSU
https://climatekg.tibwiki.io/entity/Q106,"Working Group II: Climate Change 2022 – Impacts, Adaptation and Vulnerability",https://climatekg.tibwiki.io/entity/Q3604,PTSD
https://climatekg.tibwiki.io/entity/Q189,"Climate Change 2023: Synthesis Report. Contribution of Working Groups I, II and III to the Sixth Assessment Report of the Intergovernmental Panel on Climate Change",https://climatekg.tibwiki.io/entity/Q2503,PV
https://climatekg.tibwiki.io/entity/Q10,Special Report: Global Warming of 1.5°C,https://climatekg.tibwiki.io/entity/Q2503,PV
https://climatekg.tibwiki.io/entity/Q150,Working Group III: Climate Change 2022 – Mitigation of Climate Change,https://climatekg.tibwiki.io/entity/Q2503,PV
https://climatekg.tibwiki.io/entity/Q106,"Working Group II: Climate Change 2022 – Impacts, Adaptation and Vulnerability",https://climatekg.tibwiki.io/entity/Q3605,PWC
https://climatekg.tibwiki.io/entity/Q106,"Working Group II: Climate Change 2022 – Impacts, Adaptation and Vulnerability",https://climatekg.tibwiki.io/entity/Q3606,PWLM
https://climatekg.tibwiki.io/entity/Q106,"Working Group II: Climate Change 2022 – Impacts, Adaptation and Vulnerability",https://climatekg.tibwiki.io/entity/Q3591,Pas
https://climatekg.tibwiki.io/entity/Q10,Special Report: Global Warming of 1.5°C,https://climatekg.tibwiki.io/entity/Q2495,Pg
https://climatekg.tibwiki.io/entity/Q77,Working Group I: Climate Change 2021 – The Physical Science Basis,https://climatekg.tibwiki.io/entity/Q3257,PgC
https://climatekg.tibwiki.io/entity/Q77,Working Group I: Climate Change 2021 – The Physical Science Basis,https://climatekg.tibwiki.io/entity/Q3258,PgCeq
https://climatekg.tibwiki.io/entity/Q77,Working Group I: Climate Change 2021 – The Physical Science Basis,https://climatekg.tibwiki.io/entity/Q3259,PlioMIP
https://climatekg.tibwiki.io/entity/Q35,Special Report: Climate Change and Land,https://climatekg.tibwiki.io/entity/Q2837,PoU
https://climatekg.tibwiki.io/entity/Q77,Working Group I: Climate Change 2021 – The Physical Science Basis,https://climatekg.tibwiki.io/entity/Q3263,QBO
https://climatekg.tibwiki.io/entity/Q150,Working Group III: Climate Change 2022 – Mitigation of Climate Change,https://climatekg.tibwiki.io/entity/Q3921,QE
https://climatekg.tibwiki.io/entity/Q106,"Working Group II: Climate Change 2022 – Impacts, Adaptation and Vulnerability",https://climatekg.tibwiki.io/entity/Q3607,QFCI
https://climatekg.tibwiki.io/entity/Q106,"Working Group II: Climate Change 2022 – Impacts, Adaptation and Vulnerability",https://climatekg.tibwiki.io/entity/Q3608,QFES
https://climatekg.tibwiki.io/entity/Q106,"Working Group II: Climate Change 2022 – Impacts, Adaptation and Vulnerability",https://climatekg.tibwiki.io/entity/Q3609,QOL
https://climatekg.tibwiki.io/entity/Q189,"Climate Change 2023: Synthesis Report. Contribution of Working Groups I, II and III to the Sixth Assessment Report of the Intergovernmental Panel on Climate Change",https://climatekg.tibwiki.io/entity/Q2504,R&D
https://climatekg.tibwiki.io/entity/Q10,Special Report: Global Warming of 1.5°C,https://climatekg.tibwiki.io/entity/Q2504,R&D
https://climatekg.tibwiki.io/entity/Q150,Working Group III: Climate Change 2022 – Mitigation of Climate Change,https://climatekg.tibwiki.io/entity/Q2504,R&D
https://climatekg.tibwiki.io/entity/Q35,Special Report: Climate Change and Land,https://climatekg.tibwiki.io/entity/Q2842,RAP
https://climatekg.tibwiki.io/entity/Q77,Working Group I: Climate Change 2021 – The Physical Science Basis,https://climatekg.tibwiki.io/entity/Q3264,RAR
https://climatekg.tibwiki.io/entity/Q106,"Working Group II: Climate Change 2022 – Impacts, Adaptation and Vulnerability",https://climatekg.tibwiki.io/entity/Q3610,RAWES
https://climatekg.tibwiki.io/entity/Q106,"Working Group II: Climate Change 2022 – Impacts, Adaptation and Vulnerability",https://climatekg.tibwiki.io/entity/Q3611,RBNZ
https://climatekg.tibwiki.io/entity/Q10,Special Report: Global Warming of 1.5°C,https://climatekg.tibwiki.io/entity/Q2505,RCA
https://climatekg.tibwiki.io/entity/Q189,"Climate Change 2023: Synthesis Report. Contribution of Working Groups I, II and III to the Sixth Assessment Report of the Intergovernmental Panel on Climate Change",https://climatekg.tibwiki.io/entity/Q3031,RCB
https://climatekg.tibwiki.io/entity/Q150,Working Group III: Climate Change 2022 – Mitigation of Climate Change,https://climatekg.tibwiki.io/entity/Q3922,RCEP
https://climatekg.tibwiki.io/entity/Q10,Special Report: Global Warming of 1.5°C,https://climatekg.tibwiki.io/entity/Q2506,RCI
https://climatekg.tibwiki.io/entity/Q35,Special Report: Climate Change and Land,https://climatekg.tibwiki.io/entity/Q2507,RCM
https://climatekg.tibwiki.io/entity/Q10,Special Report: Global Warming of 1.5°C,https://climatekg.tibwiki.io/entity/Q2507,RCM
https://climatekg.tibwiki.io/entity/Q57,Special Report: The Ocean and Cryosphere in a Changing Climate,https://climatekg.tibwiki.io/entity/Q2507,RCM
https://climatekg.tibwiki.io/entity/Q77,Working Group I: Climate Change 2021 – The Physical Science Basis,https://climatekg.tibwiki.io/entity/Q2507,RCM
https://climatekg.tibwiki.io/entity/Q106,"Working Group II: Climate Change 2022 – Impacts, Adaptation and Vulnerability",https://climatekg.tibwiki.io/entity/Q2507,RCM
https://climatekg.tibwiki.io/entity/Q150,Working Group III: Climate Change 2022 – Mitigation of Climate Change,https://climatekg.tibwiki.io/entity/Q2507,RCM
https://climatekg.tibwiki.io/entity/Q77,Working Group I: Climate Change 2021 – The Physical Science Basis,https://climatekg.tibwiki.io/entity/Q3265,RCMIP
https://climatekg.tibwiki.io/entity/Q35,Special Report: Climate Change and Land,https://climatekg.tibwiki.io/entity/Q2843,RCP
https://climatekg.tibwiki.io/entity/Q57,Special Report: The Ocean and Cryosphere in a Changing Climate,https://climatekg.tibwiki.io/entity/Q2843,RCP
https://climatekg.tibwiki.io/entity/Q77,Working Group I: Climate Change 2021 – The Physical Science Basis,https://climatekg.tibwiki.io/entity/Q2843,RCP
https://climatekg.tibwiki.io/entity/Q106,"Working Group II: Climate Change 2022 – Impacts, Adaptation and Vulnerability",https://climatekg.tibwiki.io/entity/Q2843,RCP
https://climatekg.tibwiki.io/entity/Q150,Working Group III: Climate Change 2022 – Mitigation of Climate Change,https://climatekg.tibwiki.io/entity/Q2843,RCP
https://climatekg.tibwiki.io/entity/Q189,"Climate Change 2023: Synthesis Report. Contribution of Working Groups I, II and III to the Sixth Assessment Report of the Intergovernmental Panel on Climate Change",https://climatekg.tibwiki.io/entity/Q2508,RCPs
https://climatekg.tibwiki.io/entity/Q10,Special Report: Global Warming of 1.5°C,https://climatekg.tibwiki.io/entity/Q2508,RCPs
https://climatekg.tibwiki.io/entity/Q106,"Working Group II: Climate Change 2022 – Impacts, Adaptation and Vulnerability",https://climatekg.tibwiki.io/entity/Q3612,RCSA
https://climatekg.tibwiki.io/entity/Q150,Working Group III: Climate Change 2022 – Mitigation of Climate Change,https://climatekg.tibwiki.io/entity/Q3923,RD&D
https://climatekg.tibwiki.io/entity/Q150,Working Group III: Climate Change 2022 – Mitigation of Climate Change,https://climatekg.tibwiki.io/entity/Q3924,RDI
https://climatekg.tibwiki.io/entity/Q57,Special Report: The Ocean and Cryosphere in a Changing Climate,https://climatekg.tibwiki.io/entity/Q2985,RDM
https://climatekg.tibwiki.io/entity/Q106,"Working Group II: Climate Change 2022 – Impacts, Adaptation and Vulnerability",https://climatekg.tibwiki.io/entity/Q2985,RDM
https://climatekg.tibwiki.io/entity/Q57,Special Report: The Ocean and Cryosphere in a Changing Climate,https://climatekg.tibwiki.io/entity/Q2986,RDOC
https://climatekg.tibwiki.io/entity/Q106,"Working Group II: Climate Change 2022 – Impacts, Adaptation and Vulnerability",https://climatekg.tibwiki.io/entity/Q3613,RE
https://climatekg.tibwiki.io/entity/Q150,Working Group III: Climate Change 2022 – Mitigation of Climate Change,https://climatekg.tibwiki.io/entity/Q3925,RECC
https://climatekg.tibwiki.io/entity/Q150,Working Group III: Climate Change 2022 – Mitigation of Climate Change,https://climatekg.tibwiki.io/entity/Q3926,RECC-LED
https://climatekg.tibwiki.io/entity/Q35,Special Report: Climate Change and Land,https://climatekg.tibwiki.io/entity/Q2844,REDD
https://climatekg.tibwiki.io/entity/Q106,"Working Group II: Climate Change 2022 – Impacts, Adaptation and Vulnerability",https://climatekg.tibwiki.io/entity/Q2844,REDD
https://climatekg.tibwiki.io/entity/Q35,Special Report: Climate Change and Land,https://climatekg.tibwiki.io/entity/Q2509,REDD+
https://climatekg.tibwiki.io/entity/Q10,Special Report: Global Warming of 1.5°C,https://climatekg.tibwiki.io/entity/Q2509,REDD+
https://climatekg.tibwiki.io/entity/Q150,Working Group III: Climate Change 2022 – Mitigation of Climate Change,https://climatekg.tibwiki.io/entity/Q2509,REDD+
https://climatekg.tibwiki.io/entity/Q150,Working Group III: Climate Change 2022 – Mitigation of Climate Change,https://climatekg.tibwiki.io/entity/Q3927,REEs
https://climatekg.tibwiki.io/entity/Q106,"Working Group II: Climate Change 2022 – Impacts, Adaptation and Vulnerability",https://climatekg.tibwiki.io/entity/Q3614,REGEN
https://climatekg.tibwiki.io/entity/Q35,Special Report: Climate Change and Land,https://climatekg.tibwiki.io/entity/Q2512,REMIND
https://climatekg.tibwiki.io/entity/Q10,Special Report: Global Warming of 1.5°C,https://climatekg.tibwiki.io/entity/Q2512,REMIND
https://climatekg.tibwiki.io/entity/Q35,Special Report: Climate Change and Land,https://climatekg.tibwiki.io/entity/Q2513,REN21
https://climatekg.tibwiki.io/entity/Q10,Special Report: Global Warming of 1.5°C,https://climatekg.tibwiki.io/entity/Q2513,REN21
https://climatekg.tibwiki.io/entity/Q35,Special Report: Climate Change and Land,https://climatekg.tibwiki.io/entity/Q2845,RESTREND
https://climatekg.tibwiki.io/entity/Q35,Special Report: Climate Change and Land,https://climatekg.tibwiki.io/entity/Q2514,RF
https://climatekg.tibwiki.io/entity/Q10,Special Report: Global Warming of 1.5°C,https://climatekg.tibwiki.io/entity/Q2514,RF
https://climatekg.tibwiki.io/entity/Q77,Working Group I: Climate Change 2021 – The Physical Science Basis,https://climatekg.tibwiki.io/entity/Q2514,RF
https://climatekg.tibwiki.io/entity/Q10,Special Report: Global Warming of 1.5°C,https://climatekg.tibwiki.io/entity/Q2515,RFC
https://climatekg.tibwiki.io/entity/Q57,Special Report: The Ocean and Cryosphere in a Changing Climate,https://climatekg.tibwiki.io/entity/Q2515,RFC
https://climatekg.tibwiki.io/entity/Q77,Working Group I: Climate Change 2021 – The Physical Science Basis,https://climatekg.tibwiki.io/entity/Q2515,RFC
https://climatekg.tibwiki.io/entity/Q106,"Working Group II: Climate Change 2022 – Impacts, Adaptation and Vulnerability",https://climatekg.tibwiki.io/entity/Q2515,RFC
https://climatekg.tibwiki.io/entity/Q189,"Climate Change 2023: Synthesis Report. Contribution of Working Groups I, II and III to the Sixth Assessment Report of the Intergovernmental Panel on Climate Change",https://climatekg.tibwiki.io/entity/Q3032,RFCs
https://climatekg.tibwiki.io/entity/Q77,Working Group I: Climate Change 2021 – The Physical Science Basis,https://climatekg.tibwiki.io/entity/Q3266,RFE
https://climatekg.tibwiki.io/entity/Q77,Working Group I: Climate Change 2021 – The Physical Science Basis,https://climatekg.tibwiki.io/entity/Q3267,RFMIP
https://climatekg.tibwiki.io/entity/Q106,"Working Group II: Climate Change 2022 – Impacts, Adaptation and Vulnerability",https://climatekg.tibwiki.io/entity/Q3615,RFMO
https://climatekg.tibwiki.io/entity/Q150,Working Group III: Climate Change 2022 – Mitigation of Climate Change,https://climatekg.tibwiki.io/entity/Q3929,RGGI
https://climatekg.tibwiki.io/entity/Q57,Special Report: The Ocean and Cryosphere in a Changing Climate,https://climatekg.tibwiki.io/entity/Q2987,RGI
https://climatekg.tibwiki.io/entity/Q10,Special Report: Global Warming of 1.5°C,https://climatekg.tibwiki.io/entity/Q2516,RGoB
https://climatekg.tibwiki.io/entity/Q77,Working Group I: Climate Change 2021 – The Physical Science Basis,https://climatekg.tibwiki.io/entity/Q3268,RH
https://climatekg.tibwiki.io/entity/Q77,Working Group I: Climate Change 2021 – The Physical Science Basis,https://climatekg.tibwiki.io/entity/Q3269,RICH
https://climatekg.tibwiki.io/entity/Q35,Special Report: Climate Change and Land,https://climatekg.tibwiki.io/entity/Q2846,RIL
https://climatekg.tibwiki.io/entity/Q150,Working Group III: Climate Change 2022 – Mitigation of Climate Change,https://climatekg.tibwiki.io/entity/Q3930,RIMAP
https://climatekg.tibwiki.io/entity/Q106,"Working Group II: Climate Change 2022 – Impacts, Adaptation and Vulnerability",https://climatekg.tibwiki.io/entity/Q3616,RIO
https://climatekg.tibwiki.io/entity/Q150,Working Group III: Climate Change 2022 – Mitigation of Climate Change,https://climatekg.tibwiki.io/entity/Q3931,RIS
https://climatekg.tibwiki.io/entity/Q106,"Working Group II: Climate Change 2022 – Impacts, Adaptation and Vulnerability",https://climatekg.tibwiki.io/entity/Q3617,RIT
https://climatekg.tibwiki.io/entity/Q57,Special Report: The Ocean and Cryosphere in a Changing Climate,https://climatekg.tibwiki.io/entity/Q2988,RITC
https://climatekg.tibwiki.io/entity/Q77,Working Group I: Climate Change 2021 – The Physical Science Basis,https://climatekg.tibwiki.io/entity/Q3270,RKR
https://climatekg.tibwiki.io/entity/Q106,"Working Group II: Climate Change 2022 – Impacts, Adaptation and Vulnerability",https://climatekg.tibwiki.io/entity/Q3270,RKR
https://climatekg.tibwiki.io/entity/Q150,Working Group III: Climate Change 2022 – Mitigation of Climate Change,https://climatekg.tibwiki.io/entity/Q3270,RKR
https://climatekg.tibwiki.io/entity/Q106,"Working Group II: Climate Change 2022 – Impacts, Adaptation and Vulnerability",https://climatekg.tibwiki.io/entity/Q3618,RMB
https://climatekg.tibwiki.io/entity/Q10,Special Report: Global Warming of 1.5°C,https://climatekg.tibwiki.io/entity/Q2517,RMI
https://climatekg.tibwiki.io/entity/Q10,Special Report: Global Warming of 1.5°C,https://climatekg.tibwiki.io/entity/Q2518,RNCFC
https://climatekg.tibwiki.io/entity/Q10,Special Report: Global Warming of 1.5°C,https://climatekg.tibwiki.io/entity/Q2519,RNCTC
https://climatekg.tibwiki.io/entity/Q77,Working Group I: Climate Change 2021 – The Physical Science Basis,https://climatekg.tibwiki.io/entity/Q3271,RO
https://climatekg.tibwiki.io/entity/Q35,Special Report: Climate Change and Land,https://climatekg.tibwiki.io/entity/Q2847,ROSCA
https://climatekg.tibwiki.io/entity/Q106,"Working Group II: Climate Change 2022 – Impacts, Adaptation and Vulnerability",https://climatekg.tibwiki.io/entity/Q3619,ROSES
https://climatekg.tibwiki.io/entity/Q35,Special Report: Climate Change and Land,https://climatekg.tibwiki.io/entity/Q2848,RPDS
https://climatekg.tibwiki.io/entity/Q150,Working Group III: Climate Change 2022 – Mitigation of Climate Change,https://climatekg.tibwiki.io/entity/Q3932,RPK
https://climatekg.tibwiki.io/entity/Q106,"Working Group II: Climate Change 2022 – Impacts, Adaptation and Vulnerability",https://climatekg.tibwiki.io/entity/Q3620,RRV
https://climatekg.tibwiki.io/entity/Q150,Working Group III: Climate Change 2022 – Mitigation of Climate Change,https://climatekg.tibwiki.io/entity/Q3933,RSD
https://climatekg.tibwiki.io/entity/Q57,Special Report: The Ocean and Cryosphere in a Changing Climate,https://climatekg.tibwiki.io/entity/Q2989,RSL
https://climatekg.tibwiki.io/entity/Q77,Working Group I: Climate Change 2021 – The Physical Science Basis,https://climatekg.tibwiki.io/entity/Q2989,RSL
https://climatekg.tibwiki.io/entity/Q106,"Working Group II: Climate Change 2022 – Impacts, Adaptation and Vulnerability",https://climatekg.tibwiki.io/entity/Q2989,RSL
https://climatekg.tibwiki.io/entity/Q57,Special Report: The Ocean and Cryosphere in a Changing Climate,https://climatekg.tibwiki.io/entity/Q2990,RSLR
https://climatekg.tibwiki.io/entity/Q77,Working Group I: Climate Change 2021 – The Physical Science Basis,https://climatekg.tibwiki.io/entity/Q2990,RSLR
https://climatekg.tibwiki.io/entity/Q106,"Working Group II: Climate Change 2022 – Impacts, Adaptation and Vulnerability",https://climatekg.tibwiki.io/entity/Q2990,RSLR
https://climatekg.tibwiki.io/entity/Q150,Working Group III: Climate Change 2022 – Mitigation of Climate Change,https://climatekg.tibwiki.io/entity/Q3934,RSPO
https://climatekg.tibwiki.io/entity/Q106,"Working Group II: Climate Change 2022 – Impacts, Adaptation and Vulnerability",https://climatekg.tibwiki.io/entity/Q3621,RTI
https://climatekg.tibwiki.io/entity/Q150,Working Group III: Climate Change 2022 – Mitigation of Climate Change,https://climatekg.tibwiki.io/entity/Q3935,RTS
https://climatekg.tibwiki.io/entity/Q35,Special Report: Climate Change and Land,https://climatekg.tibwiki.io/entity/Q2849,RUE
https://climatekg.tibwiki.io/entity/Q35,Special Report: Climate Change and Land,https://climatekg.tibwiki.io/entity/Q2850,RUSLE
https://climatekg.tibwiki.io/entity/Q106,"Working Group II: Climate Change 2022 – Impacts, Adaptation and Vulnerability",https://climatekg.tibwiki.io/entity/Q3622,RVF
https://climatekg.tibwiki.io/entity/Q35,Special Report: Climate Change and Land,https://climatekg.tibwiki.io/entity/Q2851,RVI
https://climatekg.tibwiki.io/entity/Q35,Special Report: Climate Change and Land,https://climatekg.tibwiki.io/entity/Q2852,RWH
https://climatekg.tibwiki.io/entity/Q10,Special Report: Global Warming of 1.5°C,https://climatekg.tibwiki.io/entity/Q2510,ReEDS-IPM
https://climatekg.tibwiki.io/entity/Q150,Working Group III: Climate Change 2022 – Mitigation of Climate Change,https://climatekg.tibwiki.io/entity/Q3928,ReSOLVE
https://climatekg.tibwiki.io/entity/Q35,Special Report: Climate Change and Land,https://climatekg.tibwiki.io/entity/Q2511,RegCM
https://climatekg.tibwiki.io/entity/Q10,Special Report: Global Warming of 1.5°C,https://climatekg.tibwiki.io/entity/Q2511,RegCM
https://climatekg.tibwiki.io/entity/Q35,Special Report: Climate Change and Land,https://climatekg.tibwiki.io/entity/Q2520,Rx1day
https://climatekg.tibwiki.io/entity/Q10,Special Report: Global Warming of 1.5°C,https://climatekg.tibwiki.io/entity/Q2520,Rx1day
https://climatekg.tibwiki.io/entity/Q10,Special Report: Global Warming of 1.5°C,https://climatekg.tibwiki.io/entity/Q2521,Rx5day
https://climatekg.tibwiki.io/entity/Q150,Working Group III: Climate Change 2022 – Mitigation of Climate Change,https://climatekg.tibwiki.io/entity/Q3936,S&L
https://climatekg.tibwiki.io/entity/Q10,Special Report: Global Warming of 1.5°C,https://climatekg.tibwiki.io/entity/Q2522,SAF
https://climatekg.tibwiki.io/entity/Q150,Working Group III: Climate Change 2022 – Mitigation of Climate Change,https://climatekg.tibwiki.io/entity/Q2522,SAF
https://climatekg.tibwiki.io/entity/Q35,Special Report: Climate Change and Land,https://climatekg.tibwiki.io/entity/Q2523,SAH
https://climatekg.tibwiki.io/entity/Q10,Special Report: Global Warming of 1.5°C,https://climatekg.tibwiki.io/entity/Q2523,SAH
https://climatekg.tibwiki.io/entity/Q77,Working Group I: Climate Change 2021 – The Physical Science Basis,https://climatekg.tibwiki.io/entity/Q2523,SAH
https://climatekg.tibwiki.io/entity/Q10,Special Report: Global Warming of 1.5°C,https://climatekg.tibwiki.io/entity/Q2524,SAI
https://climatekg.tibwiki.io/entity/Q77,Working Group I: Climate Change 2021 – The Physical Science Basis,https://climatekg.tibwiki.io/entity/Q2524,SAI
https://climatekg.tibwiki.io/entity/Q106,"Working Group II: Climate Change 2022 – Impacts, Adaptation and Vulnerability",https://climatekg.tibwiki.io/entity/Q2524,SAI
https://climatekg.tibwiki.io/entity/Q150,Working Group III: Climate Change 2022 – Mitigation of Climate Change,https://climatekg.tibwiki.io/entity/Q2524,SAI
https://climatekg.tibwiki.io/entity/Q106,"Working Group II: Climate Change 2022 – Impacts, Adaptation and Vulnerability",https://climatekg.tibwiki.io/entity/Q3623,SAIA
https://climatekg.tibwiki.io/entity/Q106,"Working Group II: Climate Change 2022 – Impacts, Adaptation and Vulnerability",https://climatekg.tibwiki.io/entity/Q3624,SAIIA
https://climatekg.tibwiki.io/entity/Q57,Special Report: The Ocean and Cryosphere in a Changing Climate,https://climatekg.tibwiki.io/entity/Q2991,SAM
https://climatekg.tibwiki.io/entity/Q77,Working Group I: Climate Change 2021 – The Physical Science Basis,https://climatekg.tibwiki.io/entity/Q2991,SAM
https://climatekg.tibwiki.io/entity/Q106,"Working Group II: Climate Change 2022 – Impacts, Adaptation and Vulnerability",https://climatekg.tibwiki.io/entity/Q2991,SAM
https://climatekg.tibwiki.io/entity/Q150,Working Group III: Climate Change 2022 – Mitigation of Climate Change,https://climatekg.tibwiki.io/entity/Q2991,SAM
https://climatekg.tibwiki.io/entity/Q57,Special Report: The Ocean and Cryosphere in a Changing Climate,https://climatekg.tibwiki.io/entity/Q2992,SAMOC
https://climatekg.tibwiki.io/entity/Q10,Special Report: Global Warming of 1.5°C,https://climatekg.tibwiki.io/entity/Q2525,SAMS
https://climatekg.tibwiki.io/entity/Q77,Working Group I: Climate Change 2021 – The Physical Science Basis,https://climatekg.tibwiki.io/entity/Q3273,SAO
https://climatekg.tibwiki.io/entity/Q77,Working Group I: Climate Change 2021 – The Physical Science Basis,https://climatekg.tibwiki.io/entity/Q3274,SAOD
https://climatekg.tibwiki.io/entity/Q10,Special Report: Global Warming of 1.5°C,https://climatekg.tibwiki.io/entity/Q2526,SAR
https://climatekg.tibwiki.io/entity/Q77,Working Group I: Climate Change 2021 – The Physical Science Basis,https://climatekg.tibwiki.io/entity/Q2526,SAR
https://climatekg.tibwiki.io/entity/Q106,"Working Group II: Climate Change 2022 – Impacts, Adaptation and Vulnerability",https://climatekg.tibwiki.io/entity/Q2526,SAR
https://climatekg.tibwiki.io/entity/Q150,Working Group III: Climate Change 2022 – Mitigation of Climate Change,https://climatekg.tibwiki.io/entity/Q2526,SAR
https://climatekg.tibwiki.io/entity/Q77,Working Group I: Climate Change 2021 – The Physical Science Basis,https://climatekg.tibwiki.io/entity/Q3275,SARF
https://climatekg.tibwiki.io/entity/Q150,Working Group III: Climate Change 2022 – Mitigation of Climate Change,https://climatekg.tibwiki.io/entity/Q3937,SARPs
https://climatekg.tibwiki.io/entity/Q106,"Working Group II: Climate Change 2022 – Impacts, Adaptation and Vulnerability",https://climatekg.tibwiki.io/entity/Q3625,SARS
https://climatekg.tibwiki.io/entity/Q35,Special Report: Climate Change and Land,https://climatekg.tibwiki.io/entity/Q2527,SAS
https://climatekg.tibwiki.io/entity/Q10,Special Report: Global Warming of 1.5°C,https://climatekg.tibwiki.io/entity/Q2527,SAS
https://climatekg.tibwiki.io/entity/Q77,Working Group I: Climate Change 2021 – The Physical Science Basis,https://climatekg.tibwiki.io/entity/Q2527,SAS
https://climatekg.tibwiki.io/entity/Q106,"Working Group II: Climate Change 2022 – Impacts, Adaptation and Vulnerability",https://climatekg.tibwiki.io/entity/Q2527,SAS
https://climatekg.tibwiki.io/entity/Q150,Working Group III: Climate Change 2022 – Mitigation of Climate Change,https://climatekg.tibwiki.io/entity/Q3938,SASB
https://climatekg.tibwiki.io/entity/Q106,"Working Group II: Climate Change 2022 – Impacts, Adaptation and Vulnerability",https://climatekg.tibwiki.io/entity/Q3626,SASSCAL
https://climatekg.tibwiki.io/entity/Q35,Special Report: Climate Change and Land,https://climatekg.tibwiki.io/entity/Q2528,SAT
https://climatekg.tibwiki.io/entity/Q10,Special Report: Global Warming of 1.5°C,https://climatekg.tibwiki.io/entity/Q2528,SAT
https://climatekg.tibwiki.io/entity/Q77,Working Group I: Climate Change 2021 – The Physical Science Basis,https://climatekg.tibwiki.io/entity/Q2528,SAT
https://climatekg.tibwiki.io/entity/Q10,Special Report: Global Warming of 1.5°C,https://climatekg.tibwiki.io/entity/Q2529,SAU
https://climatekg.tibwiki.io/entity/Q77,Working Group I: Climate Change 2021 – The Physical Science Basis,https://climatekg.tibwiki.io/entity/Q2529,SAU
https://climatekg.tibwiki.io/entity/Q77,Working Group I: Climate Change 2021 – The Physical Science Basis,https://climatekg.tibwiki.io/entity/Q3272,SAmerM
https://climatekg.tibwiki.io/entity/Q77,Working Group I: Climate Change 2021 – The Physical Science Basis,https://climatekg.tibwiki.io/entity/Q3276,SAsiaM
https://climatekg.tibwiki.io/entity/Q10,Special Report: Global Warming of 1.5°C,https://climatekg.tibwiki.io/entity/Q2530,SBSTA
https://climatekg.tibwiki.io/entity/Q150,Working Group III: Climate Change 2022 – Mitigation of Climate Change,https://climatekg.tibwiki.io/entity/Q2530,SBSTA
https://climatekg.tibwiki.io/entity/Q150,Working Group III: Climate Change 2022 – Mitigation of Climate Change,https://climatekg.tibwiki.io/entity/Q3939,SBT
https://climatekg.tibwiki.io/entity/Q106,"Working Group II: Climate Change 2022 – Impacts, Adaptation and Vulnerability",https://climatekg.tibwiki.io/entity/Q3627,SC
https://climatekg.tibwiki.io/entity/Q77,Working Group I: Climate Change 2021 – The Physical Science Basis,https://climatekg.tibwiki.io/entity/Q3277,SCA
https://climatekg.tibwiki.io/entity/Q35,Special Report: Climate Change and Land,https://climatekg.tibwiki.io/entity/Q2531,SCC
https://climatekg.tibwiki.io/entity/Q10,Special Report: Global Warming of 1.5°C,https://climatekg.tibwiki.io/entity/Q2531,SCC
https://climatekg.tibwiki.io/entity/Q106,"Working Group II: Climate Change 2022 – Impacts, Adaptation and Vulnerability",https://climatekg.tibwiki.io/entity/Q2531,SCC
https://climatekg.tibwiki.io/entity/Q150,Working Group III: Climate Change 2022 – Mitigation of Climate Change,https://climatekg.tibwiki.io/entity/Q2531,SCC
https://climatekg.tibwiki.io/entity/Q150,Working Group III: Climate Change 2022 – Mitigation of Climate Change,https://climatekg.tibwiki.io/entity/Q3940,SCCF
https://climatekg.tibwiki.io/entity/Q77,Working Group I: Climate Change 2021 – The Physical Science Basis,https://climatekg.tibwiki.io/entity/Q3278,SCE
https://climatekg.tibwiki.io/entity/Q106,"Working Group II: Climate Change 2022 – Impacts, Adaptation and Vulnerability",https://climatekg.tibwiki.io/entity/Q3278,SCE
https://climatekg.tibwiki.io/entity/Q77,Working Group I: Climate Change 2021 – The Physical Science Basis,https://climatekg.tibwiki.io/entity/Q3280,SCM
https://climatekg.tibwiki.io/entity/Q10,Special Report: Global Warming of 1.5°C,https://climatekg.tibwiki.io/entity/Q2532,SCS
https://climatekg.tibwiki.io/entity/Q150,Working Group III: Climate Change 2022 – Mitigation of Climate Change,https://climatekg.tibwiki.io/entity/Q2532,SCS
https://climatekg.tibwiki.io/entity/Q35,Special Report: Climate Change and Land,https://climatekg.tibwiki.io/entity/Q2533,SD
https://climatekg.tibwiki.io/entity/Q10,Special Report: Global Warming of 1.5°C,https://climatekg.tibwiki.io/entity/Q2533,SD
https://climatekg.tibwiki.io/entity/Q57,Special Report: The Ocean and Cryosphere in a Changing Climate,https://climatekg.tibwiki.io/entity/Q2533,SD
https://climatekg.tibwiki.io/entity/Q106,"Working Group II: Climate Change 2022 – Impacts, Adaptation and Vulnerability",https://climatekg.tibwiki.io/entity/Q2533,SD
https://climatekg.tibwiki.io/entity/Q189,"Climate Change 2023: Synthesis Report. Contribution of Working Groups I, II and III to the Sixth Assessment Report of the Intergovernmental Panel on Climate Change",https://climatekg.tibwiki.io/entity/Q2853,SDG
https://climatekg.tibwiki.io/entity/Q35,Special Report: Climate Change and Land,https://climatekg.tibwiki.io/entity/Q2853,SDG
https://climatekg.tibwiki.io/entity/Q77,Working Group I: Climate Change 2021 – The Physical Science Basis,https://climatekg.tibwiki.io/entity/Q2853,SDG
https://climatekg.tibwiki.io/entity/Q106,"Working Group II: Climate Change 2022 – Impacts, Adaptation and Vulnerability",https://climatekg.tibwiki.io/entity/Q2853,SDG
https://climatekg.tibwiki.io/entity/Q150,Working Group III: Climate Change 2022 – Mitigation of Climate Change,https://climatekg.tibwiki.io/entity/Q2853,SDG
https://climatekg.tibwiki.io/entity/Q10,Special Report: Global Warming of 1.5°C,https://climatekg.tibwiki.io/entity/Q2535,SDGVM
https://climatekg.tibwiki.io/entity/Q10,Special Report: Global Warming of 1.5°C,https://climatekg.tibwiki.io/entity/Q2534,SDGs
https://climatekg.tibwiki.io/entity/Q57,Special Report: The Ocean and Cryosphere in a Changing Climate,https://climatekg.tibwiki.io/entity/Q2534,SDGs
https://climatekg.tibwiki.io/entity/Q10,Special Report: Global Warming of 1.5°C,https://climatekg.tibwiki.io/entity/Q2536,SDII
https://climatekg.tibwiki.io/entity/Q57,Special Report: The Ocean and Cryosphere in a Changing Climate,https://climatekg.tibwiki.io/entity/Q2993,SDM
https://climatekg.tibwiki.io/entity/Q106,"Working Group II: Climate Change 2022 – Impacts, Adaptation and Vulnerability",https://climatekg.tibwiki.io/entity/Q2993,SDM
https://climatekg.tibwiki.io/entity/Q57,Special Report: The Ocean and Cryosphere in a Changing Climate,https://climatekg.tibwiki.io/entity/Q2994,SDP
https://climatekg.tibwiki.io/entity/Q106,"Working Group II: Climate Change 2022 – Impacts, Adaptation and Vulnerability",https://climatekg.tibwiki.io/entity/Q2994,SDP
https://climatekg.tibwiki.io/entity/Q189,"Climate Change 2023: Synthesis Report. Contribution of Working Groups I, II and III to the Sixth Assessment Report of the Intergovernmental Panel on Climate Change",https://climatekg.tibwiki.io/entity/Q3033,SDPs
https://climatekg.tibwiki.io/entity/Q150,Working Group III: Climate Change 2022 – Mitigation of Climate Change,https://climatekg.tibwiki.io/entity/Q3033,SDPs
https://climatekg.tibwiki.io/entity/Q150,Working Group III: Climate Change 2022 – Mitigation of Climate Change,https://climatekg.tibwiki.io/entity/Q3941,SDR
https://climatekg.tibwiki.io/entity/Q106,"Working Group II: Climate Change 2022 – Impacts, Adaptation and Vulnerability",https://climatekg.tibwiki.io/entity/Q3629,SDS
https://climatekg.tibwiki.io/entity/Q150,Working Group III: Climate Change 2022 – Mitigation of Climate Change,https://climatekg.tibwiki.io/entity/Q3629,SDS
https://climatekg.tibwiki.io/entity/Q35,Special Report: Climate Change and Land,https://climatekg.tibwiki.io/entity/Q2854,SDS-WAS
https://climatekg.tibwiki.io/entity/Q10,Special Report: Global Warming of 1.5°C,https://climatekg.tibwiki.io/entity/Q2537,SDSN
https://climatekg.tibwiki.io/entity/Q150,Working Group III: Climate Change 2022 – Mitigation of Climate Change,https://climatekg.tibwiki.io/entity/Q2537,SDSN
https://climatekg.tibwiki.io/entity/Q106,"Working Group II: Climate Change 2022 – Impacts, Adaptation and Vulnerability",https://climatekg.tibwiki.io/entity/Q3630,SE
https://climatekg.tibwiki.io/entity/Q150,Working Group III: Climate Change 2022 – Mitigation of Climate Change,https://climatekg.tibwiki.io/entity/Q3630,SE
https://climatekg.tibwiki.io/entity/Q10,Special Report: Global Warming of 1.5°C,https://climatekg.tibwiki.io/entity/Q2538,SEA
https://climatekg.tibwiki.io/entity/Q77,Working Group I: Climate Change 2021 – The Physical Science Basis,https://climatekg.tibwiki.io/entity/Q2538,SEA
https://climatekg.tibwiki.io/entity/Q150,Working Group III: Climate Change 2022 – Mitigation of Climate Change,https://climatekg.tibwiki.io/entity/Q2538,SEA
https://climatekg.tibwiki.io/entity/Q150,Working Group III: Climate Change 2022 – Mitigation of Climate Change,https://climatekg.tibwiki.io/entity/Q3942,SEADRIF
https://climatekg.tibwiki.io/entity/Q77,Working Group I: Climate Change 2021 – The Physical Science Basis,https://climatekg.tibwiki.io/entity/Q3281,SEAF
https://climatekg.tibwiki.io/entity/Q10,Special Report: Global Warming of 1.5°C,https://climatekg.tibwiki.io/entity/Q2539,SEAPs
https://climatekg.tibwiki.io/entity/Q150,Working Group III: Climate Change 2022 – Mitigation of Climate Change,https://climatekg.tibwiki.io/entity/Q3943,SEC
https://climatekg.tibwiki.io/entity/Q150,Working Group III: Climate Change 2022 – Mitigation of Climate Change,https://climatekg.tibwiki.io/entity/Q3944,SECA
https://climatekg.tibwiki.io/entity/Q10,Special Report: Global Warming of 1.5°C,https://climatekg.tibwiki.io/entity/Q2540,SED
https://climatekg.tibwiki.io/entity/Q77,Working Group I: Climate Change 2021 – The Physical Science Basis,https://climatekg.tibwiki.io/entity/Q2540,SED
https://climatekg.tibwiki.io/entity/Q106,"Working Group II: Climate Change 2022 – Impacts, Adaptation and Vulnerability",https://climatekg.tibwiki.io/entity/Q3631,SEEA
https://climatekg.tibwiki.io/entity/Q150,Working Group III: Climate Change 2022 – Mitigation of Climate Change,https://climatekg.tibwiki.io/entity/Q3945,SEEMP
https://climatekg.tibwiki.io/entity/Q77,Working Group I: Climate Change 2021 – The Physical Science Basis,https://climatekg.tibwiki.io/entity/Q3282,SEJ
https://climatekg.tibwiki.io/entity/Q10,Special Report: Global Warming of 1.5°C,https://climatekg.tibwiki.io/entity/Q2541,SEM
https://climatekg.tibwiki.io/entity/Q150,Working Group III: Climate Change 2022 – Mitigation of Climate Change,https://climatekg.tibwiki.io/entity/Q2541,SEM
https://climatekg.tibwiki.io/entity/Q150,Working Group III: Climate Change 2022 – Mitigation of Climate Change,https://climatekg.tibwiki.io/entity/Q3946,SER
https://climatekg.tibwiki.io/entity/Q35,Special Report: Climate Change and Land,https://climatekg.tibwiki.io/entity/Q2855,SERFOR
https://climatekg.tibwiki.io/entity/Q35,Special Report: Climate Change and Land,https://climatekg.tibwiki.io/entity/Q2856,SES
https://climatekg.tibwiki.io/entity/Q77,Working Group I: Climate Change 2021 – The Physical Science Basis,https://climatekg.tibwiki.io/entity/Q2856,SES
https://climatekg.tibwiki.io/entity/Q106,"Working Group II: Climate Change 2022 – Impacts, Adaptation and Vulnerability",https://climatekg.tibwiki.io/entity/Q2856,SES
https://climatekg.tibwiki.io/entity/Q150,Working Group III: Climate Change 2022 – Mitigation of Climate Change,https://climatekg.tibwiki.io/entity/Q3947,SETAC
https://climatekg.tibwiki.io/entity/Q106,"Working Group II: Climate Change 2022 – Impacts, Adaptation and Vulnerability",https://climatekg.tibwiki.io/entity/Q3632,SETS
https://climatekg.tibwiki.io/entity/Q106,"Working Group II: Climate Change 2022 – Impacts, Adaptation and Vulnerability",https://climatekg.tibwiki.io/entity/Q3633,SEU
https://climatekg.tibwiki.io/entity/Q106,"Working Group II: Climate Change 2022 – Impacts, Adaptation and Vulnerability",https://climatekg.tibwiki.io/entity/Q3634,SEUS
https://climatekg.tibwiki.io/entity/Q189,"Climate Change 2023: Synthesis Report. Contribution of Working Groups I, II and III to the Sixth Assessment Report of the Intergovernmental Panel on Climate Change",https://climatekg.tibwiki.io/entity/Q2542,SF6
https://climatekg.tibwiki.io/entity/Q10,Special Report: Global Warming of 1.5°C,https://climatekg.tibwiki.io/entity/Q2542,SF6
https://climatekg.tibwiki.io/entity/Q77,Working Group I: Climate Change 2021 – The Physical Science Basis,https://climatekg.tibwiki.io/entity/Q2542,SF6
https://climatekg.tibwiki.io/entity/Q150,Working Group III: Climate Change 2022 – Mitigation of Climate Change,https://climatekg.tibwiki.io/entity/Q2542,SF6
https://climatekg.tibwiki.io/entity/Q35,Special Report: Climate Change and Land,https://climatekg.tibwiki.io/entity/Q2543,SFM
https://climatekg.tibwiki.io/entity/Q10,Special Report: Global Warming of 1.5°C,https://climatekg.tibwiki.io/entity/Q2543,SFM
https://climatekg.tibwiki.io/entity/Q35,Special Report: Climate Change and Land,https://climatekg.tibwiki.io/entity/Q2857,SFSC
https://climatekg.tibwiki.io/entity/Q57,Special Report: The Ocean and Cryosphere in a Changing Climate,https://climatekg.tibwiki.io/entity/Q2995,SH
https://climatekg.tibwiki.io/entity/Q77,Working Group I: Climate Change 2021 – The Physical Science Basis,https://climatekg.tibwiki.io/entity/Q2995,SH
https://climatekg.tibwiki.io/entity/Q106,"Working Group II: Climate Change 2022 – Impacts, Adaptation and Vulnerability",https://climatekg.tibwiki.io/entity/Q3635,SHELF
https://climatekg.tibwiki.io/entity/Q35,Special Report: Climate Change and Land,https://climatekg.tibwiki.io/entity/Q2858,SI
https://climatekg.tibwiki.io/entity/Q106,"Working Group II: Climate Change 2022 – Impacts, Adaptation and Vulnerability",https://climatekg.tibwiki.io/entity/Q2858,SI
https://climatekg.tibwiki.io/entity/Q150,Working Group III: Climate Change 2022 – Mitigation of Climate Change,https://climatekg.tibwiki.io/entity/Q2858,SI
https://climatekg.tibwiki.io/entity/Q77,Working Group I: Climate Change 2021 – The Physical Science Basis,https://climatekg.tibwiki.io/entity/Q3283,SIA
https://climatekg.tibwiki.io/entity/Q35,Special Report: Climate Change and Land,https://climatekg.tibwiki.io/entity/Q2859,SIB
https://climatekg.tibwiki.io/entity/Q35,Special Report: Climate Change and Land,https://climatekg.tibwiki.io/entity/Q2860,SICAR
https://climatekg.tibwiki.io/entity/Q189,"Climate Change 2023: Synthesis Report. Contribution of Working Groups I, II and III to the Sixth Assessment Report of the Intergovernmental Panel on Climate Change",https://climatekg.tibwiki.io/entity/Q2544,SIDS
https://climatekg.tibwiki.io/entity/Q35,Special Report: Climate Change and Land,https://climatekg.tibwiki.io/entity/Q2544,SIDS
https://climatekg.tibwiki.io/entity/Q10,Special Report: Global Warming of 1.5°C,https://climatekg.tibwiki.io/entity/Q2544,SIDS
https://climatekg.tibwiki.io/entity/Q57,Special Report: The Ocean and Cryosphere in a Changing Climate,https://climatekg.tibwiki.io/entity/Q2544,SIDS
https://climatekg.tibwiki.io/entity/Q77,Working Group I: Climate Change 2021 – The Physical Science Basis,https://climatekg.tibwiki.io/entity/Q2544,SIDS
https://climatekg.tibwiki.io/entity/Q106,"Working Group II: Climate Change 2022 – Impacts, Adaptation and Vulnerability",https://climatekg.tibwiki.io/entity/Q2544,SIDS
https://climatekg.tibwiki.io/entity/Q150,Working Group III: Climate Change 2022 – Mitigation of Climate Change,https://climatekg.tibwiki.io/entity/Q2544,SIDS
https://climatekg.tibwiki.io/entity/Q77,Working Group I: Climate Change 2021 – The Physical Science Basis,https://climatekg.tibwiki.io/entity/Q3284,SIE
https://climatekg.tibwiki.io/entity/Q10,Special Report: Global Warming of 1.5°C,https://climatekg.tibwiki.io/entity/Q2545,SIFMA
https://climatekg.tibwiki.io/entity/Q150,Working Group III: Climate Change 2022 – Mitigation of Climate Change,https://climatekg.tibwiki.io/entity/Q3948,SIS
https://climatekg.tibwiki.io/entity/Q106,"Working Group II: Climate Change 2022 – Impacts, Adaptation and Vulnerability",https://climatekg.tibwiki.io/entity/Q3636,SITES
https://climatekg.tibwiki.io/entity/Q106,"Working Group II: Climate Change 2022 – Impacts, Adaptation and Vulnerability",https://climatekg.tibwiki.io/entity/Q3637,SL
https://climatekg.tibwiki.io/entity/Q189,"Climate Change 2023: Synthesis Report. Contribution of Working Groups I, II and III to the Sixth Assessment Report of the Intergovernmental Panel on Climate Change",https://climatekg.tibwiki.io/entity/Q2861,SLCF
https://climatekg.tibwiki.io/entity/Q35,Special Report: Climate Change and Land,https://climatekg.tibwiki.io/entity/Q2861,SLCF
https://climatekg.tibwiki.io/entity/Q57,Special Report: The Ocean and Cryosphere in a Changing Climate,https://climatekg.tibwiki.io/entity/Q2861,SLCF
https://climatekg.tibwiki.io/entity/Q77,Working Group I: Climate Change 2021 – The Physical Science Basis,https://climatekg.tibwiki.io/entity/Q2861,SLCF
https://climatekg.tibwiki.io/entity/Q106,"Working Group II: Climate Change 2022 – Impacts, Adaptation and Vulnerability",https://climatekg.tibwiki.io/entity/Q2861,SLCF
https://climatekg.tibwiki.io/entity/Q150,Working Group III: Climate Change 2022 – Mitigation of Climate Change,https://climatekg.tibwiki.io/entity/Q2861,SLCF
https://climatekg.tibwiki.io/entity/Q10,Special Report: Global Warming of 1.5°C,https://climatekg.tibwiki.io/entity/Q2546,SLCFs
https://climatekg.tibwiki.io/entity/Q35,Special Report: Climate Change and Land,https://climatekg.tibwiki.io/entity/Q2862,SLCP
https://climatekg.tibwiki.io/entity/Q150,Working Group III: Climate Change 2022 – Mitigation of Climate Change,https://climatekg.tibwiki.io/entity/Q2862,SLCP
https://climatekg.tibwiki.io/entity/Q10,Special Report: Global Warming of 1.5°C,https://climatekg.tibwiki.io/entity/Q2547,SLCPs
https://climatekg.tibwiki.io/entity/Q57,Special Report: The Ocean and Cryosphere in a Changing Climate,https://climatekg.tibwiki.io/entity/Q2996,SLE
https://climatekg.tibwiki.io/entity/Q77,Working Group I: Climate Change 2021 – The Physical Science Basis,https://climatekg.tibwiki.io/entity/Q2996,SLE
https://climatekg.tibwiki.io/entity/Q35,Special Report: Climate Change and Land,https://climatekg.tibwiki.io/entity/Q2863,SLM
https://climatekg.tibwiki.io/entity/Q106,"Working Group II: Climate Change 2022 – Impacts, Adaptation and Vulnerability",https://climatekg.tibwiki.io/entity/Q2863,SLM
https://climatekg.tibwiki.io/entity/Q150,Working Group III: Climate Change 2022 – Mitigation of Climate Change,https://climatekg.tibwiki.io/entity/Q2863,SLM
https://climatekg.tibwiki.io/entity/Q57,Special Report: The Ocean and Cryosphere in a Changing Climate,https://climatekg.tibwiki.io/entity/Q2997,SLP
https://climatekg.tibwiki.io/entity/Q77,Working Group I: Climate Change 2021 – The Physical Science Basis,https://climatekg.tibwiki.io/entity/Q2997,SLP
https://climatekg.tibwiki.io/entity/Q10,Special Report: Global Warming of 1.5°C,https://climatekg.tibwiki.io/entity/Q2548,SLR
https://climatekg.tibwiki.io/entity/Q57,Special Report: The Ocean and Cryosphere in a Changing Climate,https://climatekg.tibwiki.io/entity/Q2548,SLR
https://climatekg.tibwiki.io/entity/Q77,Working Group I: Climate Change 2021 – The Physical Science Basis,https://climatekg.tibwiki.io/entity/Q2548,SLR
https://climatekg.tibwiki.io/entity/Q106,"Working Group II: Climate Change 2022 – Impacts, Adaptation and Vulnerability",https://climatekg.tibwiki.io/entity/Q2548,SLR
https://climatekg.tibwiki.io/entity/Q150,Working Group III: Climate Change 2022 – Mitigation of Climate Change,https://climatekg.tibwiki.io/entity/Q2548,SLR
https://climatekg.tibwiki.io/entity/Q106,"Working Group II: Climate Change 2022 – Impacts, Adaptation and Vulnerability",https://climatekg.tibwiki.io/entity/Q3638,SLURC
https://climatekg.tibwiki.io/entity/Q150,Working Group III: Climate Change 2022 – Mitigation of Climate Change,https://climatekg.tibwiki.io/entity/Q3949,SLoCaT
https://climatekg.tibwiki.io/entity/Q35,Special Report: Climate Change and Land,https://climatekg.tibwiki.io/entity/Q2549,SM
https://climatekg.tibwiki.io/entity/Q10,Special Report: Global Warming of 1.5°C,https://climatekg.tibwiki.io/entity/Q2549,SM
https://climatekg.tibwiki.io/entity/Q106,"Working Group II: Climate Change 2022 – Impacts, Adaptation and Vulnerability",https://climatekg.tibwiki.io/entity/Q2549,SM
https://climatekg.tibwiki.io/entity/Q150,Working Group III: Climate Change 2022 – Mitigation of Climate Change,https://climatekg.tibwiki.io/entity/Q2549,SM
https://climatekg.tibwiki.io/entity/Q10,Special Report: Global Warming of 1.5°C,https://climatekg.tibwiki.io/entity/Q2550,SMA
https://climatekg.tibwiki.io/entity/Q77,Working Group I: Climate Change 2021 – The Physical Science Basis,https://climatekg.tibwiki.io/entity/Q3285,SMAP
https://climatekg.tibwiki.io/entity/Q106,"Working Group II: Climate Change 2022 – Impacts, Adaptation and Vulnerability",https://climatekg.tibwiki.io/entity/Q3639,SMART
https://climatekg.tibwiki.io/entity/Q57,Special Report: The Ocean and Cryosphere in a Changing Climate,https://climatekg.tibwiki.io/entity/Q2998,SMB
https://climatekg.tibwiki.io/entity/Q77,Working Group I: Climate Change 2021 – The Physical Science Basis,https://climatekg.tibwiki.io/entity/Q2998,SMB
https://climatekg.tibwiki.io/entity/Q106,"Working Group II: Climate Change 2022 – Impacts, Adaptation and Vulnerability",https://climatekg.tibwiki.io/entity/Q3640,SME
https://climatekg.tibwiki.io/entity/Q150,Working Group III: Climate Change 2022 – Mitigation of Climate Change,https://climatekg.tibwiki.io/entity/Q3950,SMEs
https://climatekg.tibwiki.io/entity/Q10,Special Report: Global Warming of 1.5°C,https://climatekg.tibwiki.io/entity/Q2551,SMHI
https://climatekg.tibwiki.io/entity/Q77,Working Group I: Climate Change 2021 – The Physical Science Basis,https://climatekg.tibwiki.io/entity/Q3286,SMILE
https://climatekg.tibwiki.io/entity/Q106,"Working Group II: Climate Change 2022 – Impacts, Adaptation and Vulnerability",https://climatekg.tibwiki.io/entity/Q3641,SNA
https://climatekg.tibwiki.io/entity/Q150,Working Group III: Climate Change 2022 – Mitigation of Climate Change,https://climatekg.tibwiki.io/entity/Q3641,SNA
https://climatekg.tibwiki.io/entity/Q150,Working Group III: Climate Change 2022 – Mitigation of Climate Change,https://climatekg.tibwiki.io/entity/Q3951,SNTT
https://climatekg.tibwiki.io/entity/Q35,Special Report: Climate Change and Land,https://climatekg.tibwiki.io/entity/Q2552,SO2
https://climatekg.tibwiki.io/entity/Q10,Special Report: Global Warming of 1.5°C,https://climatekg.tibwiki.io/entity/Q2552,SO2
https://climatekg.tibwiki.io/entity/Q77,Working Group I: Climate Change 2021 – The Physical Science Basis,https://climatekg.tibwiki.io/entity/Q2552,SO2
https://climatekg.tibwiki.io/entity/Q150,Working Group III: Climate Change 2022 – Mitigation of Climate Change,https://climatekg.tibwiki.io/entity/Q2552,SO2
https://climatekg.tibwiki.io/entity/Q77,Working Group I: Climate Change 2021 – The Physical Science Basis,https://climatekg.tibwiki.io/entity/Q3287,SO4
https://climatekg.tibwiki.io/entity/Q35,Special Report: Climate Change and Land,https://climatekg.tibwiki.io/entity/Q2864,SOA
https://climatekg.tibwiki.io/entity/Q77,Working Group I: Climate Change 2021 – The Physical Science Basis,https://climatekg.tibwiki.io/entity/Q2864,SOA
https://climatekg.tibwiki.io/entity/Q35,Special Report: Climate Change and Land,https://climatekg.tibwiki.io/entity/Q2865,SOC
https://climatekg.tibwiki.io/entity/Q106,"Working Group II: Climate Change 2022 – Impacts, Adaptation and Vulnerability",https://climatekg.tibwiki.io/entity/Q2865,SOC
https://climatekg.tibwiki.io/entity/Q150,Working Group III: Climate Change 2022 – Mitigation of Climate Change,https://climatekg.tibwiki.io/entity/Q3952,SOE
https://climatekg.tibwiki.io/entity/Q150,Working Group III: Climate Change 2022 – Mitigation of Climate Change,https://climatekg.tibwiki.io/entity/Q3953,SOFC
https://climatekg.tibwiki.io/entity/Q35,Special Report: Climate Change and Land,https://climatekg.tibwiki.io/entity/Q2866,SOFI
https://climatekg.tibwiki.io/entity/Q77,Working Group I: Climate Change 2021 – The Physical Science Basis,https://climatekg.tibwiki.io/entity/Q3288,SOI
https://climatekg.tibwiki.io/entity/Q106,"Working Group II: Climate Change 2022 – Impacts, Adaptation and Vulnerability",https://climatekg.tibwiki.io/entity/Q3288,SOI
https://climatekg.tibwiki.io/entity/Q10,Special Report: Global Warming of 1.5°C,https://climatekg.tibwiki.io/entity/Q2553,SOLARIS HEPPA
https://climatekg.tibwiki.io/entity/Q35,Special Report: Climate Change and Land,https://climatekg.tibwiki.io/entity/Q2867,SOM
https://climatekg.tibwiki.io/entity/Q106,"Working Group II: Climate Change 2022 – Impacts, Adaptation and Vulnerability",https://climatekg.tibwiki.io/entity/Q2867,SOM
https://climatekg.tibwiki.io/entity/Q35,Special Report: Climate Change and Land,https://climatekg.tibwiki.io/entity/Q2554,SON
https://climatekg.tibwiki.io/entity/Q10,Special Report: Global Warming of 1.5°C,https://climatekg.tibwiki.io/entity/Q2554,SON
https://climatekg.tibwiki.io/entity/Q77,Working Group I: Climate Change 2021 – The Physical Science Basis,https://climatekg.tibwiki.io/entity/Q2554,SON
https://climatekg.tibwiki.io/entity/Q77,Working Group I: Climate Change 2021 – The Physical Science Basis,https://climatekg.tibwiki.io/entity/Q3289,SOO
https://climatekg.tibwiki.io/entity/Q10,Special Report: Global Warming of 1.5°C,https://climatekg.tibwiki.io/entity/Q2555,SOx
https://climatekg.tibwiki.io/entity/Q77,Working Group I: Climate Change 2021 – The Physical Science Basis,https://climatekg.tibwiki.io/entity/Q2555,SOx
https://climatekg.tibwiki.io/entity/Q106,"Working Group II: Climate Change 2022 – Impacts, Adaptation and Vulnerability",https://climatekg.tibwiki.io/entity/Q3642,SP
https://climatekg.tibwiki.io/entity/Q10,Special Report: Global Warming of 1.5°C,https://climatekg.tibwiki.io/entity/Q2556,SPAs
https://climatekg.tibwiki.io/entity/Q10,Special Report: Global Warming of 1.5°C,https://climatekg.tibwiki.io/entity/Q2557,SPC
https://climatekg.tibwiki.io/entity/Q77,Working Group I: Climate Change 2021 – The Physical Science Basis,https://climatekg.tibwiki.io/entity/Q3290,SPCZ
https://climatekg.tibwiki.io/entity/Q10,Special Report: Global Warming of 1.5°C,https://climatekg.tibwiki.io/entity/Q2558,SPEI
https://climatekg.tibwiki.io/entity/Q77,Working Group I: Climate Change 2021 – The Physical Science Basis,https://climatekg.tibwiki.io/entity/Q2558,SPEI
https://climatekg.tibwiki.io/entity/Q106,"Working Group II: Climate Change 2022 – Impacts, Adaptation and Vulnerability",https://climatekg.tibwiki.io/entity/Q2558,SPEI
https://climatekg.tibwiki.io/entity/Q57,Special Report: The Ocean and Cryosphere in a Changing Climate,https://climatekg.tibwiki.io/entity/Q2999,SPG
https://climatekg.tibwiki.io/entity/Q10,Special Report: Global Warming of 1.5°C,https://climatekg.tibwiki.io/entity/Q2559,SPI
https://climatekg.tibwiki.io/entity/Q77,Working Group I: Climate Change 2021 – The Physical Science Basis,https://climatekg.tibwiki.io/entity/Q2559,SPI
https://climatekg.tibwiki.io/entity/Q106,"Working Group II: Climate Change 2022 – Impacts, Adaptation and Vulnerability",https://climatekg.tibwiki.io/entity/Q2559,SPI
https://climatekg.tibwiki.io/entity/Q189,"Climate Change 2023: Synthesis Report. Contribution of Working Groups I, II and III to the Sixth Assessment Report of the Intergovernmental Panel on Climate Change",https://climatekg.tibwiki.io/entity/Q2560,SPM
https://climatekg.tibwiki.io/entity/Q10,Special Report: Global Warming of 1.5°C,https://climatekg.tibwiki.io/entity/Q2560,SPM
https://climatekg.tibwiki.io/entity/Q57,Special Report: The Ocean and Cryosphere in a Changing Climate,https://climatekg.tibwiki.io/entity/Q2560,SPM
https://climatekg.tibwiki.io/entity/Q77,Working Group I: Climate Change 2021 – The Physical Science Basis,https://climatekg.tibwiki.io/entity/Q2560,SPM
https://climatekg.tibwiki.io/entity/Q106,"Working Group II: Climate Change 2022 – Impacts, Adaptation and Vulnerability",https://climatekg.tibwiki.io/entity/Q2560,SPM
https://climatekg.tibwiki.io/entity/Q150,Working Group III: Climate Change 2022 – Mitigation of Climate Change,https://climatekg.tibwiki.io/entity/Q2560,SPM
https://climatekg.tibwiki.io/entity/Q77,Working Group I: Climate Change 2021 – The Physical Science Basis,https://climatekg.tibwiki.io/entity/Q3291,SPO
https://climatekg.tibwiki.io/entity/Q35,Special Report: Climate Change and Land,https://climatekg.tibwiki.io/entity/Q2868,SPOT VGT
https://climatekg.tibwiki.io/entity/Q106,"Working Group II: Climate Change 2022 – Impacts, Adaptation and Vulnerability",https://climatekg.tibwiki.io/entity/Q3643,SPP
https://climatekg.tibwiki.io/entity/Q106,"Working Group II: Climate Change 2022 – Impacts, Adaptation and Vulnerability",https://climatekg.tibwiki.io/entity/Q3644,SPV
https://climatekg.tibwiki.io/entity/Q150,Working Group III: Climate Change 2022 – Mitigation of Climate Change,https://climatekg.tibwiki.io/entity/Q3644,SPV
https://climatekg.tibwiki.io/entity/Q35,Special Report: Climate Change and Land,https://climatekg.tibwiki.io/entity/Q2870,SR-LULUCF
https://climatekg.tibwiki.io/entity/Q189,"Climate Change 2023: Synthesis Report. Contribution of Working Groups I, II and III to the Sixth Assessment Report of the Intergovernmental Panel on Climate Change",https://climatekg.tibwiki.io/entity/Q2561,SR1.5
https://climatekg.tibwiki.io/entity/Q10,Special Report: Global Warming of 1.5°C,https://climatekg.tibwiki.io/entity/Q2561,SR1.5
https://climatekg.tibwiki.io/entity/Q77,Working Group I: Climate Change 2021 – The Physical Science Basis,https://climatekg.tibwiki.io/entity/Q2561,SR1.5
https://climatekg.tibwiki.io/entity/Q106,"Working Group II: Climate Change 2022 – Impacts, Adaptation and Vulnerability",https://climatekg.tibwiki.io/entity/Q2561,SR1.5
https://climatekg.tibwiki.io/entity/Q150,Working Group III: Climate Change 2022 – Mitigation of Climate Change,https://climatekg.tibwiki.io/entity/Q2561,SR1.5
https://climatekg.tibwiki.io/entity/Q35,Special Report: Climate Change and Land,https://climatekg.tibwiki.io/entity/Q2869,SR15
https://climatekg.tibwiki.io/entity/Q57,Special Report: The Ocean and Cryosphere in a Changing Climate,https://climatekg.tibwiki.io/entity/Q2869,SR15
https://climatekg.tibwiki.io/entity/Q106,"Working Group II: Climate Change 2022 – Impacts, Adaptation and Vulnerability",https://climatekg.tibwiki.io/entity/Q3645,SRA
https://climatekg.tibwiki.io/entity/Q189,"Climate Change 2023: Synthesis Report. Contribution of Working Groups I, II and III to the Sixth Assessment Report of the Intergovernmental Panel on Climate Change",https://climatekg.tibwiki.io/entity/Q2562,SRCCL
https://climatekg.tibwiki.io/entity/Q35,Special Report: Climate Change and Land,https://climatekg.tibwiki.io/entity/Q2562,SRCCL
https://climatekg.tibwiki.io/entity/Q10,Special Report: Global Warming of 1.5°C,https://climatekg.tibwiki.io/entity/Q2562,SRCCL
https://climatekg.tibwiki.io/entity/Q57,Special Report: The Ocean and Cryosphere in a Changing Climate,https://climatekg.tibwiki.io/entity/Q2562,SRCCL
https://climatekg.tibwiki.io/entity/Q77,Working Group I: Climate Change 2021 – The Physical Science Basis,https://climatekg.tibwiki.io/entity/Q2562,SRCCL
https://climatekg.tibwiki.io/entity/Q106,"Working Group II: Climate Change 2022 – Impacts, Adaptation and Vulnerability",https://climatekg.tibwiki.io/entity/Q2562,SRCCL
https://climatekg.tibwiki.io/entity/Q150,Working Group III: Climate Change 2022 – Mitigation of Climate Change,https://climatekg.tibwiki.io/entity/Q2562,SRCCL
https://climatekg.tibwiki.io/entity/Q35,Special Report: Climate Change and Land,https://climatekg.tibwiki.io/entity/Q2563,SRES
https://climatekg.tibwiki.io/entity/Q10,Special Report: Global Warming of 1.5°C,https://climatekg.tibwiki.io/entity/Q2563,SRES
https://climatekg.tibwiki.io/entity/Q57,Special Report: The Ocean and Cryosphere in a Changing Climate,https://climatekg.tibwiki.io/entity/Q2563,SRES
https://climatekg.tibwiki.io/entity/Q77,Working Group I: Climate Change 2021 – The Physical Science Basis,https://climatekg.tibwiki.io/entity/Q2563,SRES
https://climatekg.tibwiki.io/entity/Q106,"Working Group II: Climate Change 2022 – Impacts, Adaptation and Vulnerability",https://climatekg.tibwiki.io/entity/Q2563,SRES
https://climatekg.tibwiki.io/entity/Q35,Special Report: Climate Change and Land,https://climatekg.tibwiki.io/entity/Q2564,SREX
https://climatekg.tibwiki.io/entity/Q10,Special Report: Global Warming of 1.5°C,https://climatekg.tibwiki.io/entity/Q2564,SREX
https://climatekg.tibwiki.io/entity/Q57,Special Report: The Ocean and Cryosphere in a Changing Climate,https://climatekg.tibwiki.io/entity/Q2564,SREX
https://climatekg.tibwiki.io/entity/Q77,Working Group I: Climate Change 2021 – The Physical Science Basis,https://climatekg.tibwiki.io/entity/Q2564,SREX
https://climatekg.tibwiki.io/entity/Q77,Working Group I: Climate Change 2021 – The Physical Science Basis,https://climatekg.tibwiki.io/entity/Q3292,SRI
https://climatekg.tibwiki.io/entity/Q150,Working Group III: Climate Change 2022 – Mitigation of Climate Change,https://climatekg.tibwiki.io/entity/Q3292,SRI
https://climatekg.tibwiki.io/entity/Q189,"Climate Change 2023: Synthesis Report. Contribution of Working Groups I, II and III to the Sixth Assessment Report of the Intergovernmental Panel on Climate Change",https://climatekg.tibwiki.io/entity/Q2565,SRM
https://climatekg.tibwiki.io/entity/Q10,Special Report: Global Warming of 1.5°C,https://climatekg.tibwiki.io/entity/Q2565,SRM
https://climatekg.tibwiki.io/entity/Q57,Special Report: The Ocean and Cryosphere in a Changing Climate,https://climatekg.tibwiki.io/entity/Q2565,SRM
https://climatekg.tibwiki.io/entity/Q77,Working Group I: Climate Change 2021 – The Physical Science Basis,https://climatekg.tibwiki.io/entity/Q2565,SRM
https://climatekg.tibwiki.io/entity/Q106,"Working Group II: Climate Change 2022 – Impacts, Adaptation and Vulnerability",https://climatekg.tibwiki.io/entity/Q2565,SRM
https://climatekg.tibwiki.io/entity/Q150,Working Group III: Climate Change 2022 – Mitigation of Climate Change,https://climatekg.tibwiki.io/entity/Q2565,SRM
https://climatekg.tibwiki.io/entity/Q189,"Climate Change 2023: Synthesis Report. Contribution of Working Groups I, II and III to the Sixth Assessment Report of the Intergovernmental Panel on Climate Change",https://climatekg.tibwiki.io/entity/Q2566,SROCC
https://climatekg.tibwiki.io/entity/Q35,Special Report: Climate Change and Land,https://climatekg.tibwiki.io/entity/Q2566,SROCC
https://climatekg.tibwiki.io/entity/Q10,Special Report: Global Warming of 1.5°C,https://climatekg.tibwiki.io/entity/Q2566,SROCC
https://climatekg.tibwiki.io/entity/Q57,Special Report: The Ocean and Cryosphere in a Changing Climate,https://climatekg.tibwiki.io/entity/Q2566,SROCC
https://climatekg.tibwiki.io/entity/Q77,Working Group I: Climate Change 2021 – The Physical Science Basis,https://climatekg.tibwiki.io/entity/Q2566,SROCC
https://climatekg.tibwiki.io/entity/Q106,"Working Group II: Climate Change 2022 – Impacts, Adaptation and Vulnerability",https://climatekg.tibwiki.io/entity/Q2566,SROCC
https://climatekg.tibwiki.io/entity/Q150,Working Group III: Climate Change 2022 – Mitigation of Climate Change,https://climatekg.tibwiki.io/entity/Q2566,SROCC
https://climatekg.tibwiki.io/entity/Q57,Special Report: The Ocean and Cryosphere in a Changing Climate,https://climatekg.tibwiki.io/entity/Q3000,SRTM
https://climatekg.tibwiki.io/entity/Q106,"Working Group II: Climate Change 2022 – Impacts, Adaptation and Vulnerability",https://climatekg.tibwiki.io/entity/Q3000,SRTM
https://climatekg.tibwiki.io/entity/Q10,Special Report: Global Warming of 1.5°C,https://climatekg.tibwiki.io/entity/Q2567,SSA
https://climatekg.tibwiki.io/entity/Q77,Working Group I: Climate Change 2021 – The Physical Science Basis,https://climatekg.tibwiki.io/entity/Q2567,SSA
https://climatekg.tibwiki.io/entity/Q106,"Working Group II: Climate Change 2022 – Impacts, Adaptation and Vulnerability",https://climatekg.tibwiki.io/entity/Q2567,SSA
https://climatekg.tibwiki.io/entity/Q150,Working Group III: Climate Change 2022 – Mitigation of Climate Change,https://climatekg.tibwiki.io/entity/Q3954,SSC
https://climatekg.tibwiki.io/entity/Q189,"Climate Change 2023: Synthesis Report. Contribution of Working Groups I, II and III to the Sixth Assessment Report of the Intergovernmental Panel on Climate Change",https://climatekg.tibwiki.io/entity/Q2871,SSP
https://climatekg.tibwiki.io/entity/Q35,Special Report: Climate Change and Land,https://climatekg.tibwiki.io/entity/Q2871,SSP
https://climatekg.tibwiki.io/entity/Q77,Working Group I: Climate Change 2021 – The Physical Science Basis,https://climatekg.tibwiki.io/entity/Q2871,SSP
https://climatekg.tibwiki.io/entity/Q106,"Working Group II: Climate Change 2022 – Impacts, Adaptation and Vulnerability",https://climatekg.tibwiki.io/entity/Q2871,SSP
https://climatekg.tibwiki.io/entity/Q150,Working Group III: Climate Change 2022 – Mitigation of Climate Change,https://climatekg.tibwiki.io/entity/Q2871,SSP
https://climatekg.tibwiki.io/entity/Q10,Special Report: Global Warming of 1.5°C,https://climatekg.tibwiki.io/entity/Q2568,SSPs
https://climatekg.tibwiki.io/entity/Q57,Special Report: The Ocean and Cryosphere in a Changing Climate,https://climatekg.tibwiki.io/entity/Q2568,SSPs
https://climatekg.tibwiki.io/entity/Q106,"Working Group II: Climate Change 2022 – Impacts, Adaptation and Vulnerability",https://climatekg.tibwiki.io/entity/Q3646,SSR
https://climatekg.tibwiki.io/entity/Q35,Special Report: Climate Change and Land,https://climatekg.tibwiki.io/entity/Q2872,SSSA
https://climatekg.tibwiki.io/entity/Q35,Special Report: Climate Change and Land,https://climatekg.tibwiki.io/entity/Q2569,SST
https://climatekg.tibwiki.io/entity/Q10,Special Report: Global Warming of 1.5°C,https://climatekg.tibwiki.io/entity/Q2569,SST
https://climatekg.tibwiki.io/entity/Q57,Special Report: The Ocean and Cryosphere in a Changing Climate,https://climatekg.tibwiki.io/entity/Q2569,SST
https://climatekg.tibwiki.io/entity/Q77,Working Group I: Climate Change 2021 – The Physical Science Basis,https://climatekg.tibwiki.io/entity/Q2569,SST
https://climatekg.tibwiki.io/entity/Q106,"Working Group II: Climate Change 2022 – Impacts, Adaptation and Vulnerability",https://climatekg.tibwiki.io/entity/Q2569,SST
https://climatekg.tibwiki.io/entity/Q150,Working Group III: Climate Change 2022 – Mitigation of Climate Change,https://climatekg.tibwiki.io/entity/Q3955,SSTT
https://climatekg.tibwiki.io/entity/Q77,Working Group I: Climate Change 2021 – The Physical Science Basis,https://climatekg.tibwiki.io/entity/Q3293,SSW
https://climatekg.tibwiki.io/entity/Q77,Working Group I: Climate Change 2021 – The Physical Science Basis,https://climatekg.tibwiki.io/entity/Q3294,STE
https://climatekg.tibwiki.io/entity/Q150,Working Group III: Climate Change 2022 – Mitigation of Climate Change,https://climatekg.tibwiki.io/entity/Q3956,STEM
https://climatekg.tibwiki.io/entity/Q150,Working Group III: Climate Change 2022 – Mitigation of Climate Change,https://climatekg.tibwiki.io/entity/Q3957,STEPS
https://climatekg.tibwiki.io/entity/Q106,"Working Group II: Climate Change 2022 – Impacts, Adaptation and Vulnerability",https://climatekg.tibwiki.io/entity/Q3647,STFM
https://climatekg.tibwiki.io/entity/Q106,"Working Group II: Climate Change 2022 – Impacts, Adaptation and Vulnerability",https://climatekg.tibwiki.io/entity/Q3648,STI
https://climatekg.tibwiki.io/entity/Q10,Special Report: Global Warming of 1.5°C,https://climatekg.tibwiki.io/entity/Q2570,STP
https://climatekg.tibwiki.io/entity/Q106,"Working Group II: Climate Change 2022 – Impacts, Adaptation and Vulnerability",https://climatekg.tibwiki.io/entity/Q3649,SUDS
https://climatekg.tibwiki.io/entity/Q150,Working Group III: Climate Change 2022 – Mitigation of Climate Change,https://climatekg.tibwiki.io/entity/Q3958,SUV
https://climatekg.tibwiki.io/entity/Q77,Working Group I: Climate Change 2021 – The Physical Science Basis,https://climatekg.tibwiki.io/entity/Q3295,SW
https://climatekg.tibwiki.io/entity/Q106,"Working Group II: Climate Change 2022 – Impacts, Adaptation and Vulnerability",https://climatekg.tibwiki.io/entity/Q3295,SW
https://climatekg.tibwiki.io/entity/Q35,Special Report: Climate Change and Land,https://climatekg.tibwiki.io/entity/Q2571,SWAT
https://climatekg.tibwiki.io/entity/Q10,Special Report: Global Warming of 1.5°C,https://climatekg.tibwiki.io/entity/Q2571,SWAT
https://climatekg.tibwiki.io/entity/Q35,Special Report: Climate Change and Land,https://climatekg.tibwiki.io/entity/Q2873,SWC
https://climatekg.tibwiki.io/entity/Q57,Special Report: The Ocean and Cryosphere in a Changing Climate,https://climatekg.tibwiki.io/entity/Q3001,SWE
https://climatekg.tibwiki.io/entity/Q77,Working Group I: Climate Change 2021 – The Physical Science Basis,https://climatekg.tibwiki.io/entity/Q3001,SWE
https://climatekg.tibwiki.io/entity/Q106,"Working Group II: Climate Change 2022 – Impacts, Adaptation and Vulnerability",https://climatekg.tibwiki.io/entity/Q3001,SWE
https://climatekg.tibwiki.io/entity/Q10,Special Report: Global Warming of 1.5°C,https://climatekg.tibwiki.io/entity/Q2572,SWF
https://climatekg.tibwiki.io/entity/Q106,"Working Group II: Climate Change 2022 – Impacts, Adaptation and Vulnerability",https://climatekg.tibwiki.io/entity/Q3650,SWM
https://climatekg.tibwiki.io/entity/Q106,"Working Group II: Climate Change 2022 – Impacts, Adaptation and Vulnerability",https://climatekg.tibwiki.io/entity/Q3651,SWP
https://climatekg.tibwiki.io/entity/Q77,Working Group I: Climate Change 2021 – The Physical Science Basis,https://climatekg.tibwiki.io/entity/Q3296,SWS
https://climatekg.tibwiki.io/entity/Q77,Working Group I: Climate Change 2021 – The Physical Science Basis,https://climatekg.tibwiki.io/entity/Q3297,SWV
https://climatekg.tibwiki.io/entity/Q189,"Climate Change 2023: Synthesis Report. Contribution of Working Groups I, II and III to the Sixth Assessment Report of the Intergovernmental Panel on Climate Change",https://climatekg.tibwiki.io/entity/Q2573,SYR
https://climatekg.tibwiki.io/entity/Q35,Special Report: Climate Change and Land,https://climatekg.tibwiki.io/entity/Q2573,SYR
https://climatekg.tibwiki.io/entity/Q10,Special Report: Global Warming of 1.5°C,https://climatekg.tibwiki.io/entity/Q2573,SYR
https://climatekg.tibwiki.io/entity/Q77,Working Group I: Climate Change 2021 – The Physical Science Basis,https://climatekg.tibwiki.io/entity/Q3279,ScenarioMIP
https://climatekg.tibwiki.io/entity/Q10,Special Report: Global Warming of 1.5°C,https://climatekg.tibwiki.io/entity/Q2577,T&D
https://climatekg.tibwiki.io/entity/Q106,"Working Group II: Climate Change 2022 – Impacts, Adaptation and Vulnerability",https://climatekg.tibwiki.io/entity/Q3657,T-FACE
https://climatekg.tibwiki.io/entity/Q150,Working Group III: Climate Change 2022 – Mitigation of Climate Change,https://climatekg.tibwiki.io/entity/Q3959,TA
https://climatekg.tibwiki.io/entity/Q150,Working Group III: Climate Change 2022 – Mitigation of Climate Change,https://climatekg.tibwiki.io/entity/Q3960,TABS
https://climatekg.tibwiki.io/entity/Q77,Working Group I: Climate Change 2021 – The Physical Science Basis,https://climatekg.tibwiki.io/entity/Q3298,TAR
https://climatekg.tibwiki.io/entity/Q106,"Working Group II: Climate Change 2022 – Impacts, Adaptation and Vulnerability",https://climatekg.tibwiki.io/entity/Q3298,TAR
https://climatekg.tibwiki.io/entity/Q77,Working Group I: Climate Change 2021 – The Physical Science Basis,https://climatekg.tibwiki.io/entity/Q3299,TAV
https://climatekg.tibwiki.io/entity/Q106,"Working Group II: Climate Change 2022 – Impacts, Adaptation and Vulnerability",https://climatekg.tibwiki.io/entity/Q3299,TAV
https://climatekg.tibwiki.io/entity/Q150,Working Group III: Climate Change 2022 – Mitigation of Climate Change,https://climatekg.tibwiki.io/entity/Q3961,TBT Agreement
https://climatekg.tibwiki.io/entity/Q57,Special Report: The Ocean and Cryosphere in a Changing Climate,https://climatekg.tibwiki.io/entity/Q3002,TC
https://climatekg.tibwiki.io/entity/Q77,Working Group I: Climate Change 2021 – The Physical Science Basis,https://climatekg.tibwiki.io/entity/Q3002,TC
https://climatekg.tibwiki.io/entity/Q106,"Working Group II: Climate Change 2022 – Impacts, Adaptation and Vulnerability",https://climatekg.tibwiki.io/entity/Q3002,TC
https://climatekg.tibwiki.io/entity/Q150,Working Group III: Climate Change 2022 – Mitigation of Climate Change,https://climatekg.tibwiki.io/entity/Q3962,TCBA
https://climatekg.tibwiki.io/entity/Q106,"Working Group II: Climate Change 2022 – Impacts, Adaptation and Vulnerability",https://climatekg.tibwiki.io/entity/Q3652,TCFD
https://climatekg.tibwiki.io/entity/Q150,Working Group III: Climate Change 2022 – Mitigation of Climate Change,https://climatekg.tibwiki.io/entity/Q3652,TCFD
https://climatekg.tibwiki.io/entity/Q35,Special Report: Climate Change and Land,https://climatekg.tibwiki.io/entity/Q2578,TCR
https://climatekg.tibwiki.io/entity/Q10,Special Report: Global Warming of 1.5°C,https://climatekg.tibwiki.io/entity/Q2578,TCR
https://climatekg.tibwiki.io/entity/Q77,Working Group I: Climate Change 2021 – The Physical Science Basis,https://climatekg.tibwiki.io/entity/Q2578,TCR
https://climatekg.tibwiki.io/entity/Q10,Special Report: Global Warming of 1.5°C,https://climatekg.tibwiki.io/entity/Q2579,TCRE
https://climatekg.tibwiki.io/entity/Q77,Working Group I: Climate Change 2021 – The Physical Science Basis,https://climatekg.tibwiki.io/entity/Q2579,TCRE
https://climatekg.tibwiki.io/entity/Q150,Working Group III: Climate Change 2022 – Mitigation of Climate Change,https://climatekg.tibwiki.io/entity/Q2579,TCRE
https://climatekg.tibwiki.io/entity/Q77,Working Group I: Climate Change 2021 – The Physical Science Basis,https://climatekg.tibwiki.io/entity/Q3300,TCWV
https://climatekg.tibwiki.io/entity/Q106,"Working Group II: Climate Change 2022 – Impacts, Adaptation and Vulnerability",https://climatekg.tibwiki.io/entity/Q3653,TCs
https://climatekg.tibwiki.io/entity/Q150,Working Group III: Climate Change 2022 – Mitigation of Climate Change,https://climatekg.tibwiki.io/entity/Q3963,TDR
https://climatekg.tibwiki.io/entity/Q10,Special Report: Global Warming of 1.5°C,https://climatekg.tibwiki.io/entity/Q2580,TEAP
https://climatekg.tibwiki.io/entity/Q150,Working Group III: Climate Change 2022 – Mitigation of Climate Change,https://climatekg.tibwiki.io/entity/Q3964,TEC
https://climatekg.tibwiki.io/entity/Q35,Special Report: Climate Change and Land,https://climatekg.tibwiki.io/entity/Q2874,TEEB
https://climatekg.tibwiki.io/entity/Q150,Working Group III: Climate Change 2022 – Mitigation of Climate Change,https://climatekg.tibwiki.io/entity/Q2874,TEEB
https://climatekg.tibwiki.io/entity/Q106,"Working Group II: Climate Change 2022 – Impacts, Adaptation and Vulnerability",https://climatekg.tibwiki.io/entity/Q3654,TEG CRM
https://climatekg.tibwiki.io/entity/Q150,Working Group III: Climate Change 2022 – Mitigation of Climate Change,https://climatekg.tibwiki.io/entity/Q3965,TES
https://climatekg.tibwiki.io/entity/Q106,"Working Group II: Climate Change 2022 – Impacts, Adaptation and Vulnerability",https://climatekg.tibwiki.io/entity/Q3655,TEU
https://climatekg.tibwiki.io/entity/Q106,"Working Group II: Climate Change 2022 – Impacts, Adaptation and Vulnerability",https://climatekg.tibwiki.io/entity/Q3656,TEUS
https://climatekg.tibwiki.io/entity/Q150,Working Group III: Climate Change 2022 – Mitigation of Climate Change,https://climatekg.tibwiki.io/entity/Q3967,TFC
https://climatekg.tibwiki.io/entity/Q10,Special Report: Global Warming of 1.5°C,https://climatekg.tibwiki.io/entity/Q2581,TFE
https://climatekg.tibwiki.io/entity/Q10,Special Report: Global Warming of 1.5°C,https://climatekg.tibwiki.io/entity/Q2582,TFP
https://climatekg.tibwiki.io/entity/Q106,"Working Group II: Climate Change 2022 – Impacts, Adaptation and Vulnerability",https://climatekg.tibwiki.io/entity/Q2582,TFP
https://climatekg.tibwiki.io/entity/Q150,Working Group III: Climate Change 2022 – Mitigation of Climate Change,https://climatekg.tibwiki.io/entity/Q3968,TGC
https://climatekg.tibwiki.io/entity/Q150,Working Group III: Climate Change 2022 – Mitigation of Climate Change,https://climatekg.tibwiki.io/entity/Q3974,TGCs
https://climatekg.tibwiki.io/entity/Q57,Special Report: The Ocean and Cryosphere in a Changing Climate,https://climatekg.tibwiki.io/entity/Q3003,THC
https://climatekg.tibwiki.io/entity/Q106,"Working Group II: Climate Change 2022 – Impacts, Adaptation and Vulnerability",https://climatekg.tibwiki.io/entity/Q3658,THI
https://climatekg.tibwiki.io/entity/Q106,"Working Group II: Climate Change 2022 – Impacts, Adaptation and Vulnerability",https://climatekg.tibwiki.io/entity/Q3659,TIA
https://climatekg.tibwiki.io/entity/Q10,Special Report: Global Warming of 1.5°C,https://climatekg.tibwiki.io/entity/Q2584,TIB
https://climatekg.tibwiki.io/entity/Q77,Working Group I: Climate Change 2021 – The Physical Science Basis,https://climatekg.tibwiki.io/entity/Q2584,TIB
https://climatekg.tibwiki.io/entity/Q106,"Working Group II: Climate Change 2022 – Impacts, Adaptation and Vulnerability",https://climatekg.tibwiki.io/entity/Q2584,TIB
https://climatekg.tibwiki.io/entity/Q150,Working Group III: Climate Change 2022 – Mitigation of Climate Change,https://climatekg.tibwiki.io/entity/Q3966,TIS
https://climatekg.tibwiki.io/entity/Q106,"Working Group II: Climate Change 2022 – Impacts, Adaptation and Vulnerability",https://climatekg.tibwiki.io/entity/Q3660,TK
https://climatekg.tibwiki.io/entity/Q106,"Working Group II: Climate Change 2022 – Impacts, Adaptation and Vulnerability",https://climatekg.tibwiki.io/entity/Q3661,TLAS
https://climatekg.tibwiki.io/entity/Q106,"Working Group II: Climate Change 2022 – Impacts, Adaptation and Vulnerability",https://climatekg.tibwiki.io/entity/Q3662,TMNs
https://climatekg.tibwiki.io/entity/Q106,"Working Group II: Climate Change 2022 – Impacts, Adaptation and Vulnerability",https://climatekg.tibwiki.io/entity/Q3663,TMSP
https://climatekg.tibwiki.io/entity/Q106,"Working Group II: Climate Change 2022 – Impacts, Adaptation and Vulnerability",https://climatekg.tibwiki.io/entity/Q3664,TN
https://climatekg.tibwiki.io/entity/Q150,Working Group III: Climate Change 2022 – Mitigation of Climate Change,https://climatekg.tibwiki.io/entity/Q3970,TNA
https://climatekg.tibwiki.io/entity/Q10,Special Report: Global Warming of 1.5°C,https://climatekg.tibwiki.io/entity/Q2585,TNn
https://climatekg.tibwiki.io/entity/Q77,Working Group I: Climate Change 2021 – The Physical Science Basis,https://climatekg.tibwiki.io/entity/Q2585,TNn
https://climatekg.tibwiki.io/entity/Q77,Working Group I: Climate Change 2021 – The Physical Science Basis,https://climatekg.tibwiki.io/entity/Q3302,TNx
https://climatekg.tibwiki.io/entity/Q77,Working Group I: Climate Change 2021 – The Physical Science Basis,https://climatekg.tibwiki.io/entity/Q3303,TOA
https://climatekg.tibwiki.io/entity/Q10,Special Report: Global Warming of 1.5°C,https://climatekg.tibwiki.io/entity/Q2586,TOD
https://climatekg.tibwiki.io/entity/Q150,Working Group III: Climate Change 2022 – Mitigation of Climate Change,https://climatekg.tibwiki.io/entity/Q2586,TOD
https://climatekg.tibwiki.io/entity/Q150,Working Group III: Climate Change 2022 – Mitigation of Climate Change,https://climatekg.tibwiki.io/entity/Q3971,TPES
https://climatekg.tibwiki.io/entity/Q77,Working Group I: Climate Change 2021 – The Physical Science Basis,https://climatekg.tibwiki.io/entity/Q3304,TPI
https://climatekg.tibwiki.io/entity/Q150,Working Group III: Climate Change 2022 – Mitigation of Climate Change,https://climatekg.tibwiki.io/entity/Q3972,TRA
https://climatekg.tibwiki.io/entity/Q150,Working Group III: Climate Change 2022 – Mitigation of Climate Change,https://climatekg.tibwiki.io/entity/Q3975,TRIPS Agreement
https://climatekg.tibwiki.io/entity/Q150,Working Group III: Climate Change 2022 – Mitigation of Climate Change,https://climatekg.tibwiki.io/entity/Q3976,TRL
https://climatekg.tibwiki.io/entity/Q77,Working Group I: Climate Change 2021 – The Physical Science Basis,https://climatekg.tibwiki.io/entity/Q3305,TRMM
https://climatekg.tibwiki.io/entity/Q189,"Climate Change 2023: Synthesis Report. Contribution of Working Groups I, II and III to the Sixth Assessment Report of the Intergovernmental Panel on Climate Change",https://climatekg.tibwiki.io/entity/Q2587,TS
https://climatekg.tibwiki.io/entity/Q35,Special Report: Climate Change and Land,https://climatekg.tibwiki.io/entity/Q2587,TS
https://climatekg.tibwiki.io/entity/Q10,Special Report: Global Warming of 1.5°C,https://climatekg.tibwiki.io/entity/Q2587,TS
https://climatekg.tibwiki.io/entity/Q77,Working Group I: Climate Change 2021 – The Physical Science Basis,https://climatekg.tibwiki.io/entity/Q2587,TS
https://climatekg.tibwiki.io/entity/Q77,Working Group I: Climate Change 2021 – The Physical Science Basis,https://climatekg.tibwiki.io/entity/Q3306,TSI
https://climatekg.tibwiki.io/entity/Q106,"Working Group II: Climate Change 2022 – Impacts, Adaptation and Vulnerability",https://climatekg.tibwiki.io/entity/Q3665,TSR
https://climatekg.tibwiki.io/entity/Q106,"Working Group II: Climate Change 2022 – Impacts, Adaptation and Vulnerability",https://climatekg.tibwiki.io/entity/Q3666,TSRA
https://climatekg.tibwiki.io/entity/Q35,Special Report: Climate Change and Land,https://climatekg.tibwiki.io/entity/Q2875,TSS
https://climatekg.tibwiki.io/entity/Q106,"Working Group II: Climate Change 2022 – Impacts, Adaptation and Vulnerability",https://climatekg.tibwiki.io/entity/Q3667,TSU
https://climatekg.tibwiki.io/entity/Q10,Special Report: Global Warming of 1.5°C,https://climatekg.tibwiki.io/entity/Q2589,TTs
https://climatekg.tibwiki.io/entity/Q106,"Working Group II: Climate Change 2022 – Impacts, Adaptation and Vulnerability",https://climatekg.tibwiki.io/entity/Q3668,TURFs
https://climatekg.tibwiki.io/entity/Q150,Working Group III: Climate Change 2022 – Mitigation of Climate Change,https://climatekg.tibwiki.io/entity/Q3977,TW
https://climatekg.tibwiki.io/entity/Q106,"Working Group II: Climate Change 2022 – Impacts, Adaptation and Vulnerability",https://climatekg.tibwiki.io/entity/Q3669,TWS
https://climatekg.tibwiki.io/entity/Q106,"Working Group II: Climate Change 2022 – Impacts, Adaptation and Vulnerability",https://climatekg.tibwiki.io/entity/Q3670,TWS-DSI
https://climatekg.tibwiki.io/entity/Q106,"Working Group II: Climate Change 2022 – Impacts, Adaptation and Vulnerability",https://climatekg.tibwiki.io/entity/Q3671,TWWHA
https://climatekg.tibwiki.io/entity/Q10,Special Report: Global Warming of 1.5°C,https://climatekg.tibwiki.io/entity/Q2590,TXx
https://climatekg.tibwiki.io/entity/Q35,Special Report: Climate Change and Land,https://climatekg.tibwiki.io/entity/Q2583,Tg
https://climatekg.tibwiki.io/entity/Q10,Special Report: Global Warming of 1.5°C,https://climatekg.tibwiki.io/entity/Q2583,Tg
https://climatekg.tibwiki.io/entity/Q77,Working Group I: Climate Change 2021 – The Physical Science Basis,https://climatekg.tibwiki.io/entity/Q2583,Tg
https://climatekg.tibwiki.io/entity/Q77,Working Group I: Climate Change 2021 – The Physical Science Basis,https://climatekg.tibwiki.io/entity/Q3301,ThSL
https://climatekg.tibwiki.io/entity/Q57,Special Report: The Ocean and Cryosphere in a Changing Climate,https://climatekg.tibwiki.io/entity/Q3004,ToE
https://climatekg.tibwiki.io/entity/Q77,Working Group I: Climate Change 2021 – The Physical Science Basis,https://climatekg.tibwiki.io/entity/Q3004,ToE
https://climatekg.tibwiki.io/entity/Q150,Working Group III: Climate Change 2022 – Mitigation of Climate Change,https://climatekg.tibwiki.io/entity/Q3973,TrC
https://climatekg.tibwiki.io/entity/Q10,Special Report: Global Warming of 1.5°C,https://climatekg.tibwiki.io/entity/Q2588,Tt
https://climatekg.tibwiki.io/entity/Q106,"Working Group II: Climate Change 2022 – Impacts, Adaptation and Vulnerability",https://climatekg.tibwiki.io/entity/Q3672,UA
https://climatekg.tibwiki.io/entity/Q77,Working Group I: Climate Change 2021 – The Physical Science Basis,https://climatekg.tibwiki.io/entity/Q3307,UAH
https://climatekg.tibwiki.io/entity/Q10,Special Report: Global Warming of 1.5°C,https://climatekg.tibwiki.io/entity/Q2591,UCCRN
https://climatekg.tibwiki.io/entity/Q106,"Working Group II: Climate Change 2022 – Impacts, Adaptation and Vulnerability",https://climatekg.tibwiki.io/entity/Q3673,UCDP
https://climatekg.tibwiki.io/entity/Q106,"Working Group II: Climate Change 2022 – Impacts, Adaptation and Vulnerability",https://climatekg.tibwiki.io/entity/Q3674,UCLG
https://climatekg.tibwiki.io/entity/Q150,Working Group III: Climate Change 2022 – Mitigation of Climate Change,https://climatekg.tibwiki.io/entity/Q3978,UF
https://climatekg.tibwiki.io/entity/Q35,Special Report: Climate Change and Land,https://climatekg.tibwiki.io/entity/Q2876,UGI
https://climatekg.tibwiki.io/entity/Q106,"Working Group II: Climate Change 2022 – Impacts, Adaptation and Vulnerability",https://climatekg.tibwiki.io/entity/Q3675,UHC
https://climatekg.tibwiki.io/entity/Q35,Special Report: Climate Change and Land,https://climatekg.tibwiki.io/entity/Q2592,UHI
https://climatekg.tibwiki.io/entity/Q10,Special Report: Global Warming of 1.5°C,https://climatekg.tibwiki.io/entity/Q2592,UHI
https://climatekg.tibwiki.io/entity/Q77,Working Group I: Climate Change 2021 – The Physical Science Basis,https://climatekg.tibwiki.io/entity/Q2592,UHI
https://climatekg.tibwiki.io/entity/Q106,"Working Group II: Climate Change 2022 – Impacts, Adaptation and Vulnerability",https://climatekg.tibwiki.io/entity/Q2592,UHI
https://climatekg.tibwiki.io/entity/Q150,Working Group III: Climate Change 2022 – Mitigation of Climate Change,https://climatekg.tibwiki.io/entity/Q2592,UHI
https://climatekg.tibwiki.io/entity/Q10,Special Report: Global Warming of 1.5°C,https://climatekg.tibwiki.io/entity/Q2593,UITP
https://climatekg.tibwiki.io/entity/Q150,Working Group III: Climate Change 2022 – Mitigation of Climate Change,https://climatekg.tibwiki.io/entity/Q3979,UKCCC
https://climatekg.tibwiki.io/entity/Q10,Special Report: Global Warming of 1.5°C,https://climatekg.tibwiki.io/entity/Q2594,UKCP
https://climatekg.tibwiki.io/entity/Q150,Working Group III: Climate Change 2022 – Mitigation of Climate Change,https://climatekg.tibwiki.io/entity/Q3980,ULCS
https://climatekg.tibwiki.io/entity/Q10,Special Report: Global Warming of 1.5°C,https://climatekg.tibwiki.io/entity/Q2595,UN
https://climatekg.tibwiki.io/entity/Q77,Working Group I: Climate Change 2021 – The Physical Science Basis,https://climatekg.tibwiki.io/entity/Q2595,UN
https://climatekg.tibwiki.io/entity/Q106,"Working Group II: Climate Change 2022 – Impacts, Adaptation and Vulnerability",https://climatekg.tibwiki.io/entity/Q2595,UN
https://climatekg.tibwiki.io/entity/Q10,Special Report: Global Warming of 1.5°C,https://climatekg.tibwiki.io/entity/Q2596,UN DESA
https://climatekg.tibwiki.io/entity/Q35,Special Report: Climate Change and Land,https://climatekg.tibwiki.io/entity/Q2880,UN-EMG
https://climatekg.tibwiki.io/entity/Q10,Special Report: Global Warming of 1.5°C,https://climatekg.tibwiki.io/entity/Q2606,UN-OHRLLS
https://climatekg.tibwiki.io/entity/Q35,Special Report: Climate Change and Land,https://climatekg.tibwiki.io/entity/Q2882,UN-REDD
https://climatekg.tibwiki.io/entity/Q35,Special Report: Climate Change and Land,https://climatekg.tibwiki.io/entity/Q2597,UNCBD
https://climatekg.tibwiki.io/entity/Q10,Special Report: Global Warming of 1.5°C,https://climatekg.tibwiki.io/entity/Q2597,UNCBD
https://climatekg.tibwiki.io/entity/Q35,Special Report: Climate Change and Land,https://climatekg.tibwiki.io/entity/Q2877,UNCCD
https://climatekg.tibwiki.io/entity/Q106,"Working Group II: Climate Change 2022 – Impacts, Adaptation and Vulnerability",https://climatekg.tibwiki.io/entity/Q2877,UNCCD
https://climatekg.tibwiki.io/entity/Q150,Working Group III: Climate Change 2022 – Mitigation of Climate Change,https://climatekg.tibwiki.io/entity/Q2877,UNCCD
https://climatekg.tibwiki.io/entity/Q35,Special Report: Climate Change and Land,https://climatekg.tibwiki.io/entity/Q2878,UNCED
https://climatekg.tibwiki.io/entity/Q57,Special Report: The Ocean and Cryosphere in a Changing Climate,https://climatekg.tibwiki.io/entity/Q3005,UNCLOS
https://climatekg.tibwiki.io/entity/Q150,Working Group III: Climate Change 2022 – Mitigation of Climate Change,https://climatekg.tibwiki.io/entity/Q3981,UNCRD
https://climatekg.tibwiki.io/entity/Q35,Special Report: Climate Change and Land,https://climatekg.tibwiki.io/entity/Q2879,UNCTAD
https://climatekg.tibwiki.io/entity/Q35,Special Report: Climate Change and Land,https://climatekg.tibwiki.io/entity/Q2598,UNDP
https://climatekg.tibwiki.io/entity/Q10,Special Report: Global Warming of 1.5°C,https://climatekg.tibwiki.io/entity/Q2598,UNDP
https://climatekg.tibwiki.io/entity/Q106,"Working Group II: Climate Change 2022 – Impacts, Adaptation and Vulnerability",https://climatekg.tibwiki.io/entity/Q2598,UNDP
https://climatekg.tibwiki.io/entity/Q150,Working Group III: Climate Change 2022 – Mitigation of Climate Change,https://climatekg.tibwiki.io/entity/Q2598,UNDP
https://climatekg.tibwiki.io/entity/Q35,Special Report: Climate Change and Land,https://climatekg.tibwiki.io/entity/Q2599,UNEP
https://climatekg.tibwiki.io/entity/Q10,Special Report: Global Warming of 1.5°C,https://climatekg.tibwiki.io/entity/Q2599,UNEP
https://climatekg.tibwiki.io/entity/Q57,Special Report: The Ocean and Cryosphere in a Changing Climate,https://climatekg.tibwiki.io/entity/Q2599,UNEP
https://climatekg.tibwiki.io/entity/Q77,Working Group I: Climate Change 2021 – The Physical Science Basis,https://climatekg.tibwiki.io/entity/Q2599,UNEP
https://climatekg.tibwiki.io/entity/Q106,"Working Group II: Climate Change 2022 – Impacts, Adaptation and Vulnerability",https://climatekg.tibwiki.io/entity/Q2599,UNEP
https://climatekg.tibwiki.io/entity/Q150,Working Group III: Climate Change 2022 – Mitigation of Climate Change,https://climatekg.tibwiki.io/entity/Q2599,UNEP
https://climatekg.tibwiki.io/entity/Q35,Special Report: Climate Change and Land,https://climatekg.tibwiki.io/entity/Q2881,UNEP-GEF
https://climatekg.tibwiki.io/entity/Q10,Special Report: Global Warming of 1.5°C,https://climatekg.tibwiki.io/entity/Q2600,UNEP-WCMC
https://climatekg.tibwiki.io/entity/Q10,Special Report: Global Warming of 1.5°C,https://climatekg.tibwiki.io/entity/Q2601,UNESCO
https://climatekg.tibwiki.io/entity/Q106,"Working Group II: Climate Change 2022 – Impacts, Adaptation and Vulnerability",https://climatekg.tibwiki.io/entity/Q2601,UNESCO
https://climatekg.tibwiki.io/entity/Q189,"Climate Change 2023: Synthesis Report. Contribution of Working Groups I, II and III to the Sixth Assessment Report of the Intergovernmental Panel on Climate Change",https://climatekg.tibwiki.io/entity/Q2602,UNFCCC
https://climatekg.tibwiki.io/entity/Q35,Special Report: Climate Change and Land,https://climatekg.tibwiki.io/entity/Q2602,UNFCCC
https://climatekg.tibwiki.io/entity/Q10,Special Report: Global Warming of 1.5°C,https://climatekg.tibwiki.io/entity/Q2602,UNFCCC
https://climatekg.tibwiki.io/entity/Q57,Special Report: The Ocean and Cryosphere in a Changing Climate,https://climatekg.tibwiki.io/entity/Q2602,UNFCCC
https://climatekg.tibwiki.io/entity/Q77,Working Group I: Climate Change 2021 – The Physical Science Basis,https://climatekg.tibwiki.io/entity/Q2602,UNFCCC
https://climatekg.tibwiki.io/entity/Q106,"Working Group II: Climate Change 2022 – Impacts, Adaptation and Vulnerability",https://climatekg.tibwiki.io/entity/Q2602,UNFCCC
https://climatekg.tibwiki.io/entity/Q150,Working Group III: Climate Change 2022 – Mitigation of Climate Change,https://climatekg.tibwiki.io/entity/Q2602,UNFCCC
https://climatekg.tibwiki.io/entity/Q10,Special Report: Global Warming of 1.5°C,https://climatekg.tibwiki.io/entity/Q2603,UNGA
https://climatekg.tibwiki.io/entity/Q106,"Working Group II: Climate Change 2022 – Impacts, Adaptation and Vulnerability",https://climatekg.tibwiki.io/entity/Q3676,UNHCR
https://climatekg.tibwiki.io/entity/Q35,Special Report: Climate Change and Land,https://climatekg.tibwiki.io/entity/Q2604,UNICEF
https://climatekg.tibwiki.io/entity/Q10,Special Report: Global Warming of 1.5°C,https://climatekg.tibwiki.io/entity/Q2604,UNICEF
https://climatekg.tibwiki.io/entity/Q106,"Working Group II: Climate Change 2022 – Impacts, Adaptation and Vulnerability",https://climatekg.tibwiki.io/entity/Q2604,UNICEF
https://climatekg.tibwiki.io/entity/Q35,Special Report: Climate Change and Land,https://climatekg.tibwiki.io/entity/Q2605,UNISDR
https://climatekg.tibwiki.io/entity/Q10,Special Report: Global Warming of 1.5°C,https://climatekg.tibwiki.io/entity/Q2605,UNISDR
https://climatekg.tibwiki.io/entity/Q150,Working Group III: Climate Change 2022 – Mitigation of Climate Change,https://climatekg.tibwiki.io/entity/Q3982,UNOSSC
https://climatekg.tibwiki.io/entity/Q10,Special Report: Global Warming of 1.5°C,https://climatekg.tibwiki.io/entity/Q2607,UNRISD
https://climatekg.tibwiki.io/entity/Q10,Special Report: Global Warming of 1.5°C,https://climatekg.tibwiki.io/entity/Q2608,UNSCEAR
https://climatekg.tibwiki.io/entity/Q10,Special Report: Global Warming of 1.5°C,https://climatekg.tibwiki.io/entity/Q2609,UNU
https://climatekg.tibwiki.io/entity/Q10,Special Report: Global Warming of 1.5°C,https://climatekg.tibwiki.io/entity/Q2610,UNU-EHS
https://climatekg.tibwiki.io/entity/Q106,"Working Group II: Climate Change 2022 – Impacts, Adaptation and Vulnerability",https://climatekg.tibwiki.io/entity/Q3677,UPA
https://climatekg.tibwiki.io/entity/Q35,Special Report: Climate Change and Land,https://climatekg.tibwiki.io/entity/Q2883,UPAF
https://climatekg.tibwiki.io/entity/Q57,Special Report: The Ocean and Cryosphere in a Changing Climate,https://climatekg.tibwiki.io/entity/Q3006,UQ
https://climatekg.tibwiki.io/entity/Q150,Working Group III: Climate Change 2022 – Mitigation of Climate Change,https://climatekg.tibwiki.io/entity/Q3983,US DOE
https://climatekg.tibwiki.io/entity/Q150,Working Group III: Climate Change 2022 – Mitigation of Climate Change,https://climatekg.tibwiki.io/entity/Q3984,US EPA
https://climatekg.tibwiki.io/entity/Q35,Special Report: Climate Change and Land,https://climatekg.tibwiki.io/entity/Q2884,USAID
https://climatekg.tibwiki.io/entity/Q106,"Working Group II: Climate Change 2022 – Impacts, Adaptation and Vulnerability",https://climatekg.tibwiki.io/entity/Q2884,USAID
https://climatekg.tibwiki.io/entity/Q189,"Climate Change 2023: Synthesis Report. Contribution of Working Groups I, II and III to the Sixth Assessment Report of the Intergovernmental Panel on Climate Change",https://climatekg.tibwiki.io/entity/Q2611,USD
https://climatekg.tibwiki.io/entity/Q35,Special Report: Climate Change and Land,https://climatekg.tibwiki.io/entity/Q2611,USD
https://climatekg.tibwiki.io/entity/Q10,Special Report: Global Warming of 1.5°C,https://climatekg.tibwiki.io/entity/Q2611,USD
https://climatekg.tibwiki.io/entity/Q106,"Working Group II: Climate Change 2022 – Impacts, Adaptation and Vulnerability",https://climatekg.tibwiki.io/entity/Q2611,USD
https://climatekg.tibwiki.io/entity/Q150,Working Group III: Climate Change 2022 – Mitigation of Climate Change,https://climatekg.tibwiki.io/entity/Q2611,USD
https://climatekg.tibwiki.io/entity/Q35,Special Report: Climate Change and Land,https://climatekg.tibwiki.io/entity/Q2885,USDA
https://climatekg.tibwiki.io/entity/Q35,Special Report: Climate Change and Land,https://climatekg.tibwiki.io/entity/Q2886,USEPA
https://climatekg.tibwiki.io/entity/Q106,"Working Group II: Climate Change 2022 – Impacts, Adaptation and Vulnerability",https://climatekg.tibwiki.io/entity/Q3678,USGS
https://climatekg.tibwiki.io/entity/Q35,Special Report: Climate Change and Land,https://climatekg.tibwiki.io/entity/Q2887,UTFI
https://climatekg.tibwiki.io/entity/Q77,Working Group I: Climate Change 2021 – The Physical Science Basis,https://climatekg.tibwiki.io/entity/Q3308,UTLS
https://climatekg.tibwiki.io/entity/Q35,Special Report: Climate Change and Land,https://climatekg.tibwiki.io/entity/Q2612,UV
https://climatekg.tibwiki.io/entity/Q10,Special Report: Global Warming of 1.5°C,https://climatekg.tibwiki.io/entity/Q2612,UV
https://climatekg.tibwiki.io/entity/Q77,Working Group I: Climate Change 2021 – The Physical Science Basis,https://climatekg.tibwiki.io/entity/Q2612,UV
https://climatekg.tibwiki.io/entity/Q150,Working Group III: Climate Change 2022 – Mitigation of Climate Change,https://climatekg.tibwiki.io/entity/Q2612,UV
https://climatekg.tibwiki.io/entity/Q77,Working Group I: Climate Change 2021 – The Physical Science Basis,https://climatekg.tibwiki.io/entity/Q3309,UVic ESCM
https://climatekg.tibwiki.io/entity/Q106,"Working Group II: Climate Change 2022 – Impacts, Adaptation and Vulnerability",https://climatekg.tibwiki.io/entity/Q3679,V
https://climatekg.tibwiki.io/entity/Q150,Working Group III: Climate Change 2022 – Mitigation of Climate Change,https://climatekg.tibwiki.io/entity/Q3985,V1G
https://climatekg.tibwiki.io/entity/Q150,Working Group III: Climate Change 2022 – Mitigation of Climate Change,https://climatekg.tibwiki.io/entity/Q3986,V2G
https://climatekg.tibwiki.io/entity/Q106,"Working Group II: Climate Change 2022 – Impacts, Adaptation and Vulnerability",https://climatekg.tibwiki.io/entity/Q3681,VBD
https://climatekg.tibwiki.io/entity/Q150,Working Group III: Climate Change 2022 – Mitigation of Climate Change,https://climatekg.tibwiki.io/entity/Q3987,VC
https://climatekg.tibwiki.io/entity/Q150,Working Group III: Climate Change 2022 – Mitigation of Climate Change,https://climatekg.tibwiki.io/entity/Q3988,VCS
https://climatekg.tibwiki.io/entity/Q106,"Working Group II: Climate Change 2022 – Impacts, Adaptation and Vulnerability",https://climatekg.tibwiki.io/entity/Q3682,VF
https://climatekg.tibwiki.io/entity/Q35,Special Report: Climate Change and Land,https://climatekg.tibwiki.io/entity/Q2888,VGGT
https://climatekg.tibwiki.io/entity/Q10,Special Report: Global Warming of 1.5°C,https://climatekg.tibwiki.io/entity/Q2613,VISIT
https://climatekg.tibwiki.io/entity/Q10,Special Report: Global Warming of 1.5°C,https://climatekg.tibwiki.io/entity/Q2614,VKT
https://climatekg.tibwiki.io/entity/Q150,Working Group III: Climate Change 2022 – Mitigation of Climate Change,https://climatekg.tibwiki.io/entity/Q2614,VKT
https://climatekg.tibwiki.io/entity/Q57,Special Report: The Ocean and Cryosphere in a Changing Climate,https://climatekg.tibwiki.io/entity/Q3007,VLM
https://climatekg.tibwiki.io/entity/Q77,Working Group I: Climate Change 2021 – The Physical Science Basis,https://climatekg.tibwiki.io/entity/Q3007,VLM
https://climatekg.tibwiki.io/entity/Q150,Working Group III: Climate Change 2022 – Mitigation of Climate Change,https://climatekg.tibwiki.io/entity/Q3990,VLR
https://climatekg.tibwiki.io/entity/Q150,Working Group III: Climate Change 2022 – Mitigation of Climate Change,https://climatekg.tibwiki.io/entity/Q3991,VMT
https://climatekg.tibwiki.io/entity/Q150,Working Group III: Climate Change 2022 – Mitigation of Climate Change,https://climatekg.tibwiki.io/entity/Q3992,VNR
https://climatekg.tibwiki.io/entity/Q35,Special Report: Climate Change and Land,https://climatekg.tibwiki.io/entity/Q2889,VOC
https://climatekg.tibwiki.io/entity/Q77,Working Group I: Climate Change 2021 – The Physical Science Basis,https://climatekg.tibwiki.io/entity/Q2889,VOC
https://climatekg.tibwiki.io/entity/Q106,"Working Group II: Climate Change 2022 – Impacts, Adaptation and Vulnerability",https://climatekg.tibwiki.io/entity/Q2889,VOC
https://climatekg.tibwiki.io/entity/Q10,Special Report: Global Warming of 1.5°C,https://climatekg.tibwiki.io/entity/Q2615,VOCs
https://climatekg.tibwiki.io/entity/Q35,Special Report: Climate Change and Land,https://climatekg.tibwiki.io/entity/Q2890,VOD
https://climatekg.tibwiki.io/entity/Q106,"Working Group II: Climate Change 2022 – Impacts, Adaptation and Vulnerability",https://climatekg.tibwiki.io/entity/Q2890,VOD
https://climatekg.tibwiki.io/entity/Q106,"Working Group II: Climate Change 2022 – Impacts, Adaptation and Vulnerability",https://climatekg.tibwiki.io/entity/Q3684,VPA
https://climatekg.tibwiki.io/entity/Q77,Working Group I: Climate Change 2021 – The Physical Science Basis,https://climatekg.tibwiki.io/entity/Q3310,VPD
https://climatekg.tibwiki.io/entity/Q106,"Working Group II: Climate Change 2022 – Impacts, Adaptation and Vulnerability",https://climatekg.tibwiki.io/entity/Q3310,VPD
https://climatekg.tibwiki.io/entity/Q106,"Working Group II: Climate Change 2022 – Impacts, Adaptation and Vulnerability",https://climatekg.tibwiki.io/entity/Q3685,VRES
https://climatekg.tibwiki.io/entity/Q77,Working Group I: Climate Change 2021 – The Physical Science Basis,https://climatekg.tibwiki.io/entity/Q3311,VSLS
https://climatekg.tibwiki.io/entity/Q106,"Working Group II: Climate Change 2022 – Impacts, Adaptation and Vulnerability",https://climatekg.tibwiki.io/entity/Q3680,VaR
https://climatekg.tibwiki.io/entity/Q106,"Working Group II: Climate Change 2022 – Impacts, Adaptation and Vulnerability",https://climatekg.tibwiki.io/entity/Q3683,VoCC
https://climatekg.tibwiki.io/entity/Q35,Special Report: Climate Change and Land,https://climatekg.tibwiki.io/entity/Q2619,W
https://climatekg.tibwiki.io/entity/Q10,Special Report: Global Warming of 1.5°C,https://climatekg.tibwiki.io/entity/Q2619,W
https://climatekg.tibwiki.io/entity/Q106,"Working Group II: Climate Change 2022 – Impacts, Adaptation and Vulnerability",https://climatekg.tibwiki.io/entity/Q2619,W
https://climatekg.tibwiki.io/entity/Q35,Special Report: Climate Change and Land,https://climatekg.tibwiki.io/entity/Q2620,WAF
https://climatekg.tibwiki.io/entity/Q10,Special Report: Global Warming of 1.5°C,https://climatekg.tibwiki.io/entity/Q2620,WAF
https://climatekg.tibwiki.io/entity/Q77,Working Group I: Climate Change 2021 – The Physical Science Basis,https://climatekg.tibwiki.io/entity/Q2620,WAF
https://climatekg.tibwiki.io/entity/Q10,Special Report: Global Warming of 1.5°C,https://climatekg.tibwiki.io/entity/Q2621,WAIS
https://climatekg.tibwiki.io/entity/Q57,Special Report: The Ocean and Cryosphere in a Changing Climate,https://climatekg.tibwiki.io/entity/Q2621,WAIS
https://climatekg.tibwiki.io/entity/Q77,Working Group I: Climate Change 2021 – The Physical Science Basis,https://climatekg.tibwiki.io/entity/Q2621,WAIS
https://climatekg.tibwiki.io/entity/Q106,"Working Group II: Climate Change 2022 – Impacts, Adaptation and Vulnerability",https://climatekg.tibwiki.io/entity/Q2621,WAIS
https://climatekg.tibwiki.io/entity/Q77,Working Group I: Climate Change 2021 – The Physical Science Basis,https://climatekg.tibwiki.io/entity/Q3313,WAN
https://climatekg.tibwiki.io/entity/Q10,Special Report: Global Warming of 1.5°C,https://climatekg.tibwiki.io/entity/Q2622,WAS
https://climatekg.tibwiki.io/entity/Q106,"Working Group II: Climate Change 2022 – Impacts, Adaptation and Vulnerability",https://climatekg.tibwiki.io/entity/Q3686,WASCAL
https://climatekg.tibwiki.io/entity/Q106,"Working Group II: Climate Change 2022 – Impacts, Adaptation and Vulnerability",https://climatekg.tibwiki.io/entity/Q3687,WASH
https://climatekg.tibwiki.io/entity/Q77,Working Group I: Climate Change 2021 – The Physical Science Basis,https://climatekg.tibwiki.io/entity/Q3312,WAfriM
https://climatekg.tibwiki.io/entity/Q35,Special Report: Climate Change and Land,https://climatekg.tibwiki.io/entity/Q2892,WBA
https://climatekg.tibwiki.io/entity/Q57,Special Report: The Ocean and Cryosphere in a Changing Climate,https://climatekg.tibwiki.io/entity/Q3008,WBC
https://climatekg.tibwiki.io/entity/Q77,Working Group I: Climate Change 2021 – The Physical Science Basis,https://climatekg.tibwiki.io/entity/Q3008,WBC
https://climatekg.tibwiki.io/entity/Q35,Special Report: Climate Change and Land,https://climatekg.tibwiki.io/entity/Q2623,WBCSD
https://climatekg.tibwiki.io/entity/Q10,Special Report: Global Warming of 1.5°C,https://climatekg.tibwiki.io/entity/Q2623,WBCSD
https://climatekg.tibwiki.io/entity/Q150,Working Group III: Climate Change 2022 – Mitigation of Climate Change,https://climatekg.tibwiki.io/entity/Q2623,WBCSD
https://climatekg.tibwiki.io/entity/Q106,"Working Group II: Climate Change 2022 – Impacts, Adaptation and Vulnerability",https://climatekg.tibwiki.io/entity/Q3688,WBD
https://climatekg.tibwiki.io/entity/Q77,Working Group I: Climate Change 2021 – The Physical Science Basis,https://climatekg.tibwiki.io/entity/Q3314,WBGT
https://climatekg.tibwiki.io/entity/Q10,Special Report: Global Warming of 1.5°C,https://climatekg.tibwiki.io/entity/Q2624,WBGU
https://climatekg.tibwiki.io/entity/Q10,Special Report: Global Warming of 1.5°C,https://climatekg.tibwiki.io/entity/Q2625,WBM
https://climatekg.tibwiki.io/entity/Q77,Working Group I: Climate Change 2021 – The Physical Science Basis,https://climatekg.tibwiki.io/entity/Q3315,WC
https://climatekg.tibwiki.io/entity/Q77,Working Group I: Climate Change 2021 – The Physical Science Basis,https://climatekg.tibwiki.io/entity/Q3316,WCA
https://climatekg.tibwiki.io/entity/Q106,"Working Group II: Climate Change 2022 – Impacts, Adaptation and Vulnerability",https://climatekg.tibwiki.io/entity/Q3316,WCA
https://climatekg.tibwiki.io/entity/Q77,Working Group I: Climate Change 2021 – The Physical Science Basis,https://climatekg.tibwiki.io/entity/Q3317,WCE
https://climatekg.tibwiki.io/entity/Q106,"Working Group II: Climate Change 2022 – Impacts, Adaptation and Vulnerability",https://climatekg.tibwiki.io/entity/Q3317,WCE
https://climatekg.tibwiki.io/entity/Q10,Special Report: Global Warming of 1.5°C,https://climatekg.tibwiki.io/entity/Q2626,WCED
https://climatekg.tibwiki.io/entity/Q10,Special Report: Global Warming of 1.5°C,https://climatekg.tibwiki.io/entity/Q2627,WCRP
https://climatekg.tibwiki.io/entity/Q77,Working Group I: Climate Change 2021 – The Physical Science Basis,https://climatekg.tibwiki.io/entity/Q2627,WCRP
https://climatekg.tibwiki.io/entity/Q106,"Working Group II: Climate Change 2022 – Impacts, Adaptation and Vulnerability",https://climatekg.tibwiki.io/entity/Q2627,WCRP
https://climatekg.tibwiki.io/entity/Q35,Special Report: Climate Change and Land,https://climatekg.tibwiki.io/entity/Q2628,WEC
https://climatekg.tibwiki.io/entity/Q10,Special Report: Global Warming of 1.5°C,https://climatekg.tibwiki.io/entity/Q2628,WEC
https://climatekg.tibwiki.io/entity/Q35,Special Report: Climate Change and Land,https://climatekg.tibwiki.io/entity/Q2629,WEF
https://climatekg.tibwiki.io/entity/Q10,Special Report: Global Warming of 1.5°C,https://climatekg.tibwiki.io/entity/Q2629,WEF
https://climatekg.tibwiki.io/entity/Q106,"Working Group II: Climate Change 2022 – Impacts, Adaptation and Vulnerability",https://climatekg.tibwiki.io/entity/Q2629,WEF
https://climatekg.tibwiki.io/entity/Q150,Working Group III: Climate Change 2022 – Mitigation of Climate Change,https://climatekg.tibwiki.io/entity/Q3993,WEFN
https://climatekg.tibwiki.io/entity/Q10,Special Report: Global Warming of 1.5°C,https://climatekg.tibwiki.io/entity/Q2630,WEM
https://climatekg.tibwiki.io/entity/Q106,"Working Group II: Climate Change 2022 – Impacts, Adaptation and Vulnerability",https://climatekg.tibwiki.io/entity/Q3689,WEMA
https://climatekg.tibwiki.io/entity/Q35,Special Report: Climate Change and Land,https://climatekg.tibwiki.io/entity/Q2631,WEO
https://climatekg.tibwiki.io/entity/Q10,Special Report: Global Warming of 1.5°C,https://climatekg.tibwiki.io/entity/Q2631,WEO
https://climatekg.tibwiki.io/entity/Q150,Working Group III: Climate Change 2022 – Mitigation of Climate Change,https://climatekg.tibwiki.io/entity/Q2631,WEO
https://climatekg.tibwiki.io/entity/Q35,Special Report: Climate Change and Land,https://climatekg.tibwiki.io/entity/Q2893,WEPP
https://climatekg.tibwiki.io/entity/Q35,Special Report: Climate Change and Land,https://climatekg.tibwiki.io/entity/Q2894,WET
https://climatekg.tibwiki.io/entity/Q106,"Working Group II: Climate Change 2022 – Impacts, Adaptation and Vulnerability",https://climatekg.tibwiki.io/entity/Q3690,WEU
https://climatekg.tibwiki.io/entity/Q35,Special Report: Climate Change and Land,https://climatekg.tibwiki.io/entity/Q2632,WFP
https://climatekg.tibwiki.io/entity/Q10,Special Report: Global Warming of 1.5°C,https://climatekg.tibwiki.io/entity/Q2632,WFP
https://climatekg.tibwiki.io/entity/Q150,Working Group III: Climate Change 2022 – Mitigation of Climate Change,https://climatekg.tibwiki.io/entity/Q2632,WFP
https://climatekg.tibwiki.io/entity/Q189,"Climate Change 2023: Synthesis Report. Contribution of Working Groups I, II and III to the Sixth Assessment Report of the Intergovernmental Panel on Climate Change",https://climatekg.tibwiki.io/entity/Q3036,WG
https://climatekg.tibwiki.io/entity/Q77,Working Group I: Climate Change 2021 – The Physical Science Basis,https://climatekg.tibwiki.io/entity/Q3036,WG
https://climatekg.tibwiki.io/entity/Q150,Working Group III: Climate Change 2022 – Mitigation of Climate Change,https://climatekg.tibwiki.io/entity/Q3036,WG
https://climatekg.tibwiki.io/entity/Q189,"Climate Change 2023: Synthesis Report. Contribution of Working Groups I, II and III to the Sixth Assessment Report of the Intergovernmental Panel on Climate Change",https://climatekg.tibwiki.io/entity/Q2633,WGI
https://climatekg.tibwiki.io/entity/Q35,Special Report: Climate Change and Land,https://climatekg.tibwiki.io/entity/Q2633,WGI
https://climatekg.tibwiki.io/entity/Q10,Special Report: Global Warming of 1.5°C,https://climatekg.tibwiki.io/entity/Q2633,WGI
https://climatekg.tibwiki.io/entity/Q57,Special Report: The Ocean and Cryosphere in a Changing Climate,https://climatekg.tibwiki.io/entity/Q2633,WGI
https://climatekg.tibwiki.io/entity/Q106,"Working Group II: Climate Change 2022 – Impacts, Adaptation and Vulnerability",https://climatekg.tibwiki.io/entity/Q2633,WGI
https://climatekg.tibwiki.io/entity/Q189,"Climate Change 2023: Synthesis Report. Contribution of Working Groups I, II and III to the Sixth Assessment Report of the Intergovernmental Panel on Climate Change",https://climatekg.tibwiki.io/entity/Q2634,WGII
https://climatekg.tibwiki.io/entity/Q35,Special Report: Climate Change and Land,https://climatekg.tibwiki.io/entity/Q2634,WGII
https://climatekg.tibwiki.io/entity/Q10,Special Report: Global Warming of 1.5°C,https://climatekg.tibwiki.io/entity/Q2634,WGII
https://climatekg.tibwiki.io/entity/Q57,Special Report: The Ocean and Cryosphere in a Changing Climate,https://climatekg.tibwiki.io/entity/Q2634,WGII
https://climatekg.tibwiki.io/entity/Q106,"Working Group II: Climate Change 2022 – Impacts, Adaptation and Vulnerability",https://climatekg.tibwiki.io/entity/Q2634,WGII
https://climatekg.tibwiki.io/entity/Q189,"Climate Change 2023: Synthesis Report. Contribution of Working Groups I, II and III to the Sixth Assessment Report of the Intergovernmental Panel on Climate Change",https://climatekg.tibwiki.io/entity/Q2635,WGIII
https://climatekg.tibwiki.io/entity/Q35,Special Report: Climate Change and Land,https://climatekg.tibwiki.io/entity/Q2635,WGIII
https://climatekg.tibwiki.io/entity/Q10,Special Report: Global Warming of 1.5°C,https://climatekg.tibwiki.io/entity/Q2635,WGIII
https://climatekg.tibwiki.io/entity/Q106,"Working Group II: Climate Change 2022 – Impacts, Adaptation and Vulnerability",https://climatekg.tibwiki.io/entity/Q2635,WGIII
https://climatekg.tibwiki.io/entity/Q57,Special Report: The Ocean and Cryosphere in a Changing Climate,https://climatekg.tibwiki.io/entity/Q3009,WGMS
https://climatekg.tibwiki.io/entity/Q106,"Working Group II: Climate Change 2022 – Impacts, Adaptation and Vulnerability",https://climatekg.tibwiki.io/entity/Q3691,WGWDGD
https://climatekg.tibwiki.io/entity/Q189,"Climate Change 2023: Synthesis Report. Contribution of Working Groups I, II and III to the Sixth Assessment Report of the Intergovernmental Panel on Climate Change",https://climatekg.tibwiki.io/entity/Q2636,WHO
https://climatekg.tibwiki.io/entity/Q35,Special Report: Climate Change and Land,https://climatekg.tibwiki.io/entity/Q2636,WHO
https://climatekg.tibwiki.io/entity/Q10,Special Report: Global Warming of 1.5°C,https://climatekg.tibwiki.io/entity/Q2636,WHO
https://climatekg.tibwiki.io/entity/Q77,Working Group I: Climate Change 2021 – The Physical Science Basis,https://climatekg.tibwiki.io/entity/Q2636,WHO
https://climatekg.tibwiki.io/entity/Q106,"Working Group II: Climate Change 2022 – Impacts, Adaptation and Vulnerability",https://climatekg.tibwiki.io/entity/Q2636,WHO
https://climatekg.tibwiki.io/entity/Q150,Working Group III: Climate Change 2022 – Mitigation of Climate Change,https://climatekg.tibwiki.io/entity/Q2636,WHO
https://climatekg.tibwiki.io/entity/Q150,Working Group III: Climate Change 2022 – Mitigation of Climate Change,https://climatekg.tibwiki.io/entity/Q3994,WHP
https://climatekg.tibwiki.io/entity/Q189,"Climate Change 2023: Synthesis Report. Contribution of Working Groups I, II and III to the Sixth Assessment Report of the Intergovernmental Panel on Climate Change",https://climatekg.tibwiki.io/entity/Q2637,WIM
https://climatekg.tibwiki.io/entity/Q10,Special Report: Global Warming of 1.5°C,https://climatekg.tibwiki.io/entity/Q2637,WIM
https://climatekg.tibwiki.io/entity/Q106,"Working Group II: Climate Change 2022 – Impacts, Adaptation and Vulnerability",https://climatekg.tibwiki.io/entity/Q2637,WIM
https://climatekg.tibwiki.io/entity/Q10,Special Report: Global Warming of 1.5°C,https://climatekg.tibwiki.io/entity/Q2638,WIO
https://climatekg.tibwiki.io/entity/Q10,Special Report: Global Warming of 1.5°C,https://climatekg.tibwiki.io/entity/Q2639,WITCH
https://climatekg.tibwiki.io/entity/Q77,Working Group I: Climate Change 2021 – The Physical Science Basis,https://climatekg.tibwiki.io/entity/Q3318,WMGHG
https://climatekg.tibwiki.io/entity/Q10,Special Report: Global Warming of 1.5°C,https://climatekg.tibwiki.io/entity/Q2640,WMGHGs
https://climatekg.tibwiki.io/entity/Q35,Special Report: Climate Change and Land,https://climatekg.tibwiki.io/entity/Q2641,WMO
https://climatekg.tibwiki.io/entity/Q10,Special Report: Global Warming of 1.5°C,https://climatekg.tibwiki.io/entity/Q2641,WMO
https://climatekg.tibwiki.io/entity/Q77,Working Group I: Climate Change 2021 – The Physical Science Basis,https://climatekg.tibwiki.io/entity/Q2641,WMO
https://climatekg.tibwiki.io/entity/Q106,"Working Group II: Climate Change 2022 – Impacts, Adaptation and Vulnerability",https://climatekg.tibwiki.io/entity/Q2641,WMO
https://climatekg.tibwiki.io/entity/Q150,Working Group III: Climate Change 2022 – Mitigation of Climate Change,https://climatekg.tibwiki.io/entity/Q2641,WMO
https://climatekg.tibwiki.io/entity/Q10,Special Report: Global Warming of 1.5°C,https://climatekg.tibwiki.io/entity/Q2642,WNA
https://climatekg.tibwiki.io/entity/Q77,Working Group I: Climate Change 2021 – The Physical Science Basis,https://climatekg.tibwiki.io/entity/Q2642,WNA
https://climatekg.tibwiki.io/entity/Q106,"Working Group II: Climate Change 2022 – Impacts, Adaptation and Vulnerability",https://climatekg.tibwiki.io/entity/Q3692,WNF
https://climatekg.tibwiki.io/entity/Q77,Working Group I: Climate Change 2021 – The Physical Science Basis,https://climatekg.tibwiki.io/entity/Q3319,WNP
https://climatekg.tibwiki.io/entity/Q77,Working Group I: Climate Change 2021 – The Physical Science Basis,https://climatekg.tibwiki.io/entity/Q3320,WOA18
https://climatekg.tibwiki.io/entity/Q35,Special Report: Climate Change and Land,https://climatekg.tibwiki.io/entity/Q2895,WOCAT
https://climatekg.tibwiki.io/entity/Q150,Working Group III: Climate Change 2022 – Mitigation of Climate Change,https://climatekg.tibwiki.io/entity/Q3995,WRAP
https://climatekg.tibwiki.io/entity/Q10,Special Report: Global Warming of 1.5°C,https://climatekg.tibwiki.io/entity/Q2643,WRF
https://climatekg.tibwiki.io/entity/Q35,Special Report: Climate Change and Land,https://climatekg.tibwiki.io/entity/Q2896,WRI
https://climatekg.tibwiki.io/entity/Q10,Special Report: Global Warming of 1.5°C,https://climatekg.tibwiki.io/entity/Q2644,WSA
https://climatekg.tibwiki.io/entity/Q106,"Working Group II: Climate Change 2022 – Impacts, Adaptation and Vulnerability",https://climatekg.tibwiki.io/entity/Q3693,WSAA
https://climatekg.tibwiki.io/entity/Q77,Working Group I: Climate Change 2021 – The Physical Science Basis,https://climatekg.tibwiki.io/entity/Q3321,WSAF
https://climatekg.tibwiki.io/entity/Q106,"Working Group II: Climate Change 2022 – Impacts, Adaptation and Vulnerability",https://climatekg.tibwiki.io/entity/Q3321,WSAF
https://climatekg.tibwiki.io/entity/Q77,Working Group I: Climate Change 2021 – The Physical Science Basis,https://climatekg.tibwiki.io/entity/Q3322,WSB
https://climatekg.tibwiki.io/entity/Q10,Special Report: Global Warming of 1.5°C,https://climatekg.tibwiki.io/entity/Q2645,WSDI
https://climatekg.tibwiki.io/entity/Q106,"Working Group II: Climate Change 2022 – Impacts, Adaptation and Vulnerability",https://climatekg.tibwiki.io/entity/Q3694,WSI
https://climatekg.tibwiki.io/entity/Q35,Special Report: Climate Change and Land,https://climatekg.tibwiki.io/entity/Q2897,WSOA
https://climatekg.tibwiki.io/entity/Q106,"Working Group II: Climate Change 2022 – Impacts, Adaptation and Vulnerability",https://climatekg.tibwiki.io/entity/Q3695,WSUD
https://climatekg.tibwiki.io/entity/Q150,Working Group III: Climate Change 2022 – Mitigation of Climate Change,https://climatekg.tibwiki.io/entity/Q3695,WSUD
https://climatekg.tibwiki.io/entity/Q35,Special Report: Climate Change and Land,https://climatekg.tibwiki.io/entity/Q2646,WTO
https://climatekg.tibwiki.io/entity/Q10,Special Report: Global Warming of 1.5°C,https://climatekg.tibwiki.io/entity/Q2646,WTO
https://climatekg.tibwiki.io/entity/Q150,Working Group III: Climate Change 2022 – Mitigation of Climate Change,https://climatekg.tibwiki.io/entity/Q2646,WTO
https://climatekg.tibwiki.io/entity/Q150,Working Group III: Climate Change 2022 – Mitigation of Climate Change,https://climatekg.tibwiki.io/entity/Q3996,WTP
https://climatekg.tibwiki.io/entity/Q106,"Working Group II: Climate Change 2022 – Impacts, Adaptation and Vulnerability",https://climatekg.tibwiki.io/entity/Q3696,WTTC
https://climatekg.tibwiki.io/entity/Q106,"Working Group II: Climate Change 2022 – Impacts, Adaptation and Vulnerability",https://climatekg.tibwiki.io/entity/Q3697,WTU
https://climatekg.tibwiki.io/entity/Q35,Special Report: Climate Change and Land,https://climatekg.tibwiki.io/entity/Q2898,WUE
https://climatekg.tibwiki.io/entity/Q77,Working Group I: Climate Change 2021 – The Physical Science Basis,https://climatekg.tibwiki.io/entity/Q2898,WUE
https://climatekg.tibwiki.io/entity/Q106,"Working Group II: Climate Change 2022 – Impacts, Adaptation and Vulnerability",https://climatekg.tibwiki.io/entity/Q2898,WUE
https://climatekg.tibwiki.io/entity/Q106,"Working Group II: Climate Change 2022 – Impacts, Adaptation and Vulnerability",https://climatekg.tibwiki.io/entity/Q3698,WUI
https://climatekg.tibwiki.io/entity/Q106,"Working Group II: Climate Change 2022 – Impacts, Adaptation and Vulnerability",https://climatekg.tibwiki.io/entity/Q3699,WWF
https://climatekg.tibwiki.io/entity/Q35,Special Report: Climate Change and Land,https://climatekg.tibwiki.io/entity/Q2891,WaTEM/SEDEM
https://climatekg.tibwiki.io/entity/Q189,"Climate Change 2023: Synthesis Report. Contribution of Working Groups I, II and III to the Sixth Assessment Report of the Intergovernmental Panel on Climate Change",https://climatekg.tibwiki.io/entity/Q3037,Wm-2
https://climatekg.tibwiki.io/entity/Q106,"Working Group II: Climate Change 2022 – Impacts, Adaptation and Vulnerability",https://climatekg.tibwiki.io/entity/Q3700,YCS
https://climatekg.tibwiki.io/entity/Q77,Working Group I: Climate Change 2021 – The Physical Science Basis,https://climatekg.tibwiki.io/entity/Q3323,YJ
https://climatekg.tibwiki.io/entity/Q106,"Working Group II: Climate Change 2022 – Impacts, Adaptation and Vulnerability",https://climatekg.tibwiki.io/entity/Q3701,YLD
https://climatekg.tibwiki.io/entity/Q106,"Working Group II: Climate Change 2022 – Impacts, Adaptation and Vulnerability",https://climatekg.tibwiki.io/entity/Q3702,YLL
https://climatekg.tibwiki.io/entity/Q10,Special Report: Global Warming of 1.5°C,https://climatekg.tibwiki.io/entity/Q2648,ZEC
https://climatekg.tibwiki.io/entity/Q77,Working Group I: Climate Change 2021 – The Physical Science Basis,https://climatekg.tibwiki.io/entity/Q2648,ZEC
https://climatekg.tibwiki.io/entity/Q150,Working Group III: Climate Change 2022 – Mitigation of Climate Change,https://climatekg.tibwiki.io/entity/Q3997,ZEV
https://climatekg.tibwiki.io/entity/Q77,Working Group I: Climate Change 2021 – The Physical Science Basis,https://climatekg.tibwiki.io/entity/Q3324,ZJ
https://climatekg.tibwiki.io/entity/Q35,Special Report: Climate Change and Land,https://climatekg.tibwiki.io/entity/Q2899,ZNLD
https://climatekg.tibwiki.io/entity/Q57,Special Report: The Ocean and Cryosphere in a Changing Climate,https://climatekg.tibwiki.io/entity/Q2900,a.s.l.
https://climatekg.tibwiki.io/entity/Q77,Working Group I: Climate Change 2021 – The Physical Science Basis,https://climatekg.tibwiki.io/entity/Q3042,abrupt4xCO2
https://climatekg.tibwiki.io/entity/Q35,Special Report: Climate Change and Land,https://climatekg.tibwiki.io/entity/Q2130,cm
https://climatekg.tibwiki.io/entity/Q10,Special Report: Global Warming of 1.5°C,https://climatekg.tibwiki.io/entity/Q2130,cm
https://climatekg.tibwiki.io/entity/Q35,Special Report: Climate Change and Land,https://climatekg.tibwiki.io/entity/Q2716,fNRB
https://climatekg.tibwiki.io/entity/Q77,Working Group I: Climate Change 2021 – The Physical Science Basis,https://climatekg.tibwiki.io/entity/Q3155,fSST
https://climatekg.tibwiki.io/entity/Q10,Special Report: Global Warming of 1.5°C,https://climatekg.tibwiki.io/entity/Q2274,g
https://climatekg.tibwiki.io/entity/Q35,Special Report: Climate Change and Land,https://climatekg.tibwiki.io/entity/Q2317,ha
https://climatekg.tibwiki.io/entity/Q10,Special Report: Global Warming of 1.5°C,https://climatekg.tibwiki.io/entity/Q2317,ha
https://climatekg.tibwiki.io/entity/Q35,Special Report: Climate Change and Land,https://climatekg.tibwiki.io/entity/Q2351,iLUC
https://climatekg.tibwiki.io/entity/Q10,Special Report: Global Warming of 1.5°C,https://climatekg.tibwiki.io/entity/Q2351,iLUC
https://climatekg.tibwiki.io/entity/Q106,"Working Group II: Climate Change 2022 – Impacts, Adaptation and Vulnerability",https://climatekg.tibwiki.io/entity/Q2351,iLUC
https://climatekg.tibwiki.io/entity/Q189,"Climate Change 2023: Synthesis Report. Contribution of Working Groups I, II and III to the Sixth Assessment Report of the Intergovernmental Panel on Climate Change",https://climatekg.tibwiki.io/entity/Q2380,kWh
https://climatekg.tibwiki.io/entity/Q35,Special Report: Climate Change and Land,https://climatekg.tibwiki.io/entity/Q2380,kWh
https://climatekg.tibwiki.io/entity/Q10,Special Report: Global Warming of 1.5°C,https://climatekg.tibwiki.io/entity/Q2380,kWh
https://climatekg.tibwiki.io/entity/Q150,Working Group III: Climate Change 2022 – Mitigation of Climate Change,https://climatekg.tibwiki.io/entity/Q2380,kWh
https://climatekg.tibwiki.io/entity/Q10,Special Report: Global Warming of 1.5°C,https://climatekg.tibwiki.io/entity/Q2377,kcal cap-1 day-1
https://climatekg.tibwiki.io/entity/Q35,Special Report: Climate Change and Land,https://climatekg.tibwiki.io/entity/Q2378,km
https://climatekg.tibwiki.io/entity/Q10,Special Report: Global Warming of 1.5°C,https://climatekg.tibwiki.io/entity/Q2378,km
https://climatekg.tibwiki.io/entity/Q35,Special Report: Climate Change and Land,https://climatekg.tibwiki.io/entity/Q2379,kt
https://climatekg.tibwiki.io/entity/Q10,Special Report: Global Warming of 1.5°C,https://climatekg.tibwiki.io/entity/Q2379,kt
https://climatekg.tibwiki.io/entity/Q10,Special Report: Global Warming of 1.5°C,https://climatekg.tibwiki.io/entity/Q2400,m
https://climatekg.tibwiki.io/entity/Q106,"Working Group II: Climate Change 2022 – Impacts, Adaptation and Vulnerability",https://climatekg.tibwiki.io/entity/Q3531,m w.e.
https://climatekg.tibwiki.io/entity/Q106,"Working Group II: Climate Change 2022 – Impacts, Adaptation and Vulnerability",https://climatekg.tibwiki.io/entity/Q3533,m.a.s.l.
https://climatekg.tibwiki.io/entity/Q10,Special Report: Global Warming of 1.5°C,https://climatekg.tibwiki.io/entity/Q2401,m3 cap-1 yr-1
https://climatekg.tibwiki.io/entity/Q10,Special Report: Global Warming of 1.5°C,https://climatekg.tibwiki.io/entity/Q2403,mL
https://climatekg.tibwiki.io/entity/Q150,Working Group III: Climate Change 2022 – Mitigation of Climate Change,https://climatekg.tibwiki.io/entity/Q3872,mbpd
https://climatekg.tibwiki.io/entity/Q10,Special Report: Global Warming of 1.5°C,https://climatekg.tibwiki.io/entity/Q2402,mg
https://climatekg.tibwiki.io/entity/Q10,Special Report: Global Warming of 1.5°C,https://climatekg.tibwiki.io/entity/Q2404,mm
https://climatekg.tibwiki.io/entity/Q77,Working Group I: Climate Change 2021 – The Physical Science Basis,https://climatekg.tibwiki.io/entity/Q3253,pCO2
https://climatekg.tibwiki.io/entity/Q106,"Working Group II: Climate Change 2022 – Impacts, Adaptation and Vulnerability",https://climatekg.tibwiki.io/entity/Q3253,pCO2
https://climatekg.tibwiki.io/entity/Q106,"Working Group II: Climate Change 2022 – Impacts, Adaptation and Vulnerability",https://climatekg.tibwiki.io/entity/Q3596,pH
https://climatekg.tibwiki.io/entity/Q150,Working Group III: Climate Change 2022 – Mitigation of Climate Change,https://climatekg.tibwiki.io/entity/Q3917,pkm
https://climatekg.tibwiki.io/entity/Q10,Special Report: Global Warming of 1.5°C,https://climatekg.tibwiki.io/entity/Q2483,pp
https://climatekg.tibwiki.io/entity/Q77,Working Group I: Climate Change 2021 – The Physical Science Basis,https://climatekg.tibwiki.io/entity/Q2483,pp
https://climatekg.tibwiki.io/entity/Q189,"Climate Change 2023: Synthesis Report. Contribution of Working Groups I, II and III to the Sixth Assessment Report of the Intergovernmental Panel on Climate Change",https://climatekg.tibwiki.io/entity/Q2484,ppb
https://climatekg.tibwiki.io/entity/Q10,Special Report: Global Warming of 1.5°C,https://climatekg.tibwiki.io/entity/Q2484,ppb
https://climatekg.tibwiki.io/entity/Q106,"Working Group II: Climate Change 2022 – Impacts, Adaptation and Vulnerability",https://climatekg.tibwiki.io/entity/Q2484,ppb
https://climatekg.tibwiki.io/entity/Q189,"Climate Change 2023: Synthesis Report. Contribution of Working Groups I, II and III to the Sixth Assessment Report of the Intergovernmental Panel on Climate Change",https://climatekg.tibwiki.io/entity/Q2485,ppm
https://climatekg.tibwiki.io/entity/Q10,Special Report: Global Warming of 1.5°C,https://climatekg.tibwiki.io/entity/Q2485,ppm
https://climatekg.tibwiki.io/entity/Q57,Special Report: The Ocean and Cryosphere in a Changing Climate,https://climatekg.tibwiki.io/entity/Q2983,ppmv
https://climatekg.tibwiki.io/entity/Q10,Special Report: Global Warming of 1.5°C,https://climatekg.tibwiki.io/entity/Q2486,ppt
https://climatekg.tibwiki.io/entity/Q106,"Working Group II: Climate Change 2022 – Impacts, Adaptation and Vulnerability",https://climatekg.tibwiki.io/entity/Q3628,scPDSI
https://climatekg.tibwiki.io/entity/Q35,Special Report: Climate Change and Land,https://climatekg.tibwiki.io/entity/Q2574,t
https://climatekg.tibwiki.io/entity/Q10,Special Report: Global Warming of 1.5°C,https://climatekg.tibwiki.io/entity/Q2574,t
https://climatekg.tibwiki.io/entity/Q189,"Climate Change 2023: Synthesis Report. Contribution of Working Groups I, II and III to the Sixth Assessment Report of the Intergovernmental Panel on Climate Change",https://climatekg.tibwiki.io/entity/Q3035,tCO2-FFI
https://climatekg.tibwiki.io/entity/Q189,"Climate Change 2023: Synthesis Report. Contribution of Working Groups I, II and III to the Sixth Assessment Report of the Intergovernmental Panel on Climate Change",https://climatekg.tibwiki.io/entity/Q3034,tCO2-eq
https://climatekg.tibwiki.io/entity/Q10,Special Report: Global Warming of 1.5°C,https://climatekg.tibwiki.io/entity/Q2575,tDM
https://climatekg.tibwiki.io/entity/Q150,Working Group III: Climate Change 2022 – Mitigation of Climate Change,https://climatekg.tibwiki.io/entity/Q3969,tkm
https://climatekg.tibwiki.io/entity/Q10,Special Report: Global Warming of 1.5°C,https://climatekg.tibwiki.io/entity/Q2576,tril$
https://climatekg.tibwiki.io/entity/Q150,Working Group III: Climate Change 2022 – Mitigation of Climate Change,https://climatekg.tibwiki.io/entity/Q3989,vkm
https://climatekg.tibwiki.io/entity/Q10,Special Report: Global Warming of 1.5°C,https://climatekg.tibwiki.io/entity/Q2618,w.r.t.
https://climatekg.tibwiki.io/entity/Q35,Special Report: Climate Change and Land,https://climatekg.tibwiki.io/entity/Q2616,w/
https://climatekg.tibwiki.io/entity/Q10,Special Report: Global Warming of 1.5°C,https://climatekg.tibwiki.io/entity/Q2616,w/
https://climatekg.tibwiki.io/entity/Q35,Special Report: Climate Change and Land,https://climatekg.tibwiki.io/entity/Q2617,w/o
https://climatekg.tibwiki.io/entity/Q10,Special Report: Global Warming of 1.5°C,https://climatekg.tibwiki.io/entity/Q2617,w/o
https://climatekg.tibwiki.io/entity/Q35,Special Report: Climate Change and Land,https://climatekg.tibwiki.io/entity/Q2647,yr
https://climatekg.tibwiki.io/entity/Q10,Special Report: Global Warming of 1.5°C,https://climatekg.tibwiki.io/entity/Q2647,yr
https://climatekg.tibwiki.io/entity/Q35,Special Report: Climate Change and Land,https://climatekg.tibwiki.io/entity/Q2680,ÇEMGM
https://climatekg.tibwiki.io/entity/Q10,Special Report: Global Warming of 1.5°C,https://climatekg.tibwiki.io/entity/Q2088,μatm
