term,report,termType,termLabel,reportLabel,termTypeLabel
https://climatekg.tibwiki.io/entity/Q1167,https://climatekg.tibwiki.io/entity/Q77,https://climatekg.tibwiki.io/entity/Q1,1.5°C pathway,Working Group I: Climate Change 2021 – The Physical Science Basis,Category
https://climatekg.tibwiki.io/entity/Q1167,https://climatekg.tibwiki.io/entity/Q150,https://climatekg.tibwiki.io/entity/Q1,1.5°C pathway,Working Group III: Climate Change 2022 – Mitigation of Climate Change,Category
https://climatekg.tibwiki.io/entity/Q1168,https://climatekg.tibwiki.io/entity/Q10,https://climatekg.tibwiki.io/entity/Q1,1.5°C warmer worlds,Special Report: Global Warming of 1.5°C,Category
https://climatekg.tibwiki.io/entity/Q1169,https://climatekg.tibwiki.io/entity/Q77,https://climatekg.tibwiki.io/entity/Q1,13C,Working Group I: Climate Change 2021 – The Physical Science Basis,Category
https://climatekg.tibwiki.io/entity/Q1170,https://climatekg.tibwiki.io/entity/Q77,https://climatekg.tibwiki.io/entity/Q1,14C,Working Group I: Climate Change 2021 – The Physical Science Basis,Category
https://climatekg.tibwiki.io/entity/Q1171,https://climatekg.tibwiki.io/entity/Q106,https://climatekg.tibwiki.io/entity/Q1,2030 Agenda for Sustainable Development,"Working Group II: Climate Change 2022 – Impacts, Adaptation and Vulnerability",Category
https://climatekg.tibwiki.io/entity/Q1172,https://climatekg.tibwiki.io/entity/Q77,https://climatekg.tibwiki.io/entity/Q1,Ablation,Working Group I: Climate Change 2021 – The Physical Science Basis,Category
https://climatekg.tibwiki.io/entity/Q1173,https://climatekg.tibwiki.io/entity/Q77,https://climatekg.tibwiki.io/entity/Q1,Abrupt change,Working Group I: Climate Change 2021 – The Physical Science Basis,Category
https://climatekg.tibwiki.io/entity/Q1173,https://climatekg.tibwiki.io/entity/Q106,https://climatekg.tibwiki.io/entity/Q1,Abrupt change,"Working Group II: Climate Change 2022 – Impacts, Adaptation and Vulnerability",Category
https://climatekg.tibwiki.io/entity/Q1174,https://climatekg.tibwiki.io/entity/Q77,https://climatekg.tibwiki.io/entity/Q1,Abrupt climate change,Working Group I: Climate Change 2021 – The Physical Science Basis,Category
https://climatekg.tibwiki.io/entity/Q1174,https://climatekg.tibwiki.io/entity/Q106,https://climatekg.tibwiki.io/entity/Q1,Abrupt climate change,"Working Group II: Climate Change 2022 – Impacts, Adaptation and Vulnerability",Category
https://climatekg.tibwiki.io/entity/Q1175,https://climatekg.tibwiki.io/entity/Q150,https://climatekg.tibwiki.io/entity/Q1,Acceptability of policy or system change,Working Group III: Climate Change 2022 – Mitigation of Climate Change,Category
https://climatekg.tibwiki.io/entity/Q256,https://climatekg.tibwiki.io/entity/Q106,https://climatekg.tibwiki.io/entity/Q1,Access,"Working Group II: Climate Change 2022 – Impacts, Adaptation and Vulnerability",Category
https://climatekg.tibwiki.io/entity/Q257,https://climatekg.tibwiki.io/entity/Q150,https://climatekg.tibwiki.io/entity/Q1,Access to modern energy services,Working Group III: Climate Change 2022 – Mitigation of Climate Change,Category
https://climatekg.tibwiki.io/entity/Q258,https://climatekg.tibwiki.io/entity/Q106,https://climatekg.tibwiki.io/entity/Q1,Acclimatisation,"Working Group II: Climate Change 2022 – Impacts, Adaptation and Vulnerability",Category
https://climatekg.tibwiki.io/entity/Q259,https://climatekg.tibwiki.io/entity/Q77,https://climatekg.tibwiki.io/entity/Q1,Accumulation,Working Group I: Climate Change 2021 – The Physical Science Basis,Category
https://climatekg.tibwiki.io/entity/Q259,https://climatekg.tibwiki.io/entity/Q106,https://climatekg.tibwiki.io/entity/Q1,Accumulation,"Working Group II: Climate Change 2022 – Impacts, Adaptation and Vulnerability",Category
https://climatekg.tibwiki.io/entity/Q260,https://climatekg.tibwiki.io/entity/Q77,https://climatekg.tibwiki.io/entity/Q1,Active layer,Working Group I: Climate Change 2021 – The Physical Science Basis,Category
https://climatekg.tibwiki.io/entity/Q261,https://climatekg.tibwiki.io/entity/Q106,https://climatekg.tibwiki.io/entity/Q1,Acute food insecurity,"Working Group II: Climate Change 2022 – Impacts, Adaptation and Vulnerability",Category
https://climatekg.tibwiki.io/entity/Q262,https://climatekg.tibwiki.io/entity/Q77,https://climatekg.tibwiki.io/entity/Q1,Adaptation,Working Group I: Climate Change 2021 – The Physical Science Basis,Category
https://climatekg.tibwiki.io/entity/Q262,https://climatekg.tibwiki.io/entity/Q106,https://climatekg.tibwiki.io/entity/Q1,Adaptation,"Working Group II: Climate Change 2022 – Impacts, Adaptation and Vulnerability",Category
https://climatekg.tibwiki.io/entity/Q262,https://climatekg.tibwiki.io/entity/Q150,https://climatekg.tibwiki.io/entity/Q1,Adaptation,Working Group III: Climate Change 2022 – Mitigation of Climate Change,Category
https://climatekg.tibwiki.io/entity/Q263,https://climatekg.tibwiki.io/entity/Q106,https://climatekg.tibwiki.io/entity/Q1,Adaptation Fund,"Working Group II: Climate Change 2022 – Impacts, Adaptation and Vulnerability",Category
https://climatekg.tibwiki.io/entity/Q264,https://climatekg.tibwiki.io/entity/Q106,https://climatekg.tibwiki.io/entity/Q1,Adaptation behaviour,"Working Group II: Climate Change 2022 – Impacts, Adaptation and Vulnerability",Category
https://climatekg.tibwiki.io/entity/Q265,https://climatekg.tibwiki.io/entity/Q106,https://climatekg.tibwiki.io/entity/Q1,Adaptation deficit,"Working Group II: Climate Change 2022 – Impacts, Adaptation and Vulnerability",Category
https://climatekg.tibwiki.io/entity/Q266,https://climatekg.tibwiki.io/entity/Q106,https://climatekg.tibwiki.io/entity/Q1,Adaptation gap,"Working Group II: Climate Change 2022 – Impacts, Adaptation and Vulnerability",Category
https://climatekg.tibwiki.io/entity/Q267,https://climatekg.tibwiki.io/entity/Q106,https://climatekg.tibwiki.io/entity/Q1,Adaptation limits,"Working Group II: Climate Change 2022 – Impacts, Adaptation and Vulnerability",Category
https://climatekg.tibwiki.io/entity/Q267,https://climatekg.tibwiki.io/entity/Q150,https://climatekg.tibwiki.io/entity/Q1,Adaptation limits,Working Group III: Climate Change 2022 – Mitigation of Climate Change,Category
https://climatekg.tibwiki.io/entity/Q268,https://climatekg.tibwiki.io/entity/Q106,https://climatekg.tibwiki.io/entity/Q1,Adaptation needs,"Working Group II: Climate Change 2022 – Impacts, Adaptation and Vulnerability",Category
https://climatekg.tibwiki.io/entity/Q270,https://climatekg.tibwiki.io/entity/Q77,https://climatekg.tibwiki.io/entity/Q1,Adaptation options,Working Group I: Climate Change 2021 – The Physical Science Basis,Category
https://climatekg.tibwiki.io/entity/Q270,https://climatekg.tibwiki.io/entity/Q106,https://climatekg.tibwiki.io/entity/Q1,Adaptation options,"Working Group II: Climate Change 2022 – Impacts, Adaptation and Vulnerability",Category
https://climatekg.tibwiki.io/entity/Q270,https://climatekg.tibwiki.io/entity/Q150,https://climatekg.tibwiki.io/entity/Q1,Adaptation options,Working Group III: Climate Change 2022 – Mitigation of Climate Change,Category
https://climatekg.tibwiki.io/entity/Q271,https://climatekg.tibwiki.io/entity/Q106,https://climatekg.tibwiki.io/entity/Q1,Adaptation pathways,"Working Group II: Climate Change 2022 – Impacts, Adaptation and Vulnerability",Category
https://climatekg.tibwiki.io/entity/Q271,https://climatekg.tibwiki.io/entity/Q150,https://climatekg.tibwiki.io/entity/Q1,Adaptation pathways,Working Group III: Climate Change 2022 – Mitigation of Climate Change,Category
https://climatekg.tibwiki.io/entity/Q272,https://climatekg.tibwiki.io/entity/Q77,https://climatekg.tibwiki.io/entity/Q1,Adaptive capacity,Working Group I: Climate Change 2021 – The Physical Science Basis,Category
https://climatekg.tibwiki.io/entity/Q272,https://climatekg.tibwiki.io/entity/Q106,https://climatekg.tibwiki.io/entity/Q1,Adaptive capacity,"Working Group II: Climate Change 2022 – Impacts, Adaptation and Vulnerability",Category
https://climatekg.tibwiki.io/entity/Q272,https://climatekg.tibwiki.io/entity/Q150,https://climatekg.tibwiki.io/entity/Q1,Adaptive capacity,Working Group III: Climate Change 2022 – Mitigation of Climate Change,Category
https://climatekg.tibwiki.io/entity/Q273,https://climatekg.tibwiki.io/entity/Q106,https://climatekg.tibwiki.io/entity/Q1,Adaptive governance,"Working Group II: Climate Change 2022 – Impacts, Adaptation and Vulnerability",Category
https://climatekg.tibwiki.io/entity/Q273,https://climatekg.tibwiki.io/entity/Q150,https://climatekg.tibwiki.io/entity/Q1,Adaptive governance,Working Group III: Climate Change 2022 – Mitigation of Climate Change,Category
https://climatekg.tibwiki.io/entity/Q274,https://climatekg.tibwiki.io/entity/Q106,https://climatekg.tibwiki.io/entity/Q1,Adaptive management,"Working Group II: Climate Change 2022 – Impacts, Adaptation and Vulnerability",Category
https://climatekg.tibwiki.io/entity/Q275,https://climatekg.tibwiki.io/entity/Q77,https://climatekg.tibwiki.io/entity/Q1,Added value,Working Group I: Climate Change 2021 – The Physical Science Basis,Category
https://climatekg.tibwiki.io/entity/Q276,https://climatekg.tibwiki.io/entity/Q150,https://climatekg.tibwiki.io/entity/Q1,Additionality,Working Group III: Climate Change 2022 – Mitigation of Climate Change,Category
https://climatekg.tibwiki.io/entity/Q277,https://climatekg.tibwiki.io/entity/Q77,https://climatekg.tibwiki.io/entity/Q1,Adjustments,Working Group I: Climate Change 2021 – The Physical Science Basis,Category
https://climatekg.tibwiki.io/entity/Q278,https://climatekg.tibwiki.io/entity/Q77,https://climatekg.tibwiki.io/entity/Q1,Advection,Working Group I: Climate Change 2021 – The Physical Science Basis,Category
https://climatekg.tibwiki.io/entity/Q279,https://climatekg.tibwiki.io/entity/Q106,https://climatekg.tibwiki.io/entity/Q1,Adverse side-effect,"Working Group II: Climate Change 2022 – Impacts, Adaptation and Vulnerability",Category
https://climatekg.tibwiki.io/entity/Q279,https://climatekg.tibwiki.io/entity/Q150,https://climatekg.tibwiki.io/entity/Q1,Adverse side-effect,Working Group III: Climate Change 2022 – Mitigation of Climate Change,Category
https://climatekg.tibwiki.io/entity/Q280,https://climatekg.tibwiki.io/entity/Q77,https://climatekg.tibwiki.io/entity/Q1,Aerosol,Working Group I: Climate Change 2021 – The Physical Science Basis,Category
https://climatekg.tibwiki.io/entity/Q280,https://climatekg.tibwiki.io/entity/Q106,https://climatekg.tibwiki.io/entity/Q1,Aerosol,"Working Group II: Climate Change 2022 – Impacts, Adaptation and Vulnerability",Category
https://climatekg.tibwiki.io/entity/Q280,https://climatekg.tibwiki.io/entity/Q150,https://climatekg.tibwiki.io/entity/Q1,Aerosol,Working Group III: Climate Change 2022 – Mitigation of Climate Change,Category
https://climatekg.tibwiki.io/entity/Q282,https://climatekg.tibwiki.io/entity/Q77,https://climatekg.tibwiki.io/entity/Q1,Aerosol effective radiative forcing,Working Group I: Climate Change 2021 – The Physical Science Basis,Category
https://climatekg.tibwiki.io/entity/Q283,https://climatekg.tibwiki.io/entity/Q77,https://climatekg.tibwiki.io/entity/Q1,Aerosol optical depth,Working Group I: Climate Change 2021 – The Physical Science Basis,Category
https://climatekg.tibwiki.io/entity/Q281,https://climatekg.tibwiki.io/entity/Q77,https://climatekg.tibwiki.io/entity/Q1,Aerosol–cloud interaction,Working Group I: Climate Change 2021 – The Physical Science Basis,Category
https://climatekg.tibwiki.io/entity/Q284,https://climatekg.tibwiki.io/entity/Q77,https://climatekg.tibwiki.io/entity/Q1,Aerosol–radiation interaction,Working Group I: Climate Change 2021 – The Physical Science Basis,Category
https://climatekg.tibwiki.io/entity/Q285,https://climatekg.tibwiki.io/entity/Q77,https://climatekg.tibwiki.io/entity/Q1,Afforestation,Working Group I: Climate Change 2021 – The Physical Science Basis,Category
https://climatekg.tibwiki.io/entity/Q285,https://climatekg.tibwiki.io/entity/Q106,https://climatekg.tibwiki.io/entity/Q1,Afforestation,"Working Group II: Climate Change 2022 – Impacts, Adaptation and Vulnerability",Category
https://climatekg.tibwiki.io/entity/Q285,https://climatekg.tibwiki.io/entity/Q150,https://climatekg.tibwiki.io/entity/Q1,Afforestation,Working Group III: Climate Change 2022 – Mitigation of Climate Change,Category
https://climatekg.tibwiki.io/entity/Q286,https://climatekg.tibwiki.io/entity/Q77,https://climatekg.tibwiki.io/entity/Q1,Agreement,Working Group I: Climate Change 2021 – The Physical Science Basis,Category
https://climatekg.tibwiki.io/entity/Q286,https://climatekg.tibwiki.io/entity/Q106,https://climatekg.tibwiki.io/entity/Q1,Agreement,"Working Group II: Climate Change 2022 – Impacts, Adaptation and Vulnerability",Category
https://climatekg.tibwiki.io/entity/Q286,https://climatekg.tibwiki.io/entity/Q150,https://climatekg.tibwiki.io/entity/Q1,Agreement,Working Group III: Climate Change 2022 – Mitigation of Climate Change,Category
https://climatekg.tibwiki.io/entity/Q287,https://climatekg.tibwiki.io/entity/Q77,https://climatekg.tibwiki.io/entity/Q1,Agricultural and ecological drought,Working Group I: Climate Change 2021 – The Physical Science Basis,Category
https://climatekg.tibwiki.io/entity/Q287,https://climatekg.tibwiki.io/entity/Q106,https://climatekg.tibwiki.io/entity/Q1,Agricultural and ecological drought,"Working Group II: Climate Change 2022 – Impacts, Adaptation and Vulnerability",Category
https://climatekg.tibwiki.io/entity/Q288,https://climatekg.tibwiki.io/entity/Q150,https://climatekg.tibwiki.io/entity/Q1,"Agriculture, Forestry and Other Land Use",Working Group III: Climate Change 2022 – Mitigation of Climate Change,Category
https://climatekg.tibwiki.io/entity/Q289,https://climatekg.tibwiki.io/entity/Q106,https://climatekg.tibwiki.io/entity/Q1,Agroecology,"Working Group II: Climate Change 2022 – Impacts, Adaptation and Vulnerability",Category
https://climatekg.tibwiki.io/entity/Q289,https://climatekg.tibwiki.io/entity/Q150,https://climatekg.tibwiki.io/entity/Q1,Agroecology,Working Group III: Climate Change 2022 – Mitigation of Climate Change,Category
https://climatekg.tibwiki.io/entity/Q290,https://climatekg.tibwiki.io/entity/Q106,https://climatekg.tibwiki.io/entity/Q1,Agroforestry,"Working Group II: Climate Change 2022 – Impacts, Adaptation and Vulnerability",Category
https://climatekg.tibwiki.io/entity/Q291,https://climatekg.tibwiki.io/entity/Q77,https://climatekg.tibwiki.io/entity/Q1,Air mass,Working Group I: Climate Change 2021 – The Physical Science Basis,Category
https://climatekg.tibwiki.io/entity/Q292,https://climatekg.tibwiki.io/entity/Q77,https://climatekg.tibwiki.io/entity/Q1,Air pollution,Working Group I: Climate Change 2021 – The Physical Science Basis,Category
https://climatekg.tibwiki.io/entity/Q292,https://climatekg.tibwiki.io/entity/Q106,https://climatekg.tibwiki.io/entity/Q1,Air pollution,"Working Group II: Climate Change 2022 – Impacts, Adaptation and Vulnerability",Category
https://climatekg.tibwiki.io/entity/Q292,https://climatekg.tibwiki.io/entity/Q150,https://climatekg.tibwiki.io/entity/Q1,Air pollution,Working Group III: Climate Change 2022 – Mitigation of Climate Change,Category
https://climatekg.tibwiki.io/entity/Q293,https://climatekg.tibwiki.io/entity/Q77,https://climatekg.tibwiki.io/entity/Q1,Airborne fraction,Working Group I: Climate Change 2021 – The Physical Science Basis,Category
https://climatekg.tibwiki.io/entity/Q294,https://climatekg.tibwiki.io/entity/Q77,https://climatekg.tibwiki.io/entity/Q1,Albedo,Working Group I: Climate Change 2021 – The Physical Science Basis,Category
https://climatekg.tibwiki.io/entity/Q294,https://climatekg.tibwiki.io/entity/Q106,https://climatekg.tibwiki.io/entity/Q1,Albedo,"Working Group II: Climate Change 2022 – Impacts, Adaptation and Vulnerability",Category
https://climatekg.tibwiki.io/entity/Q294,https://climatekg.tibwiki.io/entity/Q150,https://climatekg.tibwiki.io/entity/Q1,Albedo,Working Group III: Climate Change 2022 – Mitigation of Climate Change,Category
https://climatekg.tibwiki.io/entity/Q295,https://climatekg.tibwiki.io/entity/Q77,https://climatekg.tibwiki.io/entity/Q1,Alkalinity,Working Group I: Climate Change 2021 – The Physical Science Basis,Category
https://climatekg.tibwiki.io/entity/Q296,https://climatekg.tibwiki.io/entity/Q77,https://climatekg.tibwiki.io/entity/Q1,Altimetry,Working Group I: Climate Change 2021 – The Physical Science Basis,Category
https://climatekg.tibwiki.io/entity/Q297,https://climatekg.tibwiki.io/entity/Q77,https://climatekg.tibwiki.io/entity/Q1,Annular modes,Working Group I: Climate Change 2021 – The Physical Science Basis,Category
https://climatekg.tibwiki.io/entity/Q298,https://climatekg.tibwiki.io/entity/Q77,https://climatekg.tibwiki.io/entity/Q1,Anomaly,Working Group I: Climate Change 2021 – The Physical Science Basis,Category
https://climatekg.tibwiki.io/entity/Q298,https://climatekg.tibwiki.io/entity/Q106,https://climatekg.tibwiki.io/entity/Q1,Anomaly,"Working Group II: Climate Change 2022 – Impacts, Adaptation and Vulnerability",Category
https://climatekg.tibwiki.io/entity/Q298,https://climatekg.tibwiki.io/entity/Q150,https://climatekg.tibwiki.io/entity/Q1,Anomaly,Working Group III: Climate Change 2022 – Mitigation of Climate Change,Category
https://climatekg.tibwiki.io/entity/Q299,https://climatekg.tibwiki.io/entity/Q77,https://climatekg.tibwiki.io/entity/Q1,Antarctic Ice Sheet,Working Group I: Climate Change 2021 – The Physical Science Basis,Category
https://climatekg.tibwiki.io/entity/Q300,https://climatekg.tibwiki.io/entity/Q77,https://climatekg.tibwiki.io/entity/Q1,Anthropocene,Working Group I: Climate Change 2021 – The Physical Science Basis,Category
https://climatekg.tibwiki.io/entity/Q300,https://climatekg.tibwiki.io/entity/Q106,https://climatekg.tibwiki.io/entity/Q1,Anthropocene,"Working Group II: Climate Change 2022 – Impacts, Adaptation and Vulnerability",Category
https://climatekg.tibwiki.io/entity/Q301,https://climatekg.tibwiki.io/entity/Q77,https://climatekg.tibwiki.io/entity/Q1,Anthropogenic,Working Group I: Climate Change 2021 – The Physical Science Basis,Category
https://climatekg.tibwiki.io/entity/Q301,https://climatekg.tibwiki.io/entity/Q106,https://climatekg.tibwiki.io/entity/Q1,Anthropogenic,"Working Group II: Climate Change 2022 – Impacts, Adaptation and Vulnerability",Category
https://climatekg.tibwiki.io/entity/Q301,https://climatekg.tibwiki.io/entity/Q150,https://climatekg.tibwiki.io/entity/Q1,Anthropogenic,Working Group III: Climate Change 2022 – Mitigation of Climate Change,Category
https://climatekg.tibwiki.io/entity/Q302,https://climatekg.tibwiki.io/entity/Q77,https://climatekg.tibwiki.io/entity/Q1,Anthropogenic emissions,Working Group I: Climate Change 2021 – The Physical Science Basis,Category
https://climatekg.tibwiki.io/entity/Q302,https://climatekg.tibwiki.io/entity/Q106,https://climatekg.tibwiki.io/entity/Q1,Anthropogenic emissions,"Working Group II: Climate Change 2022 – Impacts, Adaptation and Vulnerability",Category
https://climatekg.tibwiki.io/entity/Q302,https://climatekg.tibwiki.io/entity/Q150,https://climatekg.tibwiki.io/entity/Q1,Anthropogenic emissions,Working Group III: Climate Change 2022 – Mitigation of Climate Change,Category
https://climatekg.tibwiki.io/entity/Q303,https://climatekg.tibwiki.io/entity/Q77,https://climatekg.tibwiki.io/entity/Q1,Anthropogenic removals,Working Group I: Climate Change 2021 – The Physical Science Basis,Category
https://climatekg.tibwiki.io/entity/Q303,https://climatekg.tibwiki.io/entity/Q150,https://climatekg.tibwiki.io/entity/Q1,Anthropogenic removals,Working Group III: Climate Change 2022 – Mitigation of Climate Change,Category
https://climatekg.tibwiki.io/entity/Q304,https://climatekg.tibwiki.io/entity/Q77,https://climatekg.tibwiki.io/entity/Q1,Anthropogenic subsidence,Working Group I: Climate Change 2021 – The Physical Science Basis,Category
https://climatekg.tibwiki.io/entity/Q304,https://climatekg.tibwiki.io/entity/Q106,https://climatekg.tibwiki.io/entity/Q1,Anthropogenic subsidence,"Working Group II: Climate Change 2022 – Impacts, Adaptation and Vulnerability",Category
https://climatekg.tibwiki.io/entity/Q305,https://climatekg.tibwiki.io/entity/Q77,https://climatekg.tibwiki.io/entity/Q1,Apparent hydrological sensitivity,Working Group I: Climate Change 2021 – The Physical Science Basis,Category
https://climatekg.tibwiki.io/entity/Q306,https://climatekg.tibwiki.io/entity/Q77,https://climatekg.tibwiki.io/entity/Q1,Arctic oscillation,Working Group I: Climate Change 2021 – The Physical Science Basis,Category
https://climatekg.tibwiki.io/entity/Q307,https://climatekg.tibwiki.io/entity/Q77,https://climatekg.tibwiki.io/entity/Q1,Arid zone,Working Group I: Climate Change 2021 – The Physical Science Basis,Category
https://climatekg.tibwiki.io/entity/Q307,https://climatekg.tibwiki.io/entity/Q106,https://climatekg.tibwiki.io/entity/Q1,Arid zone,"Working Group II: Climate Change 2022 – Impacts, Adaptation and Vulnerability",Category
https://climatekg.tibwiki.io/entity/Q308,https://climatekg.tibwiki.io/entity/Q77,https://climatekg.tibwiki.io/entity/Q1,Aridity,Working Group I: Climate Change 2021 – The Physical Science Basis,Category
https://climatekg.tibwiki.io/entity/Q308,https://climatekg.tibwiki.io/entity/Q106,https://climatekg.tibwiki.io/entity/Q1,Aridity,"Working Group II: Climate Change 2022 – Impacts, Adaptation and Vulnerability",Category
https://climatekg.tibwiki.io/entity/Q309,https://climatekg.tibwiki.io/entity/Q77,https://climatekg.tibwiki.io/entity/Q1,Artificial ocean upwelling,Working Group I: Climate Change 2021 – The Physical Science Basis,Category
https://climatekg.tibwiki.io/entity/Q310,https://climatekg.tibwiki.io/entity/Q77,https://climatekg.tibwiki.io/entity/Q1,Assets,Working Group I: Climate Change 2021 – The Physical Science Basis,Category
https://climatekg.tibwiki.io/entity/Q311,https://climatekg.tibwiki.io/entity/Q77,https://climatekg.tibwiki.io/entity/Q1,Atlantic Meridional Mode,Working Group I: Climate Change 2021 – The Physical Science Basis,Category
https://climatekg.tibwiki.io/entity/Q312,https://climatekg.tibwiki.io/entity/Q77,https://climatekg.tibwiki.io/entity/Q1,Atlantic Meridional Overturning Circulation,Working Group I: Climate Change 2021 – The Physical Science Basis,Category
https://climatekg.tibwiki.io/entity/Q313,https://climatekg.tibwiki.io/entity/Q77,https://climatekg.tibwiki.io/entity/Q1,Atlantic Multi-decadal Oscillation,Working Group I: Climate Change 2021 – The Physical Science Basis,Category
https://climatekg.tibwiki.io/entity/Q314,https://climatekg.tibwiki.io/entity/Q77,https://climatekg.tibwiki.io/entity/Q1,Atlantic Multi-decadal Variability,Working Group I: Climate Change 2021 – The Physical Science Basis,Category
https://climatekg.tibwiki.io/entity/Q315,https://climatekg.tibwiki.io/entity/Q77,https://climatekg.tibwiki.io/entity/Q1,Atlantic Zonal Mode,Working Group I: Climate Change 2021 – The Physical Science Basis,Category
https://climatekg.tibwiki.io/entity/Q316,https://climatekg.tibwiki.io/entity/Q77,https://climatekg.tibwiki.io/entity/Q1,Atmosphere,Working Group I: Climate Change 2021 – The Physical Science Basis,Category
https://climatekg.tibwiki.io/entity/Q316,https://climatekg.tibwiki.io/entity/Q106,https://climatekg.tibwiki.io/entity/Q1,Atmosphere,"Working Group II: Climate Change 2022 – Impacts, Adaptation and Vulnerability",Category
https://climatekg.tibwiki.io/entity/Q316,https://climatekg.tibwiki.io/entity/Q150,https://climatekg.tibwiki.io/entity/Q1,Atmosphere,Working Group III: Climate Change 2022 – Mitigation of Climate Change,Category
https://climatekg.tibwiki.io/entity/Q317,https://climatekg.tibwiki.io/entity/Q77,https://climatekg.tibwiki.io/entity/Q1,Atmospheric boundary layer,Working Group I: Climate Change 2021 – The Physical Science Basis,Category
https://climatekg.tibwiki.io/entity/Q318,https://climatekg.tibwiki.io/entity/Q77,https://climatekg.tibwiki.io/entity/Q1,Atmospheric rivers,Working Group I: Climate Change 2021 – The Physical Science Basis,Category
https://climatekg.tibwiki.io/entity/Q319,https://climatekg.tibwiki.io/entity/Q77,https://climatekg.tibwiki.io/entity/Q1,Attribution,Working Group I: Climate Change 2021 – The Physical Science Basis,Category
https://climatekg.tibwiki.io/entity/Q319,https://climatekg.tibwiki.io/entity/Q106,https://climatekg.tibwiki.io/entity/Q1,Attribution,"Working Group II: Climate Change 2022 – Impacts, Adaptation and Vulnerability",Category
https://climatekg.tibwiki.io/entity/Q320,https://climatekg.tibwiki.io/entity/Q77,https://climatekg.tibwiki.io/entity/Q1,Australian and Maritime Continent monsoon,Working Group I: Climate Change 2021 – The Physical Science Basis,Category
https://climatekg.tibwiki.io/entity/Q321,https://climatekg.tibwiki.io/entity/Q106,https://climatekg.tibwiki.io/entity/Q1,Autonomous adaptation,"Working Group II: Climate Change 2022 – Impacts, Adaptation and Vulnerability",Category
https://climatekg.tibwiki.io/entity/Q322,https://climatekg.tibwiki.io/entity/Q77,https://climatekg.tibwiki.io/entity/Q1,Autotrophic respiration,Working Group I: Climate Change 2021 – The Physical Science Basis,Category
https://climatekg.tibwiki.io/entity/Q323,https://climatekg.tibwiki.io/entity/Q77,https://climatekg.tibwiki.io/entity/Q1,Avalanche,Working Group I: Climate Change 2021 – The Physical Science Basis,Category
https://climatekg.tibwiki.io/entity/Q323,https://climatekg.tibwiki.io/entity/Q106,https://climatekg.tibwiki.io/entity/Q1,Avalanche,"Working Group II: Climate Change 2022 – Impacts, Adaptation and Vulnerability",Category
https://climatekg.tibwiki.io/entity/Q324,https://climatekg.tibwiki.io/entity/Q150,https://climatekg.tibwiki.io/entity/Q1,"Avoid, Shift, Improve",Working Group III: Climate Change 2022 – Mitigation of Climate Change,Category
https://climatekg.tibwiki.io/entity/Q325,https://climatekg.tibwiki.io/entity/Q77,https://climatekg.tibwiki.io/entity/Q1,Basal lubrication,Working Group I: Climate Change 2021 – The Physical Science Basis,Category
https://climatekg.tibwiki.io/entity/Q326,https://climatekg.tibwiki.io/entity/Q77,https://climatekg.tibwiki.io/entity/Q1,Baseline period,Working Group I: Climate Change 2021 – The Physical Science Basis,Category
https://climatekg.tibwiki.io/entity/Q326,https://climatekg.tibwiki.io/entity/Q150,https://climatekg.tibwiki.io/entity/Q1,Baseline period,Working Group III: Climate Change 2022 – Mitigation of Climate Change,Category
https://climatekg.tibwiki.io/entity/Q328,https://climatekg.tibwiki.io/entity/Q77,https://climatekg.tibwiki.io/entity/Q1,Baseline scenario,Working Group I: Climate Change 2021 – The Physical Science Basis,Category
https://climatekg.tibwiki.io/entity/Q328,https://climatekg.tibwiki.io/entity/Q106,https://climatekg.tibwiki.io/entity/Q1,Baseline scenario,"Working Group II: Climate Change 2022 – Impacts, Adaptation and Vulnerability",Category
https://climatekg.tibwiki.io/entity/Q328,https://climatekg.tibwiki.io/entity/Q150,https://climatekg.tibwiki.io/entity/Q1,Baseline scenario,Working Group III: Climate Change 2022 – Mitigation of Climate Change,Category
https://climatekg.tibwiki.io/entity/Q327,https://climatekg.tibwiki.io/entity/Q77,https://climatekg.tibwiki.io/entity/Q1,Baseline/reference,Working Group I: Climate Change 2021 – The Physical Science Basis,Category
https://climatekg.tibwiki.io/entity/Q327,https://climatekg.tibwiki.io/entity/Q106,https://climatekg.tibwiki.io/entity/Q1,Baseline/reference,"Working Group II: Climate Change 2022 – Impacts, Adaptation and Vulnerability",Category
https://climatekg.tibwiki.io/entity/Q327,https://climatekg.tibwiki.io/entity/Q150,https://climatekg.tibwiki.io/entity/Q1,Baseline/reference,Working Group III: Climate Change 2022 – Mitigation of Climate Change,Category
https://climatekg.tibwiki.io/entity/Q329,https://climatekg.tibwiki.io/entity/Q106,https://climatekg.tibwiki.io/entity/Q1,Behavioural change,"Working Group II: Climate Change 2022 – Impacts, Adaptation and Vulnerability",Category
https://climatekg.tibwiki.io/entity/Q330,https://climatekg.tibwiki.io/entity/Q77,https://climatekg.tibwiki.io/entity/Q1,Benthic,Working Group I: Climate Change 2021 – The Physical Science Basis,Category
https://climatekg.tibwiki.io/entity/Q330,https://climatekg.tibwiki.io/entity/Q106,https://climatekg.tibwiki.io/entity/Q1,Benthic,"Working Group II: Climate Change 2022 – Impacts, Adaptation and Vulnerability",Category
https://climatekg.tibwiki.io/entity/Q331,https://climatekg.tibwiki.io/entity/Q106,https://climatekg.tibwiki.io/entity/Q1,Benthos,"Working Group II: Climate Change 2022 – Impacts, Adaptation and Vulnerability",Category
https://climatekg.tibwiki.io/entity/Q332,https://climatekg.tibwiki.io/entity/Q106,https://climatekg.tibwiki.io/entity/Q1,Beta diversity,"Working Group II: Climate Change 2022 – Impacts, Adaptation and Vulnerability",Category
https://climatekg.tibwiki.io/entity/Q333,https://climatekg.tibwiki.io/entity/Q150,https://climatekg.tibwiki.io/entity/Q1,Biochar,Working Group III: Climate Change 2022 – Mitigation of Climate Change,Category
https://climatekg.tibwiki.io/entity/Q335,https://climatekg.tibwiki.io/entity/Q77,https://climatekg.tibwiki.io/entity/Q1,Biodiversity,Working Group I: Climate Change 2021 – The Physical Science Basis,Category
https://climatekg.tibwiki.io/entity/Q335,https://climatekg.tibwiki.io/entity/Q106,https://climatekg.tibwiki.io/entity/Q1,Biodiversity,"Working Group II: Climate Change 2022 – Impacts, Adaptation and Vulnerability",Category
https://climatekg.tibwiki.io/entity/Q335,https://climatekg.tibwiki.io/entity/Q150,https://climatekg.tibwiki.io/entity/Q1,Biodiversity,Working Group III: Climate Change 2022 – Mitigation of Climate Change,Category
https://climatekg.tibwiki.io/entity/Q336,https://climatekg.tibwiki.io/entity/Q106,https://climatekg.tibwiki.io/entity/Q1,Biodiversity hotspots,"Working Group II: Climate Change 2022 – Impacts, Adaptation and Vulnerability",Category
https://climatekg.tibwiki.io/entity/Q337,https://climatekg.tibwiki.io/entity/Q106,https://climatekg.tibwiki.io/entity/Q1,Bioenergy,"Working Group II: Climate Change 2022 – Impacts, Adaptation and Vulnerability",Category
https://climatekg.tibwiki.io/entity/Q337,https://climatekg.tibwiki.io/entity/Q150,https://climatekg.tibwiki.io/entity/Q1,Bioenergy,Working Group III: Climate Change 2022 – Mitigation of Climate Change,Category
https://climatekg.tibwiki.io/entity/Q338,https://climatekg.tibwiki.io/entity/Q77,https://climatekg.tibwiki.io/entity/Q1,Bioenergy with carbon dioxide capture and storage,Working Group I: Climate Change 2021 – The Physical Science Basis,Category
https://climatekg.tibwiki.io/entity/Q338,https://climatekg.tibwiki.io/entity/Q150,https://climatekg.tibwiki.io/entity/Q1,Bioenergy with carbon dioxide capture and storage,Working Group III: Climate Change 2022 – Mitigation of Climate Change,Category
https://climatekg.tibwiki.io/entity/Q340,https://climatekg.tibwiki.io/entity/Q106,https://climatekg.tibwiki.io/entity/Q1,Biofuel,"Working Group II: Climate Change 2022 – Impacts, Adaptation and Vulnerability",Category
https://climatekg.tibwiki.io/entity/Q340,https://climatekg.tibwiki.io/entity/Q150,https://climatekg.tibwiki.io/entity/Q1,Biofuel,Working Group III: Climate Change 2022 – Mitigation of Climate Change,Category
https://climatekg.tibwiki.io/entity/Q341,https://climatekg.tibwiki.io/entity/Q150,https://climatekg.tibwiki.io/entity/Q1,Biogenic carbon emissions,Working Group III: Climate Change 2022 – Mitigation of Climate Change,Category
https://climatekg.tibwiki.io/entity/Q342,https://climatekg.tibwiki.io/entity/Q77,https://climatekg.tibwiki.io/entity/Q1,Biogenic volatile organic compounds,Working Group I: Climate Change 2021 – The Physical Science Basis,Category
https://climatekg.tibwiki.io/entity/Q343,https://climatekg.tibwiki.io/entity/Q77,https://climatekg.tibwiki.io/entity/Q1,Biogeophysical potential,Working Group I: Climate Change 2021 – The Physical Science Basis,Category
https://climatekg.tibwiki.io/entity/Q343,https://climatekg.tibwiki.io/entity/Q150,https://climatekg.tibwiki.io/entity/Q1,Biogeophysical potential,Working Group III: Climate Change 2022 – Mitigation of Climate Change,Category
https://climatekg.tibwiki.io/entity/Q344,https://climatekg.tibwiki.io/entity/Q77,https://climatekg.tibwiki.io/entity/Q1,Biological pump,Working Group I: Climate Change 2021 – The Physical Science Basis,Category
https://climatekg.tibwiki.io/entity/Q345,https://climatekg.tibwiki.io/entity/Q77,https://climatekg.tibwiki.io/entity/Q1,Biomass,Working Group I: Climate Change 2021 – The Physical Science Basis,Category
https://climatekg.tibwiki.io/entity/Q345,https://climatekg.tibwiki.io/entity/Q106,https://climatekg.tibwiki.io/entity/Q1,Biomass,"Working Group II: Climate Change 2022 – Impacts, Adaptation and Vulnerability",Category
https://climatekg.tibwiki.io/entity/Q345,https://climatekg.tibwiki.io/entity/Q150,https://climatekg.tibwiki.io/entity/Q1,Biomass,Working Group III: Climate Change 2022 – Mitigation of Climate Change,Category
https://climatekg.tibwiki.io/entity/Q346,https://climatekg.tibwiki.io/entity/Q106,https://climatekg.tibwiki.io/entity/Q1,Biomes,"Working Group II: Climate Change 2022 – Impacts, Adaptation and Vulnerability",Category
https://climatekg.tibwiki.io/entity/Q347,https://climatekg.tibwiki.io/entity/Q77,https://climatekg.tibwiki.io/entity/Q1,Biosphere,Working Group I: Climate Change 2021 – The Physical Science Basis,Category
https://climatekg.tibwiki.io/entity/Q347,https://climatekg.tibwiki.io/entity/Q106,https://climatekg.tibwiki.io/entity/Q1,Biosphere,"Working Group II: Climate Change 2022 – Impacts, Adaptation and Vulnerability",Category
https://climatekg.tibwiki.io/entity/Q348,https://climatekg.tibwiki.io/entity/Q77,https://climatekg.tibwiki.io/entity/Q1,Bipolar seesaw,Working Group I: Climate Change 2021 – The Physical Science Basis,Category
https://climatekg.tibwiki.io/entity/Q349,https://climatekg.tibwiki.io/entity/Q77,https://climatekg.tibwiki.io/entity/Q1,Black carbon,Working Group I: Climate Change 2021 – The Physical Science Basis,Category
https://climatekg.tibwiki.io/entity/Q349,https://climatekg.tibwiki.io/entity/Q150,https://climatekg.tibwiki.io/entity/Q1,Black carbon,Working Group III: Climate Change 2022 – Mitigation of Climate Change,Category
https://climatekg.tibwiki.io/entity/Q350,https://climatekg.tibwiki.io/entity/Q77,https://climatekg.tibwiki.io/entity/Q1,Blocking,Working Group I: Climate Change 2021 – The Physical Science Basis,Category
https://climatekg.tibwiki.io/entity/Q351,https://climatekg.tibwiki.io/entity/Q77,https://climatekg.tibwiki.io/entity/Q1,Blue carbon,Working Group I: Climate Change 2021 – The Physical Science Basis,Category
https://climatekg.tibwiki.io/entity/Q351,https://climatekg.tibwiki.io/entity/Q106,https://climatekg.tibwiki.io/entity/Q1,Blue carbon,"Working Group II: Climate Change 2022 – Impacts, Adaptation and Vulnerability",Category
https://climatekg.tibwiki.io/entity/Q351,https://climatekg.tibwiki.io/entity/Q150,https://climatekg.tibwiki.io/entity/Q1,Blue carbon,Working Group III: Climate Change 2022 – Mitigation of Climate Change,Category
https://climatekg.tibwiki.io/entity/Q352,https://climatekg.tibwiki.io/entity/Q106,https://climatekg.tibwiki.io/entity/Q1,Blue infrastructure,"Working Group II: Climate Change 2022 – Impacts, Adaptation and Vulnerability",Category
https://climatekg.tibwiki.io/entity/Q352,https://climatekg.tibwiki.io/entity/Q150,https://climatekg.tibwiki.io/entity/Q1,Blue infrastructure,Working Group III: Climate Change 2022 – Mitigation of Climate Change,Category
https://climatekg.tibwiki.io/entity/Q353,https://climatekg.tibwiki.io/entity/Q77,https://climatekg.tibwiki.io/entity/Q1,Brewer–Dobson circulation,Working Group I: Climate Change 2021 – The Physical Science Basis,Category
https://climatekg.tibwiki.io/entity/Q354,https://climatekg.tibwiki.io/entity/Q77,https://climatekg.tibwiki.io/entity/Q1,Burden,Working Group I: Climate Change 2021 – The Physical Science Basis,Category
https://climatekg.tibwiki.io/entity/Q354,https://climatekg.tibwiki.io/entity/Q106,https://climatekg.tibwiki.io/entity/Q1,Burden,"Working Group II: Climate Change 2022 – Impacts, Adaptation and Vulnerability",Category
https://climatekg.tibwiki.io/entity/Q355,https://climatekg.tibwiki.io/entity/Q77,https://climatekg.tibwiki.io/entity/Q1,Business as usual,Working Group I: Climate Change 2021 – The Physical Science Basis,Category
https://climatekg.tibwiki.io/entity/Q355,https://climatekg.tibwiki.io/entity/Q106,https://climatekg.tibwiki.io/entity/Q1,Business as usual,"Working Group II: Climate Change 2022 – Impacts, Adaptation and Vulnerability",Category
https://climatekg.tibwiki.io/entity/Q355,https://climatekg.tibwiki.io/entity/Q150,https://climatekg.tibwiki.io/entity/Q1,Business as usual,Working Group III: Climate Change 2022 – Mitigation of Climate Change,Category
https://climatekg.tibwiki.io/entity/Q357,https://climatekg.tibwiki.io/entity/Q77,https://climatekg.tibwiki.io/entity/Q1,CO2 equivalent emission,Working Group I: Climate Change 2021 – The Physical Science Basis,Category
https://climatekg.tibwiki.io/entity/Q357,https://climatekg.tibwiki.io/entity/Q150,https://climatekg.tibwiki.io/entity/Q1,CO2 equivalent emission,Working Group III: Climate Change 2022 – Mitigation of Climate Change,Category
https://climatekg.tibwiki.io/entity/Q358,https://climatekg.tibwiki.io/entity/Q77,https://climatekg.tibwiki.io/entity/Q1,Calcification,Working Group I: Climate Change 2021 – The Physical Science Basis,Category
https://climatekg.tibwiki.io/entity/Q358,https://climatekg.tibwiki.io/entity/Q106,https://climatekg.tibwiki.io/entity/Q1,Calcification,"Working Group II: Climate Change 2022 – Impacts, Adaptation and Vulnerability",Category
https://climatekg.tibwiki.io/entity/Q359,https://climatekg.tibwiki.io/entity/Q77,https://climatekg.tibwiki.io/entity/Q1,Calving,Working Group I: Climate Change 2021 – The Physical Science Basis,Category
https://climatekg.tibwiki.io/entity/Q360,https://climatekg.tibwiki.io/entity/Q77,https://climatekg.tibwiki.io/entity/Q1,Canopy temperature,Working Group I: Climate Change 2021 – The Physical Science Basis,Category
https://climatekg.tibwiki.io/entity/Q361,https://climatekg.tibwiki.io/entity/Q106,https://climatekg.tibwiki.io/entity/Q1,Capacity building,"Working Group II: Climate Change 2022 – Impacts, Adaptation and Vulnerability",Category
https://climatekg.tibwiki.io/entity/Q363,https://climatekg.tibwiki.io/entity/Q77,https://climatekg.tibwiki.io/entity/Q1,Carbon cycle,Working Group I: Climate Change 2021 – The Physical Science Basis,Category
https://climatekg.tibwiki.io/entity/Q363,https://climatekg.tibwiki.io/entity/Q150,https://climatekg.tibwiki.io/entity/Q1,Carbon cycle,Working Group III: Climate Change 2022 – Mitigation of Climate Change,Category
https://climatekg.tibwiki.io/entity/Q364,https://climatekg.tibwiki.io/entity/Q77,https://climatekg.tibwiki.io/entity/Q1,Carbon dioxide,Working Group I: Climate Change 2021 – The Physical Science Basis,Category
https://climatekg.tibwiki.io/entity/Q364,https://climatekg.tibwiki.io/entity/Q106,https://climatekg.tibwiki.io/entity/Q1,Carbon dioxide,"Working Group II: Climate Change 2022 – Impacts, Adaptation and Vulnerability",Category
https://climatekg.tibwiki.io/entity/Q364,https://climatekg.tibwiki.io/entity/Q150,https://climatekg.tibwiki.io/entity/Q1,Carbon dioxide,Working Group III: Climate Change 2022 – Mitigation of Climate Change,Category
https://climatekg.tibwiki.io/entity/Q366,https://climatekg.tibwiki.io/entity/Q77,https://climatekg.tibwiki.io/entity/Q1,Carbon dioxide capture and storage,Working Group I: Climate Change 2021 – The Physical Science Basis,Category
https://climatekg.tibwiki.io/entity/Q366,https://climatekg.tibwiki.io/entity/Q150,https://climatekg.tibwiki.io/entity/Q1,Carbon dioxide capture and storage,Working Group III: Climate Change 2022 – Mitigation of Climate Change,Category
https://climatekg.tibwiki.io/entity/Q367,https://climatekg.tibwiki.io/entity/Q150,https://climatekg.tibwiki.io/entity/Q1,Carbon dioxide capture and utilisation,Working Group III: Climate Change 2022 – Mitigation of Climate Change,Category
https://climatekg.tibwiki.io/entity/Q365,https://climatekg.tibwiki.io/entity/Q77,https://climatekg.tibwiki.io/entity/Q1,Carbon dioxide fertilisation,Working Group I: Climate Change 2021 – The Physical Science Basis,Category
https://climatekg.tibwiki.io/entity/Q365,https://climatekg.tibwiki.io/entity/Q106,https://climatekg.tibwiki.io/entity/Q1,Carbon dioxide fertilisation,"Working Group II: Climate Change 2022 – Impacts, Adaptation and Vulnerability",Category
https://climatekg.tibwiki.io/entity/Q368,https://climatekg.tibwiki.io/entity/Q77,https://climatekg.tibwiki.io/entity/Q1,Carbon dioxide removal,Working Group I: Climate Change 2021 – The Physical Science Basis,Category
https://climatekg.tibwiki.io/entity/Q368,https://climatekg.tibwiki.io/entity/Q106,https://climatekg.tibwiki.io/entity/Q1,Carbon dioxide removal,"Working Group II: Climate Change 2022 – Impacts, Adaptation and Vulnerability",Category
https://climatekg.tibwiki.io/entity/Q368,https://climatekg.tibwiki.io/entity/Q150,https://climatekg.tibwiki.io/entity/Q1,Carbon dioxide removal,Working Group III: Climate Change 2022 – Mitigation of Climate Change,Category
https://climatekg.tibwiki.io/entity/Q369,https://climatekg.tibwiki.io/entity/Q77,https://climatekg.tibwiki.io/entity/Q1,Carbon feedback,Working Group I: Climate Change 2021 – The Physical Science Basis,Category
https://climatekg.tibwiki.io/entity/Q370,https://climatekg.tibwiki.io/entity/Q106,https://climatekg.tibwiki.io/entity/Q1,Carbon footprint,"Working Group II: Climate Change 2022 – Impacts, Adaptation and Vulnerability",Category
https://climatekg.tibwiki.io/entity/Q370,https://climatekg.tibwiki.io/entity/Q150,https://climatekg.tibwiki.io/entity/Q1,Carbon footprint,Working Group III: Climate Change 2022 – Mitigation of Climate Change,Category
https://climatekg.tibwiki.io/entity/Q371,https://climatekg.tibwiki.io/entity/Q150,https://climatekg.tibwiki.io/entity/Q1,Carbon intensity,Working Group III: Climate Change 2022 – Mitigation of Climate Change,Category
https://climatekg.tibwiki.io/entity/Q372,https://climatekg.tibwiki.io/entity/Q77,https://climatekg.tibwiki.io/entity/Q1,Carbon neutrality,Working Group I: Climate Change 2021 – The Physical Science Basis,Category
https://climatekg.tibwiki.io/entity/Q372,https://climatekg.tibwiki.io/entity/Q150,https://climatekg.tibwiki.io/entity/Q1,Carbon neutrality,Working Group III: Climate Change 2022 – Mitigation of Climate Change,Category
https://climatekg.tibwiki.io/entity/Q373,https://climatekg.tibwiki.io/entity/Q150,https://climatekg.tibwiki.io/entity/Q1,Carbon price,Working Group III: Climate Change 2022 – Mitigation of Climate Change,Category
https://climatekg.tibwiki.io/entity/Q374,https://climatekg.tibwiki.io/entity/Q77,https://climatekg.tibwiki.io/entity/Q1,Carbon sequestration,Working Group I: Climate Change 2021 – The Physical Science Basis,Category
https://climatekg.tibwiki.io/entity/Q375,https://climatekg.tibwiki.io/entity/Q106,https://climatekg.tibwiki.io/entity/Q1,Carbon stock,"Working Group II: Climate Change 2022 – Impacts, Adaptation and Vulnerability",Category
https://climatekg.tibwiki.io/entity/Q375,https://climatekg.tibwiki.io/entity/Q150,https://climatekg.tibwiki.io/entity/Q1,Carbon stock,Working Group III: Climate Change 2022 – Mitigation of Climate Change,Category
https://climatekg.tibwiki.io/entity/Q376,https://climatekg.tibwiki.io/entity/Q77,https://climatekg.tibwiki.io/entity/Q1,Carbonaceous aerosol,Working Group I: Climate Change 2021 – The Physical Science Basis,Category
https://climatekg.tibwiki.io/entity/Q377,https://climatekg.tibwiki.io/entity/Q77,https://climatekg.tibwiki.io/entity/Q1,Carbonate pump,Working Group I: Climate Change 2021 – The Physical Science Basis,Category
https://climatekg.tibwiki.io/entity/Q362,https://climatekg.tibwiki.io/entity/Q77,https://climatekg.tibwiki.io/entity/Q1,Carbon–climate feedback,Working Group I: Climate Change 2021 – The Physical Science Basis,Category
https://climatekg.tibwiki.io/entity/Q378,https://climatekg.tibwiki.io/entity/Q106,https://climatekg.tibwiki.io/entity/Q1,Cascading impacts,"Working Group II: Climate Change 2022 – Impacts, Adaptation and Vulnerability",Category
https://climatekg.tibwiki.io/entity/Q379,https://climatekg.tibwiki.io/entity/Q77,https://climatekg.tibwiki.io/entity/Q1,Catchment,Working Group I: Climate Change 2021 – The Physical Science Basis,Category
https://climatekg.tibwiki.io/entity/Q379,https://climatekg.tibwiki.io/entity/Q106,https://climatekg.tibwiki.io/entity/Q1,Catchment,"Working Group II: Climate Change 2022 – Impacts, Adaptation and Vulnerability",Category
https://climatekg.tibwiki.io/entity/Q380,https://climatekg.tibwiki.io/entity/Q77,https://climatekg.tibwiki.io/entity/Q1,Cenozoic Era,Working Group I: Climate Change 2021 – The Physical Science Basis,Category
https://climatekg.tibwiki.io/entity/Q381,https://climatekg.tibwiki.io/entity/Q77,https://climatekg.tibwiki.io/entity/Q1,Central Pacific El Niño,Working Group I: Climate Change 2021 – The Physical Science Basis,Category
https://climatekg.tibwiki.io/entity/Q382,https://climatekg.tibwiki.io/entity/Q77,https://climatekg.tibwiki.io/entity/Q1,Chaotic,Working Group I: Climate Change 2021 – The Physical Science Basis,Category
https://climatekg.tibwiki.io/entity/Q383,https://climatekg.tibwiki.io/entity/Q77,https://climatekg.tibwiki.io/entity/Q1,Charcoal,Working Group I: Climate Change 2021 – The Physical Science Basis,Category
https://climatekg.tibwiki.io/entity/Q384,https://climatekg.tibwiki.io/entity/Q77,https://climatekg.tibwiki.io/entity/Q1,Chlorofluorocarbons,Working Group I: Climate Change 2021 – The Physical Science Basis,Category
https://climatekg.tibwiki.io/entity/Q385,https://climatekg.tibwiki.io/entity/Q150,https://climatekg.tibwiki.io/entity/Q1,Choice architecture,Working Group III: Climate Change 2022 – Mitigation of Climate Change,Category
https://climatekg.tibwiki.io/entity/Q386,https://climatekg.tibwiki.io/entity/Q77,https://climatekg.tibwiki.io/entity/Q1,Chronology,Working Group I: Climate Change 2021 – The Physical Science Basis,Category
https://climatekg.tibwiki.io/entity/Q387,https://climatekg.tibwiki.io/entity/Q150,https://climatekg.tibwiki.io/entity/Q1,Circular economy,Working Group III: Climate Change 2022 – Mitigation of Climate Change,Category
https://climatekg.tibwiki.io/entity/Q388,https://climatekg.tibwiki.io/entity/Q77,https://climatekg.tibwiki.io/entity/Q1,Cirrus cloud thinning,Working Group I: Climate Change 2021 – The Physical Science Basis,Category
https://climatekg.tibwiki.io/entity/Q389,https://climatekg.tibwiki.io/entity/Q106,https://climatekg.tibwiki.io/entity/Q1,Cities,"Working Group II: Climate Change 2022 – Impacts, Adaptation and Vulnerability",Category
https://climatekg.tibwiki.io/entity/Q389,https://climatekg.tibwiki.io/entity/Q150,https://climatekg.tibwiki.io/entity/Q1,Cities,Working Group III: Climate Change 2022 – Mitigation of Climate Change,Category
https://climatekg.tibwiki.io/entity/Q390,https://climatekg.tibwiki.io/entity/Q150,https://climatekg.tibwiki.io/entity/Q1,Citizen science,Working Group III: Climate Change 2022 – Mitigation of Climate Change,Category
https://climatekg.tibwiki.io/entity/Q391,https://climatekg.tibwiki.io/entity/Q106,https://climatekg.tibwiki.io/entity/Q1,City region,"Working Group II: Climate Change 2022 – Impacts, Adaptation and Vulnerability",Category
https://climatekg.tibwiki.io/entity/Q391,https://climatekg.tibwiki.io/entity/Q150,https://climatekg.tibwiki.io/entity/Q1,City region,Working Group III: Climate Change 2022 – Mitigation of Climate Change,Category
https://climatekg.tibwiki.io/entity/Q392,https://climatekg.tibwiki.io/entity/Q77,https://climatekg.tibwiki.io/entity/Q1,Clathrate,Working Group I: Climate Change 2021 – The Physical Science Basis,Category
https://climatekg.tibwiki.io/entity/Q393,https://climatekg.tibwiki.io/entity/Q77,https://climatekg.tibwiki.io/entity/Q1,Clausius–Clapeyron equation/relationship,Working Group I: Climate Change 2021 – The Physical Science Basis,Category
https://climatekg.tibwiki.io/entity/Q394,https://climatekg.tibwiki.io/entity/Q77,https://climatekg.tibwiki.io/entity/Q1,Climate,Working Group I: Climate Change 2021 – The Physical Science Basis,Category
https://climatekg.tibwiki.io/entity/Q394,https://climatekg.tibwiki.io/entity/Q106,https://climatekg.tibwiki.io/entity/Q1,Climate,"Working Group II: Climate Change 2022 – Impacts, Adaptation and Vulnerability",Category
https://climatekg.tibwiki.io/entity/Q394,https://climatekg.tibwiki.io/entity/Q150,https://climatekg.tibwiki.io/entity/Q1,Climate,Working Group III: Climate Change 2022 – Mitigation of Climate Change,Category
https://climatekg.tibwiki.io/entity/Q397,https://climatekg.tibwiki.io/entity/Q77,https://climatekg.tibwiki.io/entity/Q1,Climate change commitment,Working Group I: Climate Change 2021 – The Physical Science Basis,Category
https://climatekg.tibwiki.io/entity/Q397,https://climatekg.tibwiki.io/entity/Q150,https://climatekg.tibwiki.io/entity/Q1,Climate change commitment,Working Group III: Climate Change 2022 – Mitigation of Climate Change,Category
https://climatekg.tibwiki.io/entity/Q398,https://climatekg.tibwiki.io/entity/Q77,https://climatekg.tibwiki.io/entity/Q1,Climate extreme,Working Group I: Climate Change 2021 – The Physical Science Basis,Category
https://climatekg.tibwiki.io/entity/Q398,https://climatekg.tibwiki.io/entity/Q106,https://climatekg.tibwiki.io/entity/Q1,Climate extreme,"Working Group II: Climate Change 2022 – Impacts, Adaptation and Vulnerability",Category
https://climatekg.tibwiki.io/entity/Q398,https://climatekg.tibwiki.io/entity/Q150,https://climatekg.tibwiki.io/entity/Q1,Climate extreme,Working Group III: Climate Change 2022 – Mitigation of Climate Change,Category
https://climatekg.tibwiki.io/entity/Q399,https://climatekg.tibwiki.io/entity/Q77,https://climatekg.tibwiki.io/entity/Q1,Climate feedback,Working Group I: Climate Change 2021 – The Physical Science Basis,Category
https://climatekg.tibwiki.io/entity/Q399,https://climatekg.tibwiki.io/entity/Q106,https://climatekg.tibwiki.io/entity/Q1,Climate feedback,"Working Group II: Climate Change 2022 – Impacts, Adaptation and Vulnerability",Category
https://climatekg.tibwiki.io/entity/Q400,https://climatekg.tibwiki.io/entity/Q77,https://climatekg.tibwiki.io/entity/Q1,Climate feedback parameter,Working Group I: Climate Change 2021 – The Physical Science Basis,Category
https://climatekg.tibwiki.io/entity/Q401,https://climatekg.tibwiki.io/entity/Q106,https://climatekg.tibwiki.io/entity/Q1,Climate finance,"Working Group II: Climate Change 2022 – Impacts, Adaptation and Vulnerability",Category
https://climatekg.tibwiki.io/entity/Q401,https://climatekg.tibwiki.io/entity/Q150,https://climatekg.tibwiki.io/entity/Q1,Climate finance,Working Group III: Climate Change 2022 – Mitigation of Climate Change,Category
https://climatekg.tibwiki.io/entity/Q402,https://climatekg.tibwiki.io/entity/Q77,https://climatekg.tibwiki.io/entity/Q1,Climate forecast,Working Group I: Climate Change 2021 – The Physical Science Basis,Category
https://climatekg.tibwiki.io/entity/Q403,https://climatekg.tibwiki.io/entity/Q106,https://climatekg.tibwiki.io/entity/Q1,Climate governance,"Working Group II: Climate Change 2022 – Impacts, Adaptation and Vulnerability",Category
https://climatekg.tibwiki.io/entity/Q403,https://climatekg.tibwiki.io/entity/Q150,https://climatekg.tibwiki.io/entity/Q1,Climate governance,Working Group III: Climate Change 2022 – Mitigation of Climate Change,Category
https://climatekg.tibwiki.io/entity/Q404,https://climatekg.tibwiki.io/entity/Q77,https://climatekg.tibwiki.io/entity/Q1,Climate index,Working Group I: Climate Change 2021 – The Physical Science Basis,Category
https://climatekg.tibwiki.io/entity/Q405,https://climatekg.tibwiki.io/entity/Q77,https://climatekg.tibwiki.io/entity/Q1,Climate indicator,Working Group I: Climate Change 2021 – The Physical Science Basis,Category
https://climatekg.tibwiki.io/entity/Q406,https://climatekg.tibwiki.io/entity/Q77,https://climatekg.tibwiki.io/entity/Q1,Climate information,Working Group I: Climate Change 2021 – The Physical Science Basis,Category
https://climatekg.tibwiki.io/entity/Q406,https://climatekg.tibwiki.io/entity/Q106,https://climatekg.tibwiki.io/entity/Q1,Climate information,"Working Group II: Climate Change 2022 – Impacts, Adaptation and Vulnerability",Category
https://climatekg.tibwiki.io/entity/Q407,https://climatekg.tibwiki.io/entity/Q106,https://climatekg.tibwiki.io/entity/Q1,Climate justice,"Working Group II: Climate Change 2022 – Impacts, Adaptation and Vulnerability",Category
https://climatekg.tibwiki.io/entity/Q407,https://climatekg.tibwiki.io/entity/Q150,https://climatekg.tibwiki.io/entity/Q1,Climate justice,Working Group III: Climate Change 2022 – Mitigation of Climate Change,Category
https://climatekg.tibwiki.io/entity/Q408,https://climatekg.tibwiki.io/entity/Q106,https://climatekg.tibwiki.io/entity/Q1,Climate literacy,"Working Group II: Climate Change 2022 – Impacts, Adaptation and Vulnerability",Category
https://climatekg.tibwiki.io/entity/Q409,https://climatekg.tibwiki.io/entity/Q77,https://climatekg.tibwiki.io/entity/Q1,Climate metrics,Working Group I: Climate Change 2021 – The Physical Science Basis,Category
https://climatekg.tibwiki.io/entity/Q410,https://climatekg.tibwiki.io/entity/Q77,https://climatekg.tibwiki.io/entity/Q1,Climate model,Working Group I: Climate Change 2021 – The Physical Science Basis,Category
https://climatekg.tibwiki.io/entity/Q410,https://climatekg.tibwiki.io/entity/Q106,https://climatekg.tibwiki.io/entity/Q1,Climate model,"Working Group II: Climate Change 2022 – Impacts, Adaptation and Vulnerability",Category
https://climatekg.tibwiki.io/entity/Q410,https://climatekg.tibwiki.io/entity/Q150,https://climatekg.tibwiki.io/entity/Q1,Climate model,Working Group III: Climate Change 2022 – Mitigation of Climate Change,Category
https://climatekg.tibwiki.io/entity/Q411,https://climatekg.tibwiki.io/entity/Q77,https://climatekg.tibwiki.io/entity/Q1,Climate pattern,Working Group I: Climate Change 2021 – The Physical Science Basis,Category
https://climatekg.tibwiki.io/entity/Q412,https://climatekg.tibwiki.io/entity/Q77,https://climatekg.tibwiki.io/entity/Q1,Climate prediction,Working Group I: Climate Change 2021 – The Physical Science Basis,Category
https://climatekg.tibwiki.io/entity/Q412,https://climatekg.tibwiki.io/entity/Q106,https://climatekg.tibwiki.io/entity/Q1,Climate prediction,"Working Group II: Climate Change 2022 – Impacts, Adaptation and Vulnerability",Category
https://climatekg.tibwiki.io/entity/Q413,https://climatekg.tibwiki.io/entity/Q77,https://climatekg.tibwiki.io/entity/Q1,Climate projection,Working Group I: Climate Change 2021 – The Physical Science Basis,Category
https://climatekg.tibwiki.io/entity/Q413,https://climatekg.tibwiki.io/entity/Q106,https://climatekg.tibwiki.io/entity/Q1,Climate projection,"Working Group II: Climate Change 2022 – Impacts, Adaptation and Vulnerability",Category
https://climatekg.tibwiki.io/entity/Q413,https://climatekg.tibwiki.io/entity/Q150,https://climatekg.tibwiki.io/entity/Q1,Climate projection,Working Group III: Climate Change 2022 – Mitigation of Climate Change,Category
https://climatekg.tibwiki.io/entity/Q414,https://climatekg.tibwiki.io/entity/Q106,https://climatekg.tibwiki.io/entity/Q1,Climate refugium,"Working Group II: Climate Change 2022 – Impacts, Adaptation and Vulnerability",Category
https://climatekg.tibwiki.io/entity/Q415,https://climatekg.tibwiki.io/entity/Q106,https://climatekg.tibwiki.io/entity/Q1,Climate resilient development,"Working Group II: Climate Change 2022 – Impacts, Adaptation and Vulnerability",Category
https://climatekg.tibwiki.io/entity/Q416,https://climatekg.tibwiki.io/entity/Q106,https://climatekg.tibwiki.io/entity/Q1,Climate resilient development pathways,"Working Group II: Climate Change 2022 – Impacts, Adaptation and Vulnerability",Category
https://climatekg.tibwiki.io/entity/Q418,https://climatekg.tibwiki.io/entity/Q77,https://climatekg.tibwiki.io/entity/Q1,Climate response,Working Group I: Climate Change 2021 – The Physical Science Basis,Category
https://climatekg.tibwiki.io/entity/Q419,https://climatekg.tibwiki.io/entity/Q77,https://climatekg.tibwiki.io/entity/Q1,Climate sensitivity,Working Group I: Climate Change 2021 – The Physical Science Basis,Category
https://climatekg.tibwiki.io/entity/Q419,https://climatekg.tibwiki.io/entity/Q150,https://climatekg.tibwiki.io/entity/Q1,Climate sensitivity,Working Group III: Climate Change 2022 – Mitigation of Climate Change,Category
https://climatekg.tibwiki.io/entity/Q420,https://climatekg.tibwiki.io/entity/Q77,https://climatekg.tibwiki.io/entity/Q1,Climate services,Working Group I: Climate Change 2021 – The Physical Science Basis,Category
https://climatekg.tibwiki.io/entity/Q420,https://climatekg.tibwiki.io/entity/Q106,https://climatekg.tibwiki.io/entity/Q1,Climate services,"Working Group II: Climate Change 2022 – Impacts, Adaptation and Vulnerability",Category
https://climatekg.tibwiki.io/entity/Q420,https://climatekg.tibwiki.io/entity/Q150,https://climatekg.tibwiki.io/entity/Q1,Climate services,Working Group III: Climate Change 2022 – Mitigation of Climate Change,Category
https://climatekg.tibwiki.io/entity/Q421,https://climatekg.tibwiki.io/entity/Q77,https://climatekg.tibwiki.io/entity/Q1,Climate simulation ensemble,Working Group I: Climate Change 2021 – The Physical Science Basis,Category
https://climatekg.tibwiki.io/entity/Q421,https://climatekg.tibwiki.io/entity/Q106,https://climatekg.tibwiki.io/entity/Q1,Climate simulation ensemble,"Working Group II: Climate Change 2022 – Impacts, Adaptation and Vulnerability",Category
https://climatekg.tibwiki.io/entity/Q423,https://climatekg.tibwiki.io/entity/Q77,https://climatekg.tibwiki.io/entity/Q1,Climate system,Working Group I: Climate Change 2021 – The Physical Science Basis,Category
https://climatekg.tibwiki.io/entity/Q423,https://climatekg.tibwiki.io/entity/Q106,https://climatekg.tibwiki.io/entity/Q1,Climate system,"Working Group II: Climate Change 2022 – Impacts, Adaptation and Vulnerability",Category
https://climatekg.tibwiki.io/entity/Q423,https://climatekg.tibwiki.io/entity/Q150,https://climatekg.tibwiki.io/entity/Q1,Climate system,Working Group III: Climate Change 2022 – Mitigation of Climate Change,Category
https://climatekg.tibwiki.io/entity/Q424,https://climatekg.tibwiki.io/entity/Q77,https://climatekg.tibwiki.io/entity/Q1,Climate threshold,Working Group I: Climate Change 2021 – The Physical Science Basis,Category
https://climatekg.tibwiki.io/entity/Q425,https://climatekg.tibwiki.io/entity/Q77,https://climatekg.tibwiki.io/entity/Q1,Climate variability,Working Group I: Climate Change 2021 – The Physical Science Basis,Category
https://climatekg.tibwiki.io/entity/Q425,https://climatekg.tibwiki.io/entity/Q106,https://climatekg.tibwiki.io/entity/Q1,Climate variability,"Working Group II: Climate Change 2022 – Impacts, Adaptation and Vulnerability",Category
https://climatekg.tibwiki.io/entity/Q425,https://climatekg.tibwiki.io/entity/Q150,https://climatekg.tibwiki.io/entity/Q1,Climate variability,Working Group III: Climate Change 2022 – Mitigation of Climate Change,Category
https://climatekg.tibwiki.io/entity/Q426,https://climatekg.tibwiki.io/entity/Q77,https://climatekg.tibwiki.io/entity/Q1,Climate velocity,Working Group I: Climate Change 2021 – The Physical Science Basis,Category
https://climatekg.tibwiki.io/entity/Q426,https://climatekg.tibwiki.io/entity/Q106,https://climatekg.tibwiki.io/entity/Q1,Climate velocity,"Working Group II: Climate Change 2022 – Impacts, Adaptation and Vulnerability",Category
https://climatekg.tibwiki.io/entity/Q417,https://climatekg.tibwiki.io/entity/Q106,https://climatekg.tibwiki.io/entity/Q1,Climate-resilient pathways,"Working Group II: Climate Change 2022 – Impacts, Adaptation and Vulnerability",Category
https://climatekg.tibwiki.io/entity/Q417,https://climatekg.tibwiki.io/entity/Q150,https://climatekg.tibwiki.io/entity/Q1,Climate-resilient pathways,Working Group III: Climate Change 2022 – Mitigation of Climate Change,Category
https://climatekg.tibwiki.io/entity/Q422,https://climatekg.tibwiki.io/entity/Q106,https://climatekg.tibwiki.io/entity/Q1,Climate-smart agriculture,"Working Group II: Climate Change 2022 – Impacts, Adaptation and Vulnerability",Category
https://climatekg.tibwiki.io/entity/Q395,https://climatekg.tibwiki.io/entity/Q77,https://climatekg.tibwiki.io/entity/Q1,Climate–carbon cycle feedback,Working Group I: Climate Change 2021 – The Physical Science Basis,Category
https://climatekg.tibwiki.io/entity/Q427,https://climatekg.tibwiki.io/entity/Q106,https://climatekg.tibwiki.io/entity/Q1,Climatic driver,"Working Group II: Climate Change 2022 – Impacts, Adaptation and Vulnerability",Category
https://climatekg.tibwiki.io/entity/Q428,https://climatekg.tibwiki.io/entity/Q77,https://climatekg.tibwiki.io/entity/Q1,Climatic impact-driver,Working Group I: Climate Change 2021 – The Physical Science Basis,Category
https://climatekg.tibwiki.io/entity/Q429,https://climatekg.tibwiki.io/entity/Q77,https://climatekg.tibwiki.io/entity/Q1,Cloud condensation nuclei,Working Group I: Climate Change 2021 – The Physical Science Basis,Category
https://climatekg.tibwiki.io/entity/Q430,https://climatekg.tibwiki.io/entity/Q77,https://climatekg.tibwiki.io/entity/Q1,Cloud feedback,Working Group I: Climate Change 2021 – The Physical Science Basis,Category
https://climatekg.tibwiki.io/entity/Q431,https://climatekg.tibwiki.io/entity/Q77,https://climatekg.tibwiki.io/entity/Q1,Cloud radiative effect,Working Group I: Climate Change 2021 – The Physical Science Basis,Category
https://climatekg.tibwiki.io/entity/Q432,https://climatekg.tibwiki.io/entity/Q77,https://climatekg.tibwiki.io/entity/Q1,Cloud-resolving models,Working Group I: Climate Change 2021 – The Physical Science Basis,Category
https://climatekg.tibwiki.io/entity/Q433,https://climatekg.tibwiki.io/entity/Q106,https://climatekg.tibwiki.io/entity/Q1,Co-benefits,"Working Group II: Climate Change 2022 – Impacts, Adaptation and Vulnerability",Category
https://climatekg.tibwiki.io/entity/Q433,https://climatekg.tibwiki.io/entity/Q150,https://climatekg.tibwiki.io/entity/Q1,Co-benefits,Working Group III: Climate Change 2022 – Mitigation of Climate Change,Category
https://climatekg.tibwiki.io/entity/Q434,https://climatekg.tibwiki.io/entity/Q77,https://climatekg.tibwiki.io/entity/Q1,Coast,Working Group I: Climate Change 2021 – The Physical Science Basis,Category
https://climatekg.tibwiki.io/entity/Q434,https://climatekg.tibwiki.io/entity/Q106,https://climatekg.tibwiki.io/entity/Q1,Coast,"Working Group II: Climate Change 2022 – Impacts, Adaptation and Vulnerability",Category
https://climatekg.tibwiki.io/entity/Q435,https://climatekg.tibwiki.io/entity/Q106,https://climatekg.tibwiki.io/entity/Q1,Coastal erosion,"Working Group II: Climate Change 2022 – Impacts, Adaptation and Vulnerability",Category
https://climatekg.tibwiki.io/entity/Q436,https://climatekg.tibwiki.io/entity/Q77,https://climatekg.tibwiki.io/entity/Q1,Cold days/cold nights,Working Group I: Climate Change 2021 – The Physical Science Basis,Category
https://climatekg.tibwiki.io/entity/Q437,https://climatekg.tibwiki.io/entity/Q77,https://climatekg.tibwiki.io/entity/Q1,Common era,Working Group I: Climate Change 2021 – The Physical Science Basis,Category
https://climatekg.tibwiki.io/entity/Q438,https://climatekg.tibwiki.io/entity/Q106,https://climatekg.tibwiki.io/entity/Q1,Communicable disease,"Working Group II: Climate Change 2022 – Impacts, Adaptation and Vulnerability",Category
https://climatekg.tibwiki.io/entity/Q439,https://climatekg.tibwiki.io/entity/Q106,https://climatekg.tibwiki.io/entity/Q1,Community-based adaptation,"Working Group II: Climate Change 2022 – Impacts, Adaptation and Vulnerability",Category
https://climatekg.tibwiki.io/entity/Q440,https://climatekg.tibwiki.io/entity/Q77,https://climatekg.tibwiki.io/entity/Q1,Compatible emissions,Working Group I: Climate Change 2021 – The Physical Science Basis,Category
https://climatekg.tibwiki.io/entity/Q441,https://climatekg.tibwiki.io/entity/Q106,https://climatekg.tibwiki.io/entity/Q1,Compound risks,"Working Group II: Climate Change 2022 – Impacts, Adaptation and Vulnerability",Category
https://climatekg.tibwiki.io/entity/Q442,https://climatekg.tibwiki.io/entity/Q77,https://climatekg.tibwiki.io/entity/Q1,Compound weather/climate events,Working Group I: Climate Change 2021 – The Physical Science Basis,Category
https://climatekg.tibwiki.io/entity/Q442,https://climatekg.tibwiki.io/entity/Q106,https://climatekg.tibwiki.io/entity/Q1,Compound weather/climate events,"Working Group II: Climate Change 2022 – Impacts, Adaptation and Vulnerability",Category
https://climatekg.tibwiki.io/entity/Q443,https://climatekg.tibwiki.io/entity/Q77,https://climatekg.tibwiki.io/entity/Q1,Concentrations scenario,Working Group I: Climate Change 2021 – The Physical Science Basis,Category
https://climatekg.tibwiki.io/entity/Q443,https://climatekg.tibwiki.io/entity/Q106,https://climatekg.tibwiki.io/entity/Q1,Concentrations scenario,"Working Group II: Climate Change 2022 – Impacts, Adaptation and Vulnerability",Category
https://climatekg.tibwiki.io/entity/Q443,https://climatekg.tibwiki.io/entity/Q150,https://climatekg.tibwiki.io/entity/Q1,Concentrations scenario,Working Group III: Climate Change 2022 – Mitigation of Climate Change,Category
https://climatekg.tibwiki.io/entity/Q444,https://climatekg.tibwiki.io/entity/Q150,https://climatekg.tibwiki.io/entity/Q1,Conference of the Parties,Working Group III: Climate Change 2022 – Mitigation of Climate Change,Category
https://climatekg.tibwiki.io/entity/Q445,https://climatekg.tibwiki.io/entity/Q77,https://climatekg.tibwiki.io/entity/Q1,Confidence,Working Group I: Climate Change 2021 – The Physical Science Basis,Category
https://climatekg.tibwiki.io/entity/Q445,https://climatekg.tibwiki.io/entity/Q106,https://climatekg.tibwiki.io/entity/Q1,Confidence,"Working Group II: Climate Change 2022 – Impacts, Adaptation and Vulnerability",Category
https://climatekg.tibwiki.io/entity/Q445,https://climatekg.tibwiki.io/entity/Q150,https://climatekg.tibwiki.io/entity/Q1,Confidence,Working Group III: Climate Change 2022 – Mitigation of Climate Change,Category
https://climatekg.tibwiki.io/entity/Q446,https://climatekg.tibwiki.io/entity/Q106,https://climatekg.tibwiki.io/entity/Q1,Conservation agriculture,"Working Group II: Climate Change 2022 – Impacts, Adaptation and Vulnerability",Category
https://climatekg.tibwiki.io/entity/Q446,https://climatekg.tibwiki.io/entity/Q150,https://climatekg.tibwiki.io/entity/Q1,Conservation agriculture,Working Group III: Climate Change 2022 – Mitigation of Climate Change,Category
https://climatekg.tibwiki.io/entity/Q447,https://climatekg.tibwiki.io/entity/Q77,https://climatekg.tibwiki.io/entity/Q1,Constant composition commitment,Working Group I: Climate Change 2021 – The Physical Science Basis,Category
https://climatekg.tibwiki.io/entity/Q448,https://climatekg.tibwiki.io/entity/Q77,https://climatekg.tibwiki.io/entity/Q1,Constant emissions commitment,Working Group I: Climate Change 2021 – The Physical Science Basis,Category
https://climatekg.tibwiki.io/entity/Q449,https://climatekg.tibwiki.io/entity/Q150,https://climatekg.tibwiki.io/entity/Q1,Consumption-based emissions,Working Group III: Climate Change 2022 – Mitigation of Climate Change,Category
https://climatekg.tibwiki.io/entity/Q450,https://climatekg.tibwiki.io/entity/Q77,https://climatekg.tibwiki.io/entity/Q1,Convection,Working Group I: Climate Change 2021 – The Physical Science Basis,Category
https://climatekg.tibwiki.io/entity/Q451,https://climatekg.tibwiki.io/entity/Q106,https://climatekg.tibwiki.io/entity/Q1,Coping,"Working Group II: Climate Change 2022 – Impacts, Adaptation and Vulnerability",Category
https://climatekg.tibwiki.io/entity/Q452,https://climatekg.tibwiki.io/entity/Q106,https://climatekg.tibwiki.io/entity/Q1,Coping capacity,"Working Group II: Climate Change 2022 – Impacts, Adaptation and Vulnerability",Category
https://climatekg.tibwiki.io/entity/Q452,https://climatekg.tibwiki.io/entity/Q150,https://climatekg.tibwiki.io/entity/Q1,Coping capacity,Working Group III: Climate Change 2022 – Mitigation of Climate Change,Category
https://climatekg.tibwiki.io/entity/Q453,https://climatekg.tibwiki.io/entity/Q77,https://climatekg.tibwiki.io/entity/Q1,Coral bleaching,Working Group I: Climate Change 2021 – The Physical Science Basis,Category
https://climatekg.tibwiki.io/entity/Q453,https://climatekg.tibwiki.io/entity/Q106,https://climatekg.tibwiki.io/entity/Q1,Coral bleaching,"Working Group II: Climate Change 2022 – Impacts, Adaptation and Vulnerability",Category
https://climatekg.tibwiki.io/entity/Q454,https://climatekg.tibwiki.io/entity/Q77,https://climatekg.tibwiki.io/entity/Q1,Coral reef,Working Group I: Climate Change 2021 – The Physical Science Basis,Category
https://climatekg.tibwiki.io/entity/Q454,https://climatekg.tibwiki.io/entity/Q106,https://climatekg.tibwiki.io/entity/Q1,Coral reef,"Working Group II: Climate Change 2022 – Impacts, Adaptation and Vulnerability",Category
https://climatekg.tibwiki.io/entity/Q455,https://climatekg.tibwiki.io/entity/Q77,https://climatekg.tibwiki.io/entity/Q1,Cosmogenic radioisotopes,Working Group I: Climate Change 2021 – The Physical Science Basis,Category
https://climatekg.tibwiki.io/entity/Q457,https://climatekg.tibwiki.io/entity/Q150,https://climatekg.tibwiki.io/entity/Q1,Cost-effectiveness analysis,Working Group III: Climate Change 2022 – Mitigation of Climate Change,Category
https://climatekg.tibwiki.io/entity/Q456,https://climatekg.tibwiki.io/entity/Q106,https://climatekg.tibwiki.io/entity/Q1,Cost–benefit analysis,"Working Group II: Climate Change 2022 – Impacts, Adaptation and Vulnerability",Category
https://climatekg.tibwiki.io/entity/Q456,https://climatekg.tibwiki.io/entity/Q150,https://climatekg.tibwiki.io/entity/Q1,Cost–benefit analysis,Working Group III: Climate Change 2022 – Mitigation of Climate Change,Category
https://climatekg.tibwiki.io/entity/Q458,https://climatekg.tibwiki.io/entity/Q77,https://climatekg.tibwiki.io/entity/Q1,Coupled Model Intercomparison Project,Working Group I: Climate Change 2021 – The Physical Science Basis,Category
https://climatekg.tibwiki.io/entity/Q458,https://climatekg.tibwiki.io/entity/Q106,https://climatekg.tibwiki.io/entity/Q1,Coupled Model Intercomparison Project,"Working Group II: Climate Change 2022 – Impacts, Adaptation and Vulnerability",Category
https://climatekg.tibwiki.io/entity/Q459,https://climatekg.tibwiki.io/entity/Q77,https://climatekg.tibwiki.io/entity/Q1,Cryosphere,Working Group I: Climate Change 2021 – The Physical Science Basis,Category
https://climatekg.tibwiki.io/entity/Q459,https://climatekg.tibwiki.io/entity/Q106,https://climatekg.tibwiki.io/entity/Q1,Cryosphere,"Working Group II: Climate Change 2022 – Impacts, Adaptation and Vulnerability",Category
https://climatekg.tibwiki.io/entity/Q460,https://climatekg.tibwiki.io/entity/Q106,https://climatekg.tibwiki.io/entity/Q1,Cultural impacts,"Working Group II: Climate Change 2022 – Impacts, Adaptation and Vulnerability",Category
https://climatekg.tibwiki.io/entity/Q461,https://climatekg.tibwiki.io/entity/Q77,https://climatekg.tibwiki.io/entity/Q1,Cumulative emissions,Working Group I: Climate Change 2021 – The Physical Science Basis,Category
https://climatekg.tibwiki.io/entity/Q461,https://climatekg.tibwiki.io/entity/Q150,https://climatekg.tibwiki.io/entity/Q1,Cumulative emissions,Working Group III: Climate Change 2022 – Mitigation of Climate Change,Category
https://climatekg.tibwiki.io/entity/Q462,https://climatekg.tibwiki.io/entity/Q77,https://climatekg.tibwiki.io/entity/Q1,Dansgaard-Oeschger events,Working Group I: Climate Change 2021 – The Physical Science Basis,Category
https://climatekg.tibwiki.io/entity/Q463,https://climatekg.tibwiki.io/entity/Q77,https://climatekg.tibwiki.io/entity/Q1,Data assimilation,Working Group I: Climate Change 2021 – The Physical Science Basis,Category
https://climatekg.tibwiki.io/entity/Q464,https://climatekg.tibwiki.io/entity/Q77,https://climatekg.tibwiki.io/entity/Q1,Dead zones,Working Group I: Climate Change 2021 – The Physical Science Basis,Category
https://climatekg.tibwiki.io/entity/Q465,https://climatekg.tibwiki.io/entity/Q77,https://climatekg.tibwiki.io/entity/Q1,Decadal predictability,Working Group I: Climate Change 2021 – The Physical Science Basis,Category
https://climatekg.tibwiki.io/entity/Q466,https://climatekg.tibwiki.io/entity/Q77,https://climatekg.tibwiki.io/entity/Q1,Decadal prediction,Working Group I: Climate Change 2021 – The Physical Science Basis,Category
https://climatekg.tibwiki.io/entity/Q467,https://climatekg.tibwiki.io/entity/Q77,https://climatekg.tibwiki.io/entity/Q1,Decadal variability,Working Group I: Climate Change 2021 – The Physical Science Basis,Category
https://climatekg.tibwiki.io/entity/Q468,https://climatekg.tibwiki.io/entity/Q106,https://climatekg.tibwiki.io/entity/Q1,Decarbonisation,"Working Group II: Climate Change 2022 – Impacts, Adaptation and Vulnerability",Category
https://climatekg.tibwiki.io/entity/Q468,https://climatekg.tibwiki.io/entity/Q150,https://climatekg.tibwiki.io/entity/Q1,Decarbonisation,Working Group III: Climate Change 2022 – Mitigation of Climate Change,Category
https://climatekg.tibwiki.io/entity/Q469,https://climatekg.tibwiki.io/entity/Q150,https://climatekg.tibwiki.io/entity/Q1,Decent Living Standard,Working Group III: Climate Change 2022 – Mitigation of Climate Change,Category
https://climatekg.tibwiki.io/entity/Q470,https://climatekg.tibwiki.io/entity/Q150,https://climatekg.tibwiki.io/entity/Q1,Decoupling,Working Group III: Climate Change 2022 – Mitigation of Climate Change,Category
https://climatekg.tibwiki.io/entity/Q471,https://climatekg.tibwiki.io/entity/Q77,https://climatekg.tibwiki.io/entity/Q1,Deep uncertainty,Working Group I: Climate Change 2021 – The Physical Science Basis,Category
https://climatekg.tibwiki.io/entity/Q471,https://climatekg.tibwiki.io/entity/Q106,https://climatekg.tibwiki.io/entity/Q1,Deep uncertainty,"Working Group II: Climate Change 2022 – Impacts, Adaptation and Vulnerability",Category
https://climatekg.tibwiki.io/entity/Q472,https://climatekg.tibwiki.io/entity/Q77,https://climatekg.tibwiki.io/entity/Q1,Deforestation,Working Group I: Climate Change 2021 – The Physical Science Basis,Category
https://climatekg.tibwiki.io/entity/Q472,https://climatekg.tibwiki.io/entity/Q106,https://climatekg.tibwiki.io/entity/Q1,Deforestation,"Working Group II: Climate Change 2022 – Impacts, Adaptation and Vulnerability",Category
https://climatekg.tibwiki.io/entity/Q472,https://climatekg.tibwiki.io/entity/Q150,https://climatekg.tibwiki.io/entity/Q1,Deforestation,Working Group III: Climate Change 2022 – Mitigation of Climate Change,Category
https://climatekg.tibwiki.io/entity/Q473,https://climatekg.tibwiki.io/entity/Q77,https://climatekg.tibwiki.io/entity/Q1,Deglacial or deglaciation or glacial termination,Working Group I: Climate Change 2021 – The Physical Science Basis,Category
https://climatekg.tibwiki.io/entity/Q474,https://climatekg.tibwiki.io/entity/Q106,https://climatekg.tibwiki.io/entity/Q1,Deliberate transformations,"Working Group II: Climate Change 2022 – Impacts, Adaptation and Vulnerability",Category
https://climatekg.tibwiki.io/entity/Q475,https://climatekg.tibwiki.io/entity/Q150,https://climatekg.tibwiki.io/entity/Q1,Deliberative governance,Working Group III: Climate Change 2022 – Mitigation of Climate Change,Category
https://climatekg.tibwiki.io/entity/Q476,https://climatekg.tibwiki.io/entity/Q150,https://climatekg.tibwiki.io/entity/Q1,Demand,Working Group III: Climate Change 2022 – Mitigation of Climate Change,Category
https://climatekg.tibwiki.io/entity/Q477,https://climatekg.tibwiki.io/entity/Q150,https://climatekg.tibwiki.io/entity/Q1,Demand- and supply-side measures,Working Group III: Climate Change 2022 – Mitigation of Climate Change,Category
https://climatekg.tibwiki.io/entity/Q478,https://climatekg.tibwiki.io/entity/Q150,https://climatekg.tibwiki.io/entity/Q1,Demand-side measures,Working Group III: Climate Change 2022 – Mitigation of Climate Change,Category
https://climatekg.tibwiki.io/entity/Q479,https://climatekg.tibwiki.io/entity/Q106,https://climatekg.tibwiki.io/entity/Q1,Desertification,"Working Group II: Climate Change 2022 – Impacts, Adaptation and Vulnerability",Category
https://climatekg.tibwiki.io/entity/Q479,https://climatekg.tibwiki.io/entity/Q150,https://climatekg.tibwiki.io/entity/Q1,Desertification,Working Group III: Climate Change 2022 – Mitigation of Climate Change,Category
https://climatekg.tibwiki.io/entity/Q480,https://climatekg.tibwiki.io/entity/Q77,https://climatekg.tibwiki.io/entity/Q1,Detection,Working Group I: Climate Change 2021 – The Physical Science Basis,Category
https://climatekg.tibwiki.io/entity/Q480,https://climatekg.tibwiki.io/entity/Q106,https://climatekg.tibwiki.io/entity/Q1,Detection,"Working Group II: Climate Change 2022 – Impacts, Adaptation and Vulnerability",Category
https://climatekg.tibwiki.io/entity/Q481,https://climatekg.tibwiki.io/entity/Q77,https://climatekg.tibwiki.io/entity/Q1,Detection and attribution,Working Group I: Climate Change 2021 – The Physical Science Basis,Category
https://climatekg.tibwiki.io/entity/Q481,https://climatekg.tibwiki.io/entity/Q106,https://climatekg.tibwiki.io/entity/Q1,Detection and attribution,"Working Group II: Climate Change 2022 – Impacts, Adaptation and Vulnerability",Category
https://climatekg.tibwiki.io/entity/Q482,https://climatekg.tibwiki.io/entity/Q106,https://climatekg.tibwiki.io/entity/Q1,Developed/developing countries,"Working Group II: Climate Change 2022 – Impacts, Adaptation and Vulnerability",Category
https://climatekg.tibwiki.io/entity/Q482,https://climatekg.tibwiki.io/entity/Q150,https://climatekg.tibwiki.io/entity/Q1,Developed/developing countries,Working Group III: Climate Change 2022 – Mitigation of Climate Change,Category
https://climatekg.tibwiki.io/entity/Q483,https://climatekg.tibwiki.io/entity/Q106,https://climatekg.tibwiki.io/entity/Q1,Development pathways,"Working Group II: Climate Change 2022 – Impacts, Adaptation and Vulnerability",Category
https://climatekg.tibwiki.io/entity/Q483,https://climatekg.tibwiki.io/entity/Q150,https://climatekg.tibwiki.io/entity/Q1,Development pathways,Working Group III: Climate Change 2022 – Mitigation of Climate Change,Category
https://climatekg.tibwiki.io/entity/Q484,https://climatekg.tibwiki.io/entity/Q77,https://climatekg.tibwiki.io/entity/Q1,Diatoms,Working Group I: Climate Change 2021 – The Physical Science Basis,Category
https://climatekg.tibwiki.io/entity/Q484,https://climatekg.tibwiki.io/entity/Q106,https://climatekg.tibwiki.io/entity/Q1,Diatoms,"Working Group II: Climate Change 2022 – Impacts, Adaptation and Vulnerability",Category
https://climatekg.tibwiki.io/entity/Q485,https://climatekg.tibwiki.io/entity/Q106,https://climatekg.tibwiki.io/entity/Q1,Diet,"Working Group II: Climate Change 2022 – Impacts, Adaptation and Vulnerability",Category
https://climatekg.tibwiki.io/entity/Q485,https://climatekg.tibwiki.io/entity/Q150,https://climatekg.tibwiki.io/entity/Q1,Diet,Working Group III: Climate Change 2022 – Mitigation of Climate Change,Category
https://climatekg.tibwiki.io/entity/Q486,https://climatekg.tibwiki.io/entity/Q77,https://climatekg.tibwiki.io/entity/Q1,Dimensions of integration,Working Group I: Climate Change 2021 – The Physical Science Basis,Category
https://climatekg.tibwiki.io/entity/Q487,https://climatekg.tibwiki.io/entity/Q77,https://climatekg.tibwiki.io/entity/Q1,Direct air capture,Working Group I: Climate Change 2021 – The Physical Science Basis,Category
https://climatekg.tibwiki.io/entity/Q487,https://climatekg.tibwiki.io/entity/Q150,https://climatekg.tibwiki.io/entity/Q1,Direct air capture,Working Group III: Climate Change 2022 – Mitigation of Climate Change,Category
https://climatekg.tibwiki.io/entity/Q488,https://climatekg.tibwiki.io/entity/Q150,https://climatekg.tibwiki.io/entity/Q1,Direct air carbon dioxide capture and storage,Working Group III: Climate Change 2022 – Mitigation of Climate Change,Category
https://climatekg.tibwiki.io/entity/Q489,https://climatekg.tibwiki.io/entity/Q150,https://climatekg.tibwiki.io/entity/Q1,Direct and indirect services,Working Group III: Climate Change 2022 – Mitigation of Climate Change,Category
https://climatekg.tibwiki.io/entity/Q490,https://climatekg.tibwiki.io/entity/Q77,https://climatekg.tibwiki.io/entity/Q1,Direct emissions,Working Group I: Climate Change 2021 – The Physical Science Basis,Category
https://climatekg.tibwiki.io/entity/Q490,https://climatekg.tibwiki.io/entity/Q150,https://climatekg.tibwiki.io/entity/Q1,Direct emissions,Working Group III: Climate Change 2022 – Mitigation of Climate Change,Category
https://climatekg.tibwiki.io/entity/Q491,https://climatekg.tibwiki.io/entity/Q77,https://climatekg.tibwiki.io/entity/Q1,Disaster,Working Group I: Climate Change 2021 – The Physical Science Basis,Category
https://climatekg.tibwiki.io/entity/Q491,https://climatekg.tibwiki.io/entity/Q106,https://climatekg.tibwiki.io/entity/Q1,Disaster,"Working Group II: Climate Change 2022 – Impacts, Adaptation and Vulnerability",Category
https://climatekg.tibwiki.io/entity/Q491,https://climatekg.tibwiki.io/entity/Q150,https://climatekg.tibwiki.io/entity/Q1,Disaster,Working Group III: Climate Change 2022 – Mitigation of Climate Change,Category
https://climatekg.tibwiki.io/entity/Q492,https://climatekg.tibwiki.io/entity/Q106,https://climatekg.tibwiki.io/entity/Q1,Disaster management,"Working Group II: Climate Change 2022 – Impacts, Adaptation and Vulnerability",Category
https://climatekg.tibwiki.io/entity/Q493,https://climatekg.tibwiki.io/entity/Q106,https://climatekg.tibwiki.io/entity/Q1,Disaster risk,"Working Group II: Climate Change 2022 – Impacts, Adaptation and Vulnerability",Category
https://climatekg.tibwiki.io/entity/Q494,https://climatekg.tibwiki.io/entity/Q106,https://climatekg.tibwiki.io/entity/Q1,Disaster risk management,"Working Group II: Climate Change 2022 – Impacts, Adaptation and Vulnerability",Category
https://climatekg.tibwiki.io/entity/Q494,https://climatekg.tibwiki.io/entity/Q150,https://climatekg.tibwiki.io/entity/Q1,Disaster risk management,Working Group III: Climate Change 2022 – Mitigation of Climate Change,Category
https://climatekg.tibwiki.io/entity/Q495,https://climatekg.tibwiki.io/entity/Q106,https://climatekg.tibwiki.io/entity/Q1,Disaster risk reduction,"Working Group II: Climate Change 2022 – Impacts, Adaptation and Vulnerability",Category
https://climatekg.tibwiki.io/entity/Q496,https://climatekg.tibwiki.io/entity/Q77,https://climatekg.tibwiki.io/entity/Q1,Discharge,Working Group I: Climate Change 2021 – The Physical Science Basis,Category
https://climatekg.tibwiki.io/entity/Q497,https://climatekg.tibwiki.io/entity/Q106,https://climatekg.tibwiki.io/entity/Q1,Discounting,"Working Group II: Climate Change 2022 – Impacts, Adaptation and Vulnerability",Category
https://climatekg.tibwiki.io/entity/Q497,https://climatekg.tibwiki.io/entity/Q150,https://climatekg.tibwiki.io/entity/Q1,Discounting,Working Group III: Climate Change 2022 – Mitigation of Climate Change,Category
https://climatekg.tibwiki.io/entity/Q1164,https://climatekg.tibwiki.io/entity/Q106,https://climatekg.tibwiki.io/entity/Q1,Displacement,"Working Group II: Climate Change 2022 – Impacts, Adaptation and Vulnerability",Category
https://climatekg.tibwiki.io/entity/Q498,https://climatekg.tibwiki.io/entity/Q150,https://climatekg.tibwiki.io/entity/Q1,Disruptive innovation,Working Group III: Climate Change 2022 – Mitigation of Climate Change,Category
https://climatekg.tibwiki.io/entity/Q499,https://climatekg.tibwiki.io/entity/Q77,https://climatekg.tibwiki.io/entity/Q1,Dissolved inorganic carbon,Working Group I: Climate Change 2021 – The Physical Science Basis,Category
https://climatekg.tibwiki.io/entity/Q500,https://climatekg.tibwiki.io/entity/Q150,https://climatekg.tibwiki.io/entity/Q1,Distributive equity,Working Group III: Climate Change 2022 – Mitigation of Climate Change,Category
https://climatekg.tibwiki.io/entity/Q501,https://climatekg.tibwiki.io/entity/Q77,https://climatekg.tibwiki.io/entity/Q1,Diurnal temperature range,Working Group I: Climate Change 2021 – The Physical Science Basis,Category
https://climatekg.tibwiki.io/entity/Q502,https://climatekg.tibwiki.io/entity/Q77,https://climatekg.tibwiki.io/entity/Q1,Dobson unit,Working Group I: Climate Change 2021 – The Physical Science Basis,Category
https://climatekg.tibwiki.io/entity/Q503,https://climatekg.tibwiki.io/entity/Q77,https://climatekg.tibwiki.io/entity/Q1,Downscaling,Working Group I: Climate Change 2021 – The Physical Science Basis,Category
https://climatekg.tibwiki.io/entity/Q503,https://climatekg.tibwiki.io/entity/Q106,https://climatekg.tibwiki.io/entity/Q1,Downscaling,"Working Group II: Climate Change 2022 – Impacts, Adaptation and Vulnerability",Category
https://climatekg.tibwiki.io/entity/Q504,https://climatekg.tibwiki.io/entity/Q106,https://climatekg.tibwiki.io/entity/Q1,Drainage,"Working Group II: Climate Change 2022 – Impacts, Adaptation and Vulnerability",Category
https://climatekg.tibwiki.io/entity/Q505,https://climatekg.tibwiki.io/entity/Q106,https://climatekg.tibwiki.io/entity/Q1,Driver,"Working Group II: Climate Change 2022 – Impacts, Adaptation and Vulnerability",Category
https://climatekg.tibwiki.io/entity/Q506,https://climatekg.tibwiki.io/entity/Q77,https://climatekg.tibwiki.io/entity/Q1,Drought,Working Group I: Climate Change 2021 – The Physical Science Basis,Category
https://climatekg.tibwiki.io/entity/Q506,https://climatekg.tibwiki.io/entity/Q106,https://climatekg.tibwiki.io/entity/Q1,Drought,"Working Group II: Climate Change 2022 – Impacts, Adaptation and Vulnerability",Category
https://climatekg.tibwiki.io/entity/Q506,https://climatekg.tibwiki.io/entity/Q150,https://climatekg.tibwiki.io/entity/Q1,Drought,Working Group III: Climate Change 2022 – Mitigation of Climate Change,Category
https://climatekg.tibwiki.io/entity/Q507,https://climatekg.tibwiki.io/entity/Q77,https://climatekg.tibwiki.io/entity/Q1,Dynamic global vegetation model,Working Group I: Climate Change 2021 – The Physical Science Basis,Category
https://climatekg.tibwiki.io/entity/Q508,https://climatekg.tibwiki.io/entity/Q77,https://climatekg.tibwiki.io/entity/Q1,Dynamical system,Working Group I: Climate Change 2021 – The Physical Science Basis,Category
https://climatekg.tibwiki.io/entity/Q509,https://climatekg.tibwiki.io/entity/Q77,https://climatekg.tibwiki.io/entity/Q1,Early Eocene Climatic Optimum,Working Group I: Climate Change 2021 – The Physical Science Basis,Category
https://climatekg.tibwiki.io/entity/Q510,https://climatekg.tibwiki.io/entity/Q106,https://climatekg.tibwiki.io/entity/Q1,Early warning systems,"Working Group II: Climate Change 2022 – Impacts, Adaptation and Vulnerability",Category
https://climatekg.tibwiki.io/entity/Q515,https://climatekg.tibwiki.io/entity/Q77,https://climatekg.tibwiki.io/entity/Q1,Earth system feedbacks,Working Group I: Climate Change 2021 – The Physical Science Basis,Category
https://climatekg.tibwiki.io/entity/Q516,https://climatekg.tibwiki.io/entity/Q77,https://climatekg.tibwiki.io/entity/Q1,Earth system model,Working Group I: Climate Change 2021 – The Physical Science Basis,Category
https://climatekg.tibwiki.io/entity/Q516,https://climatekg.tibwiki.io/entity/Q106,https://climatekg.tibwiki.io/entity/Q1,Earth system model,"Working Group II: Climate Change 2022 – Impacts, Adaptation and Vulnerability",Category
https://climatekg.tibwiki.io/entity/Q517,https://climatekg.tibwiki.io/entity/Q77,https://climatekg.tibwiki.io/entity/Q1,Earth system model of intermediate complexity,Working Group I: Climate Change 2021 – The Physical Science Basis,Category
https://climatekg.tibwiki.io/entity/Q518,https://climatekg.tibwiki.io/entity/Q77,https://climatekg.tibwiki.io/entity/Q1,Earth system sensitivity,Working Group I: Climate Change 2021 – The Physical Science Basis,Category
https://climatekg.tibwiki.io/entity/Q512,https://climatekg.tibwiki.io/entity/Q77,https://climatekg.tibwiki.io/entity/Q1,Earth's energy flows,Working Group I: Climate Change 2021 – The Physical Science Basis,Category
https://climatekg.tibwiki.io/entity/Q513,https://climatekg.tibwiki.io/entity/Q77,https://climatekg.tibwiki.io/entity/Q1,Earth's energy imbalance,Working Group I: Climate Change 2021 – The Physical Science Basis,Category
https://climatekg.tibwiki.io/entity/Q514,https://climatekg.tibwiki.io/entity/Q77,https://climatekg.tibwiki.io/entity/Q1,Earth's radiative response,Working Group I: Climate Change 2021 – The Physical Science Basis,Category
https://climatekg.tibwiki.io/entity/Q511,https://climatekg.tibwiki.io/entity/Q77,https://climatekg.tibwiki.io/entity/Q1,Earth’s energy budget,Working Group I: Climate Change 2021 – The Physical Science Basis,Category
https://climatekg.tibwiki.io/entity/Q519,https://climatekg.tibwiki.io/entity/Q77,https://climatekg.tibwiki.io/entity/Q1,East Asian monsoon,Working Group I: Climate Change 2021 – The Physical Science Basis,Category
https://climatekg.tibwiki.io/entity/Q520,https://climatekg.tibwiki.io/entity/Q77,https://climatekg.tibwiki.io/entity/Q1,Eastern Pacific El Niño,Working Group I: Climate Change 2021 – The Physical Science Basis,Category
https://climatekg.tibwiki.io/entity/Q521,https://climatekg.tibwiki.io/entity/Q77,https://climatekg.tibwiki.io/entity/Q1,Eastern boundary upwelling systems,Working Group I: Climate Change 2021 – The Physical Science Basis,Category
https://climatekg.tibwiki.io/entity/Q521,https://climatekg.tibwiki.io/entity/Q106,https://climatekg.tibwiki.io/entity/Q1,Eastern boundary upwelling systems,"Working Group II: Climate Change 2022 – Impacts, Adaptation and Vulnerability",Category
https://climatekg.tibwiki.io/entity/Q522,https://climatekg.tibwiki.io/entity/Q77,https://climatekg.tibwiki.io/entity/Q1,Economic potential,Working Group I: Climate Change 2021 – The Physical Science Basis,Category
https://climatekg.tibwiki.io/entity/Q522,https://climatekg.tibwiki.io/entity/Q150,https://climatekg.tibwiki.io/entity/Q1,Economic potential,Working Group III: Climate Change 2022 – Mitigation of Climate Change,Category
https://climatekg.tibwiki.io/entity/Q523,https://climatekg.tibwiki.io/entity/Q77,https://climatekg.tibwiki.io/entity/Q1,Ecosystem,Working Group I: Climate Change 2021 – The Physical Science Basis,Category
https://climatekg.tibwiki.io/entity/Q523,https://climatekg.tibwiki.io/entity/Q106,https://climatekg.tibwiki.io/entity/Q1,Ecosystem,"Working Group II: Climate Change 2022 – Impacts, Adaptation and Vulnerability",Category
https://climatekg.tibwiki.io/entity/Q523,https://climatekg.tibwiki.io/entity/Q150,https://climatekg.tibwiki.io/entity/Q1,Ecosystem,Working Group III: Climate Change 2022 – Mitigation of Climate Change,Category
https://climatekg.tibwiki.io/entity/Q525,https://climatekg.tibwiki.io/entity/Q106,https://climatekg.tibwiki.io/entity/Q1,Ecosystem health,"Working Group II: Climate Change 2022 – Impacts, Adaptation and Vulnerability",Category
https://climatekg.tibwiki.io/entity/Q526,https://climatekg.tibwiki.io/entity/Q106,https://climatekg.tibwiki.io/entity/Q1,Ecosystem services,"Working Group II: Climate Change 2022 – Impacts, Adaptation and Vulnerability",Category
https://climatekg.tibwiki.io/entity/Q526,https://climatekg.tibwiki.io/entity/Q150,https://climatekg.tibwiki.io/entity/Q1,Ecosystem services,Working Group III: Climate Change 2022 – Mitigation of Climate Change,Category
https://climatekg.tibwiki.io/entity/Q524,https://climatekg.tibwiki.io/entity/Q106,https://climatekg.tibwiki.io/entity/Q1,Ecosystem-based adaptation,"Working Group II: Climate Change 2022 – Impacts, Adaptation and Vulnerability",Category
https://climatekg.tibwiki.io/entity/Q524,https://climatekg.tibwiki.io/entity/Q150,https://climatekg.tibwiki.io/entity/Q1,Ecosystem-based adaptation,Working Group III: Climate Change 2022 – Mitigation of Climate Change,Category
https://climatekg.tibwiki.io/entity/Q527,https://climatekg.tibwiki.io/entity/Q77,https://climatekg.tibwiki.io/entity/Q1,Effective equilibrium climate sensitivity,Working Group I: Climate Change 2021 – The Physical Science Basis,Category
https://climatekg.tibwiki.io/entity/Q528,https://climatekg.tibwiki.io/entity/Q77,https://climatekg.tibwiki.io/entity/Q1,Effective radiative forcing due to aerosol–cloud interactions,Working Group I: Climate Change 2021 – The Physical Science Basis,Category
https://climatekg.tibwiki.io/entity/Q529,https://climatekg.tibwiki.io/entity/Q77,https://climatekg.tibwiki.io/entity/Q1,Effective radiative forcing due to aerosol–radiation interactions,Working Group I: Climate Change 2021 – The Physical Science Basis,Category
https://climatekg.tibwiki.io/entity/Q530,https://climatekg.tibwiki.io/entity/Q77,https://climatekg.tibwiki.io/entity/Q1,Ekman transport,Working Group I: Climate Change 2021 – The Physical Science Basis,Category
https://climatekg.tibwiki.io/entity/Q531,https://climatekg.tibwiki.io/entity/Q77,https://climatekg.tibwiki.io/entity/Q1,El Niño–Southern Oscillation,Working Group I: Climate Change 2021 – The Physical Science Basis,Category
https://climatekg.tibwiki.io/entity/Q531,https://climatekg.tibwiki.io/entity/Q106,https://climatekg.tibwiki.io/entity/Q1,El Niño–Southern Oscillation,"Working Group II: Climate Change 2022 – Impacts, Adaptation and Vulnerability",Category
https://climatekg.tibwiki.io/entity/Q532,https://climatekg.tibwiki.io/entity/Q77,https://climatekg.tibwiki.io/entity/Q1,Electromagnetic spectrum,Working Group I: Climate Change 2021 – The Physical Science Basis,Category
https://climatekg.tibwiki.io/entity/Q533,https://climatekg.tibwiki.io/entity/Q77,https://climatekg.tibwiki.io/entity/Q1,Elevation-dependent warming,Working Group I: Climate Change 2021 – The Physical Science Basis,Category
https://climatekg.tibwiki.io/entity/Q534,https://climatekg.tibwiki.io/entity/Q150,https://climatekg.tibwiki.io/entity/Q1,"Embodied [emissions, water, land]",Working Group III: Climate Change 2022 – Mitigation of Climate Change,Category
https://climatekg.tibwiki.io/entity/Q535,https://climatekg.tibwiki.io/entity/Q77,https://climatekg.tibwiki.io/entity/Q1,Emergence,Working Group I: Climate Change 2021 – The Physical Science Basis,Category
https://climatekg.tibwiki.io/entity/Q535,https://climatekg.tibwiki.io/entity/Q106,https://climatekg.tibwiki.io/entity/Q1,Emergence,"Working Group II: Climate Change 2022 – Impacts, Adaptation and Vulnerability",Category
https://climatekg.tibwiki.io/entity/Q536,https://climatekg.tibwiki.io/entity/Q77,https://climatekg.tibwiki.io/entity/Q1,Emergent constraint,Working Group I: Climate Change 2021 – The Physical Science Basis,Category
https://climatekg.tibwiki.io/entity/Q537,https://climatekg.tibwiki.io/entity/Q150,https://climatekg.tibwiki.io/entity/Q1,Emission and Socio-economic Scenario Ensemble,Working Group III: Climate Change 2022 – Mitigation of Climate Change,Category
https://climatekg.tibwiki.io/entity/Q538,https://climatekg.tibwiki.io/entity/Q77,https://climatekg.tibwiki.io/entity/Q1,Emission factor/Emissions intensity,Working Group I: Climate Change 2021 – The Physical Science Basis,Category
https://climatekg.tibwiki.io/entity/Q538,https://climatekg.tibwiki.io/entity/Q150,https://climatekg.tibwiki.io/entity/Q1,Emission factor/Emissions intensity,Working Group III: Climate Change 2022 – Mitigation of Climate Change,Category
https://climatekg.tibwiki.io/entity/Q539,https://climatekg.tibwiki.io/entity/Q77,https://climatekg.tibwiki.io/entity/Q1,Emission pathways,Working Group I: Climate Change 2021 – The Physical Science Basis,Category
https://climatekg.tibwiki.io/entity/Q539,https://climatekg.tibwiki.io/entity/Q106,https://climatekg.tibwiki.io/entity/Q1,Emission pathways,"Working Group II: Climate Change 2022 – Impacts, Adaptation and Vulnerability",Category
https://climatekg.tibwiki.io/entity/Q539,https://climatekg.tibwiki.io/entity/Q150,https://climatekg.tibwiki.io/entity/Q1,Emission pathways,Working Group III: Climate Change 2022 – Mitigation of Climate Change,Category
https://climatekg.tibwiki.io/entity/Q540,https://climatekg.tibwiki.io/entity/Q150,https://climatekg.tibwiki.io/entity/Q1,Emission trajectories,Working Group III: Climate Change 2022 – Mitigation of Climate Change,Category
https://climatekg.tibwiki.io/entity/Q541,https://climatekg.tibwiki.io/entity/Q77,https://climatekg.tibwiki.io/entity/Q1,Emissions scenario,Working Group I: Climate Change 2021 – The Physical Science Basis,Category
https://climatekg.tibwiki.io/entity/Q541,https://climatekg.tibwiki.io/entity/Q106,https://climatekg.tibwiki.io/entity/Q1,Emissions scenario,"Working Group II: Climate Change 2022 – Impacts, Adaptation and Vulnerability",Category
https://climatekg.tibwiki.io/entity/Q541,https://climatekg.tibwiki.io/entity/Q150,https://climatekg.tibwiki.io/entity/Q1,Emissions scenario,Working Group III: Climate Change 2022 – Mitigation of Climate Change,Category
https://climatekg.tibwiki.io/entity/Q542,https://climatekg.tibwiki.io/entity/Q77,https://climatekg.tibwiki.io/entity/Q1,Emulation,Working Group I: Climate Change 2021 – The Physical Science Basis,Category
https://climatekg.tibwiki.io/entity/Q542,https://climatekg.tibwiki.io/entity/Q150,https://climatekg.tibwiki.io/entity/Q1,Emulation,Working Group III: Climate Change 2022 – Mitigation of Climate Change,Category
https://climatekg.tibwiki.io/entity/Q543,https://climatekg.tibwiki.io/entity/Q77,https://climatekg.tibwiki.io/entity/Q1,Emulators,Working Group I: Climate Change 2021 – The Physical Science Basis,Category
https://climatekg.tibwiki.io/entity/Q543,https://climatekg.tibwiki.io/entity/Q150,https://climatekg.tibwiki.io/entity/Q1,Emulators,Working Group III: Climate Change 2022 – Mitigation of Climate Change,Category
https://climatekg.tibwiki.io/entity/Q544,https://climatekg.tibwiki.io/entity/Q106,https://climatekg.tibwiki.io/entity/Q1,Enabling conditions,"Working Group II: Climate Change 2022 – Impacts, Adaptation and Vulnerability",Category
https://climatekg.tibwiki.io/entity/Q544,https://climatekg.tibwiki.io/entity/Q150,https://climatekg.tibwiki.io/entity/Q1,Enabling conditions,Working Group III: Climate Change 2022 – Mitigation of Climate Change,Category
https://climatekg.tibwiki.io/entity/Q545,https://climatekg.tibwiki.io/entity/Q106,https://climatekg.tibwiki.io/entity/Q1,Endemic species,"Working Group II: Climate Change 2022 – Impacts, Adaptation and Vulnerability",Category
https://climatekg.tibwiki.io/entity/Q546,https://climatekg.tibwiki.io/entity/Q106,https://climatekg.tibwiki.io/entity/Q1,Energy access,"Working Group II: Climate Change 2022 – Impacts, Adaptation and Vulnerability",Category
https://climatekg.tibwiki.io/entity/Q546,https://climatekg.tibwiki.io/entity/Q150,https://climatekg.tibwiki.io/entity/Q1,Energy access,Working Group III: Climate Change 2022 – Mitigation of Climate Change,Category
https://climatekg.tibwiki.io/entity/Q547,https://climatekg.tibwiki.io/entity/Q77,https://climatekg.tibwiki.io/entity/Q1,Energy balance,Working Group I: Climate Change 2021 – The Physical Science Basis,Category
https://climatekg.tibwiki.io/entity/Q548,https://climatekg.tibwiki.io/entity/Q77,https://climatekg.tibwiki.io/entity/Q1,Energy balance model,Working Group I: Climate Change 2021 – The Physical Science Basis,Category
https://climatekg.tibwiki.io/entity/Q549,https://climatekg.tibwiki.io/entity/Q77,https://climatekg.tibwiki.io/entity/Q1,Energy budget,Working Group I: Climate Change 2021 – The Physical Science Basis,Category
https://climatekg.tibwiki.io/entity/Q550,https://climatekg.tibwiki.io/entity/Q106,https://climatekg.tibwiki.io/entity/Q1,Energy efficiency,"Working Group II: Climate Change 2022 – Impacts, Adaptation and Vulnerability",Category
https://climatekg.tibwiki.io/entity/Q550,https://climatekg.tibwiki.io/entity/Q150,https://climatekg.tibwiki.io/entity/Q1,Energy efficiency,Working Group III: Climate Change 2022 – Mitigation of Climate Change,Category
https://climatekg.tibwiki.io/entity/Q551,https://climatekg.tibwiki.io/entity/Q150,https://climatekg.tibwiki.io/entity/Q1,Energy poverty,Working Group III: Climate Change 2022 – Mitigation of Climate Change,Category
https://climatekg.tibwiki.io/entity/Q552,https://climatekg.tibwiki.io/entity/Q106,https://climatekg.tibwiki.io/entity/Q1,Energy security,"Working Group II: Climate Change 2022 – Impacts, Adaptation and Vulnerability",Category
https://climatekg.tibwiki.io/entity/Q552,https://climatekg.tibwiki.io/entity/Q150,https://climatekg.tibwiki.io/entity/Q1,Energy security,Working Group III: Climate Change 2022 – Mitigation of Climate Change,Category
https://climatekg.tibwiki.io/entity/Q553,https://climatekg.tibwiki.io/entity/Q150,https://climatekg.tibwiki.io/entity/Q1,Energy services,Working Group III: Climate Change 2022 – Mitigation of Climate Change,Category
https://climatekg.tibwiki.io/entity/Q554,https://climatekg.tibwiki.io/entity/Q106,https://climatekg.tibwiki.io/entity/Q1,Energy system,"Working Group II: Climate Change 2022 – Impacts, Adaptation and Vulnerability",Category
https://climatekg.tibwiki.io/entity/Q555,https://climatekg.tibwiki.io/entity/Q77,https://climatekg.tibwiki.io/entity/Q1,Enhanced weathering,Working Group I: Climate Change 2021 – The Physical Science Basis,Category
https://climatekg.tibwiki.io/entity/Q555,https://climatekg.tibwiki.io/entity/Q150,https://climatekg.tibwiki.io/entity/Q1,Enhanced weathering,Working Group III: Climate Change 2022 – Mitigation of Climate Change,Category
https://climatekg.tibwiki.io/entity/Q556,https://climatekg.tibwiki.io/entity/Q77,https://climatekg.tibwiki.io/entity/Q1,Ensemble,Working Group I: Climate Change 2021 – The Physical Science Basis,Category
https://climatekg.tibwiki.io/entity/Q556,https://climatekg.tibwiki.io/entity/Q150,https://climatekg.tibwiki.io/entity/Q1,Ensemble,Working Group III: Climate Change 2022 – Mitigation of Climate Change,Category
https://climatekg.tibwiki.io/entity/Q557,https://climatekg.tibwiki.io/entity/Q150,https://climatekg.tibwiki.io/entity/Q1,Enteric fermentation,Working Group III: Climate Change 2022 – Mitigation of Climate Change,Category
https://climatekg.tibwiki.io/entity/Q558,https://climatekg.tibwiki.io/entity/Q106,https://climatekg.tibwiki.io/entity/Q1,Equality,"Working Group II: Climate Change 2022 – Impacts, Adaptation and Vulnerability",Category
https://climatekg.tibwiki.io/entity/Q558,https://climatekg.tibwiki.io/entity/Q150,https://climatekg.tibwiki.io/entity/Q1,Equality,Working Group III: Climate Change 2022 – Mitigation of Climate Change,Category
https://climatekg.tibwiki.io/entity/Q559,https://climatekg.tibwiki.io/entity/Q77,https://climatekg.tibwiki.io/entity/Q1,Equilibrium and transient climate experiment,Working Group I: Climate Change 2021 – The Physical Science Basis,Category
https://climatekg.tibwiki.io/entity/Q560,https://climatekg.tibwiki.io/entity/Q77,https://climatekg.tibwiki.io/entity/Q1,Equilibrium climate sensitivity,Working Group I: Climate Change 2021 – The Physical Science Basis,Category
https://climatekg.tibwiki.io/entity/Q561,https://climatekg.tibwiki.io/entity/Q77,https://climatekg.tibwiki.io/entity/Q1,Equilibrium line,Working Group I: Climate Change 2021 – The Physical Science Basis,Category
https://climatekg.tibwiki.io/entity/Q562,https://climatekg.tibwiki.io/entity/Q106,https://climatekg.tibwiki.io/entity/Q1,Equity,"Working Group II: Climate Change 2022 – Impacts, Adaptation and Vulnerability",Category
https://climatekg.tibwiki.io/entity/Q562,https://climatekg.tibwiki.io/entity/Q150,https://climatekg.tibwiki.io/entity/Q1,Equity,Working Group III: Climate Change 2022 – Mitigation of Climate Change,Category
https://climatekg.tibwiki.io/entity/Q563,https://climatekg.tibwiki.io/entity/Q77,https://climatekg.tibwiki.io/entity/Q1,Equivalent carbon dioxide emission,Working Group I: Climate Change 2021 – The Physical Science Basis,Category
https://climatekg.tibwiki.io/entity/Q564,https://climatekg.tibwiki.io/entity/Q106,https://climatekg.tibwiki.io/entity/Q1,Ethics,"Working Group II: Climate Change 2022 – Impacts, Adaptation and Vulnerability",Category
https://climatekg.tibwiki.io/entity/Q565,https://climatekg.tibwiki.io/entity/Q150,https://climatekg.tibwiki.io/entity/Q1,Eudaimonic,Working Group III: Climate Change 2022 – Mitigation of Climate Change,Category
https://climatekg.tibwiki.io/entity/Q566,https://climatekg.tibwiki.io/entity/Q77,https://climatekg.tibwiki.io/entity/Q1,Eutrophication,Working Group I: Climate Change 2021 – The Physical Science Basis,Category
https://climatekg.tibwiki.io/entity/Q566,https://climatekg.tibwiki.io/entity/Q106,https://climatekg.tibwiki.io/entity/Q1,Eutrophication,"Working Group II: Climate Change 2022 – Impacts, Adaptation and Vulnerability",Category
https://climatekg.tibwiki.io/entity/Q567,https://climatekg.tibwiki.io/entity/Q77,https://climatekg.tibwiki.io/entity/Q1,Evaporation,Working Group I: Climate Change 2021 – The Physical Science Basis,Category
https://climatekg.tibwiki.io/entity/Q567,https://climatekg.tibwiki.io/entity/Q106,https://climatekg.tibwiki.io/entity/Q1,Evaporation,"Working Group II: Climate Change 2022 – Impacts, Adaptation and Vulnerability",Category
https://climatekg.tibwiki.io/entity/Q568,https://climatekg.tibwiki.io/entity/Q77,https://climatekg.tibwiki.io/entity/Q1,Evapotranspiration,Working Group I: Climate Change 2021 – The Physical Science Basis,Category
https://climatekg.tibwiki.io/entity/Q568,https://climatekg.tibwiki.io/entity/Q106,https://climatekg.tibwiki.io/entity/Q1,Evapotranspiration,"Working Group II: Climate Change 2022 – Impacts, Adaptation and Vulnerability",Category
https://climatekg.tibwiki.io/entity/Q569,https://climatekg.tibwiki.io/entity/Q77,https://climatekg.tibwiki.io/entity/Q1,Evidence,Working Group I: Climate Change 2021 – The Physical Science Basis,Category
https://climatekg.tibwiki.io/entity/Q569,https://climatekg.tibwiki.io/entity/Q106,https://climatekg.tibwiki.io/entity/Q1,Evidence,"Working Group II: Climate Change 2022 – Impacts, Adaptation and Vulnerability",Category
https://climatekg.tibwiki.io/entity/Q569,https://climatekg.tibwiki.io/entity/Q150,https://climatekg.tibwiki.io/entity/Q1,Evidence,Working Group III: Climate Change 2022 – Mitigation of Climate Change,Category
https://climatekg.tibwiki.io/entity/Q570,https://climatekg.tibwiki.io/entity/Q106,https://climatekg.tibwiki.io/entity/Q1,Evolutionary adaptation,"Working Group II: Climate Change 2022 – Impacts, Adaptation and Vulnerability",Category
https://climatekg.tibwiki.io/entity/Q571,https://climatekg.tibwiki.io/entity/Q150,https://climatekg.tibwiki.io/entity/Q1,Exergy,Working Group III: Climate Change 2022 – Mitigation of Climate Change,Category
https://climatekg.tibwiki.io/entity/Q572,https://climatekg.tibwiki.io/entity/Q77,https://climatekg.tibwiki.io/entity/Q1,Exposure,Working Group I: Climate Change 2021 – The Physical Science Basis,Category
https://climatekg.tibwiki.io/entity/Q572,https://climatekg.tibwiki.io/entity/Q106,https://climatekg.tibwiki.io/entity/Q1,Exposure,"Working Group II: Climate Change 2022 – Impacts, Adaptation and Vulnerability",Category
https://climatekg.tibwiki.io/entity/Q572,https://climatekg.tibwiki.io/entity/Q150,https://climatekg.tibwiki.io/entity/Q1,Exposure,Working Group III: Climate Change 2022 – Mitigation of Climate Change,Category
https://climatekg.tibwiki.io/entity/Q573,https://climatekg.tibwiki.io/entity/Q77,https://climatekg.tibwiki.io/entity/Q1,Extended concentration pathways,Working Group I: Climate Change 2021 – The Physical Science Basis,Category
https://climatekg.tibwiki.io/entity/Q574,https://climatekg.tibwiki.io/entity/Q77,https://climatekg.tibwiki.io/entity/Q1,External forcing,Working Group I: Climate Change 2021 – The Physical Science Basis,Category
https://climatekg.tibwiki.io/entity/Q575,https://climatekg.tibwiki.io/entity/Q106,https://climatekg.tibwiki.io/entity/Q1,Externality/external cost/external benefit,"Working Group II: Climate Change 2022 – Impacts, Adaptation and Vulnerability",Category
https://climatekg.tibwiki.io/entity/Q576,https://climatekg.tibwiki.io/entity/Q106,https://climatekg.tibwiki.io/entity/Q1,Extinction,"Working Group II: Climate Change 2022 – Impacts, Adaptation and Vulnerability",Category
https://climatekg.tibwiki.io/entity/Q577,https://climatekg.tibwiki.io/entity/Q106,https://climatekg.tibwiki.io/entity/Q1,Extirpation,"Working Group II: Climate Change 2022 – Impacts, Adaptation and Vulnerability",Category
https://climatekg.tibwiki.io/entity/Q578,https://climatekg.tibwiki.io/entity/Q77,https://climatekg.tibwiki.io/entity/Q1,Extratropical cyclone,Working Group I: Climate Change 2021 – The Physical Science Basis,Category
https://climatekg.tibwiki.io/entity/Q579,https://climatekg.tibwiki.io/entity/Q77,https://climatekg.tibwiki.io/entity/Q1,Extratropical jets,Working Group I: Climate Change 2021 – The Physical Science Basis,Category
https://climatekg.tibwiki.io/entity/Q580,https://climatekg.tibwiki.io/entity/Q77,https://climatekg.tibwiki.io/entity/Q1,Extreme climate event,Working Group I: Climate Change 2021 – The Physical Science Basis,Category
https://climatekg.tibwiki.io/entity/Q582,https://climatekg.tibwiki.io/entity/Q77,https://climatekg.tibwiki.io/entity/Q1,Extreme sea level,Working Group I: Climate Change 2021 – The Physical Science Basis,Category
https://climatekg.tibwiki.io/entity/Q582,https://climatekg.tibwiki.io/entity/Q106,https://climatekg.tibwiki.io/entity/Q1,Extreme sea level,"Working Group II: Climate Change 2022 – Impacts, Adaptation and Vulnerability",Category
https://climatekg.tibwiki.io/entity/Q583,https://climatekg.tibwiki.io/entity/Q77,https://climatekg.tibwiki.io/entity/Q1,Extreme weather event,Working Group I: Climate Change 2021 – The Physical Science Basis,Category
https://climatekg.tibwiki.io/entity/Q583,https://climatekg.tibwiki.io/entity/Q106,https://climatekg.tibwiki.io/entity/Q1,Extreme weather event,"Working Group II: Climate Change 2022 – Impacts, Adaptation and Vulnerability",Category
https://climatekg.tibwiki.io/entity/Q583,https://climatekg.tibwiki.io/entity/Q150,https://climatekg.tibwiki.io/entity/Q1,Extreme weather event,Working Group III: Climate Change 2022 – Mitigation of Climate Change,Category
https://climatekg.tibwiki.io/entity/Q581,https://climatekg.tibwiki.io/entity/Q77,https://climatekg.tibwiki.io/entity/Q1,Extreme/heavy precipitation event,Working Group I: Climate Change 2021 – The Physical Science Basis,Category
https://climatekg.tibwiki.io/entity/Q581,https://climatekg.tibwiki.io/entity/Q106,https://climatekg.tibwiki.io/entity/Q1,Extreme/heavy precipitation event,"Working Group II: Climate Change 2022 – Impacts, Adaptation and Vulnerability",Category
https://climatekg.tibwiki.io/entity/Q584,https://climatekg.tibwiki.io/entity/Q77,https://climatekg.tibwiki.io/entity/Q1,Faculae,Working Group I: Climate Change 2021 – The Physical Science Basis,Category
https://climatekg.tibwiki.io/entity/Q585,https://climatekg.tibwiki.io/entity/Q106,https://climatekg.tibwiki.io/entity/Q1,Fairness,"Working Group II: Climate Change 2022 – Impacts, Adaptation and Vulnerability",Category
https://climatekg.tibwiki.io/entity/Q585,https://climatekg.tibwiki.io/entity/Q150,https://climatekg.tibwiki.io/entity/Q1,Fairness,Working Group III: Climate Change 2022 – Mitigation of Climate Change,Category
https://climatekg.tibwiki.io/entity/Q586,https://climatekg.tibwiki.io/entity/Q106,https://climatekg.tibwiki.io/entity/Q1,Feasibility,"Working Group II: Climate Change 2022 – Impacts, Adaptation and Vulnerability",Category
https://climatekg.tibwiki.io/entity/Q586,https://climatekg.tibwiki.io/entity/Q150,https://climatekg.tibwiki.io/entity/Q1,Feasibility,Working Group III: Climate Change 2022 – Mitigation of Climate Change,Category
https://climatekg.tibwiki.io/entity/Q587,https://climatekg.tibwiki.io/entity/Q150,https://climatekg.tibwiki.io/entity/Q1,Final energy,Working Group III: Climate Change 2022 – Mitigation of Climate Change,Category
https://climatekg.tibwiki.io/entity/Q588,https://climatekg.tibwiki.io/entity/Q77,https://climatekg.tibwiki.io/entity/Q1,Fine-mode aerosol optical depth,Working Group I: Climate Change 2021 – The Physical Science Basis,Category
https://climatekg.tibwiki.io/entity/Q589,https://climatekg.tibwiki.io/entity/Q77,https://climatekg.tibwiki.io/entity/Q1,Fingerprint,Working Group I: Climate Change 2021 – The Physical Science Basis,Category
https://climatekg.tibwiki.io/entity/Q590,https://climatekg.tibwiki.io/entity/Q77,https://climatekg.tibwiki.io/entity/Q1,Fire weather,Working Group I: Climate Change 2021 – The Physical Science Basis,Category
https://climatekg.tibwiki.io/entity/Q590,https://climatekg.tibwiki.io/entity/Q106,https://climatekg.tibwiki.io/entity/Q1,Fire weather,"Working Group II: Climate Change 2022 – Impacts, Adaptation and Vulnerability",Category
https://climatekg.tibwiki.io/entity/Q591,https://climatekg.tibwiki.io/entity/Q77,https://climatekg.tibwiki.io/entity/Q1,Firn,Working Group I: Climate Change 2021 – The Physical Science Basis,Category
https://climatekg.tibwiki.io/entity/Q592,https://climatekg.tibwiki.io/entity/Q77,https://climatekg.tibwiki.io/entity/Q1,Fitness-for-purpose,Working Group I: Climate Change 2021 – The Physical Science Basis,Category
https://climatekg.tibwiki.io/entity/Q593,https://climatekg.tibwiki.io/entity/Q77,https://climatekg.tibwiki.io/entity/Q1,Flaring,Working Group I: Climate Change 2021 – The Physical Science Basis,Category
https://climatekg.tibwiki.io/entity/Q594,https://climatekg.tibwiki.io/entity/Q150,https://climatekg.tibwiki.io/entity/Q1,Flexibility,Working Group III: Climate Change 2022 – Mitigation of Climate Change,Category
https://climatekg.tibwiki.io/entity/Q595,https://climatekg.tibwiki.io/entity/Q150,https://climatekg.tibwiki.io/entity/Q1,Flexible governance,Working Group III: Climate Change 2022 – Mitigation of Climate Change,Category
https://climatekg.tibwiki.io/entity/Q596,https://climatekg.tibwiki.io/entity/Q77,https://climatekg.tibwiki.io/entity/Q1,Flood,Working Group I: Climate Change 2021 – The Physical Science Basis,Category
https://climatekg.tibwiki.io/entity/Q596,https://climatekg.tibwiki.io/entity/Q106,https://climatekg.tibwiki.io/entity/Q1,Flood,"Working Group II: Climate Change 2022 – Impacts, Adaptation and Vulnerability",Category
https://climatekg.tibwiki.io/entity/Q596,https://climatekg.tibwiki.io/entity/Q150,https://climatekg.tibwiki.io/entity/Q1,Flood,Working Group III: Climate Change 2022 – Mitigation of Climate Change,Category
https://climatekg.tibwiki.io/entity/Q597,https://climatekg.tibwiki.io/entity/Q77,https://climatekg.tibwiki.io/entity/Q1,Flux,Working Group I: Climate Change 2021 – The Physical Science Basis,Category
https://climatekg.tibwiki.io/entity/Q597,https://climatekg.tibwiki.io/entity/Q106,https://climatekg.tibwiki.io/entity/Q1,Flux,"Working Group II: Climate Change 2022 – Impacts, Adaptation and Vulnerability",Category
https://climatekg.tibwiki.io/entity/Q599,https://climatekg.tibwiki.io/entity/Q150,https://climatekg.tibwiki.io/entity/Q1,Food loss and waste,Working Group III: Climate Change 2022 – Mitigation of Climate Change,Category
https://climatekg.tibwiki.io/entity/Q600,https://climatekg.tibwiki.io/entity/Q106,https://climatekg.tibwiki.io/entity/Q1,Food security,"Working Group II: Climate Change 2022 – Impacts, Adaptation and Vulnerability",Category
https://climatekg.tibwiki.io/entity/Q600,https://climatekg.tibwiki.io/entity/Q150,https://climatekg.tibwiki.io/entity/Q1,Food security,Working Group III: Climate Change 2022 – Mitigation of Climate Change,Category
https://climatekg.tibwiki.io/entity/Q601,https://climatekg.tibwiki.io/entity/Q106,https://climatekg.tibwiki.io/entity/Q1,Food system,"Working Group II: Climate Change 2022 – Impacts, Adaptation and Vulnerability",Category
https://climatekg.tibwiki.io/entity/Q601,https://climatekg.tibwiki.io/entity/Q150,https://climatekg.tibwiki.io/entity/Q1,Food system,Working Group III: Climate Change 2022 – Mitigation of Climate Change,Category
https://climatekg.tibwiki.io/entity/Q598,https://climatekg.tibwiki.io/entity/Q106,https://climatekg.tibwiki.io/entity/Q1,Food-borne diseases,"Working Group II: Climate Change 2022 – Impacts, Adaptation and Vulnerability",Category
https://climatekg.tibwiki.io/entity/Q602,https://climatekg.tibwiki.io/entity/Q77,https://climatekg.tibwiki.io/entity/Q1,Foraminifera,Working Group I: Climate Change 2021 – The Physical Science Basis,Category
https://climatekg.tibwiki.io/entity/Q603,https://climatekg.tibwiki.io/entity/Q77,https://climatekg.tibwiki.io/entity/Q1,Forcing,Working Group I: Climate Change 2021 – The Physical Science Basis,Category
https://climatekg.tibwiki.io/entity/Q604,https://climatekg.tibwiki.io/entity/Q77,https://climatekg.tibwiki.io/entity/Q1,Forest,Working Group I: Climate Change 2021 – The Physical Science Basis,Category
https://climatekg.tibwiki.io/entity/Q604,https://climatekg.tibwiki.io/entity/Q106,https://climatekg.tibwiki.io/entity/Q1,Forest,"Working Group II: Climate Change 2022 – Impacts, Adaptation and Vulnerability",Category
https://climatekg.tibwiki.io/entity/Q604,https://climatekg.tibwiki.io/entity/Q150,https://climatekg.tibwiki.io/entity/Q1,Forest,Working Group III: Climate Change 2022 – Mitigation of Climate Change,Category
https://climatekg.tibwiki.io/entity/Q605,https://climatekg.tibwiki.io/entity/Q106,https://climatekg.tibwiki.io/entity/Q1,Forest degradation,"Working Group II: Climate Change 2022 – Impacts, Adaptation and Vulnerability",Category
https://climatekg.tibwiki.io/entity/Q606,https://climatekg.tibwiki.io/entity/Q106,https://climatekg.tibwiki.io/entity/Q1,Forest line,"Working Group II: Climate Change 2022 – Impacts, Adaptation and Vulnerability",Category
https://climatekg.tibwiki.io/entity/Q607,https://climatekg.tibwiki.io/entity/Q77,https://climatekg.tibwiki.io/entity/Q1,Fossil fuel emissions,Working Group I: Climate Change 2021 – The Physical Science Basis,Category
https://climatekg.tibwiki.io/entity/Q608,https://climatekg.tibwiki.io/entity/Q77,https://climatekg.tibwiki.io/entity/Q1,Fossil fuels,Working Group I: Climate Change 2021 – The Physical Science Basis,Category
https://climatekg.tibwiki.io/entity/Q608,https://climatekg.tibwiki.io/entity/Q106,https://climatekg.tibwiki.io/entity/Q1,Fossil fuels,"Working Group II: Climate Change 2022 – Impacts, Adaptation and Vulnerability",Category
https://climatekg.tibwiki.io/entity/Q608,https://climatekg.tibwiki.io/entity/Q150,https://climatekg.tibwiki.io/entity/Q1,Fossil fuels,Working Group III: Climate Change 2022 – Mitigation of Climate Change,Category
https://climatekg.tibwiki.io/entity/Q609,https://climatekg.tibwiki.io/entity/Q77,https://climatekg.tibwiki.io/entity/Q1,Free atmosphere,Working Group I: Climate Change 2021 – The Physical Science Basis,Category
https://climatekg.tibwiki.io/entity/Q610,https://climatekg.tibwiki.io/entity/Q77,https://climatekg.tibwiki.io/entity/Q1,Frozen ground,Working Group I: Climate Change 2021 – The Physical Science Basis,Category
https://climatekg.tibwiki.io/entity/Q611,https://climatekg.tibwiki.io/entity/Q150,https://climatekg.tibwiki.io/entity/Q1,Fuel poverty,Working Group III: Climate Change 2022 – Mitigation of Climate Change,Category
https://climatekg.tibwiki.io/entity/Q612,https://climatekg.tibwiki.io/entity/Q150,https://climatekg.tibwiki.io/entity/Q1,Fugitive emissions,Working Group III: Climate Change 2022 – Mitigation of Climate Change,Category
https://climatekg.tibwiki.io/entity/Q613,https://climatekg.tibwiki.io/entity/Q150,https://climatekg.tibwiki.io/entity/Q1,Gender equity,Working Group III: Climate Change 2022 – Mitigation of Climate Change,Category
https://climatekg.tibwiki.io/entity/Q614,https://climatekg.tibwiki.io/entity/Q77,https://climatekg.tibwiki.io/entity/Q1,General circulation,Working Group I: Climate Change 2021 – The Physical Science Basis,Category
https://climatekg.tibwiki.io/entity/Q615,https://climatekg.tibwiki.io/entity/Q77,https://climatekg.tibwiki.io/entity/Q1,General circulation model,Working Group I: Climate Change 2021 – The Physical Science Basis,Category
https://climatekg.tibwiki.io/entity/Q616,https://climatekg.tibwiki.io/entity/Q77,https://climatekg.tibwiki.io/entity/Q1,Geocentric sea level change,Working Group I: Climate Change 2021 – The Physical Science Basis,Category
https://climatekg.tibwiki.io/entity/Q617,https://climatekg.tibwiki.io/entity/Q77,https://climatekg.tibwiki.io/entity/Q1,Geoid,Working Group I: Climate Change 2021 – The Physical Science Basis,Category
https://climatekg.tibwiki.io/entity/Q618,https://climatekg.tibwiki.io/entity/Q77,https://climatekg.tibwiki.io/entity/Q1,Geostrophic winds or currents,Working Group I: Climate Change 2021 – The Physical Science Basis,Category
https://climatekg.tibwiki.io/entity/Q619,https://climatekg.tibwiki.io/entity/Q150,https://climatekg.tibwiki.io/entity/Q1,Geothermal energy,Working Group III: Climate Change 2022 – Mitigation of Climate Change,Category
https://climatekg.tibwiki.io/entity/Q620,https://climatekg.tibwiki.io/entity/Q150,https://climatekg.tibwiki.io/entity/Q1,Gini coefficient,Working Group III: Climate Change 2022 – Mitigation of Climate Change,Category
https://climatekg.tibwiki.io/entity/Q622,https://climatekg.tibwiki.io/entity/Q77,https://climatekg.tibwiki.io/entity/Q1,Glacial isostatic adjustment,Working Group I: Climate Change 2021 – The Physical Science Basis,Category
https://climatekg.tibwiki.io/entity/Q623,https://climatekg.tibwiki.io/entity/Q77,https://climatekg.tibwiki.io/entity/Q1,Glacial lake outburst flood /Glacier lake outburst,Working Group I: Climate Change 2021 – The Physical Science Basis,Category
https://climatekg.tibwiki.io/entity/Q623,https://climatekg.tibwiki.io/entity/Q106,https://climatekg.tibwiki.io/entity/Q1,Glacial lake outburst flood /Glacier lake outburst,"Working Group II: Climate Change 2022 – Impacts, Adaptation and Vulnerability",Category
https://climatekg.tibwiki.io/entity/Q624,https://climatekg.tibwiki.io/entity/Q77,https://climatekg.tibwiki.io/entity/Q1,Glacial or glaciation,Working Group I: Climate Change 2021 – The Physical Science Basis,Category
https://climatekg.tibwiki.io/entity/Q621,https://climatekg.tibwiki.io/entity/Q77,https://climatekg.tibwiki.io/entity/Q1,Glacial-interglacial cycles,Working Group I: Climate Change 2021 – The Physical Science Basis,Category
https://climatekg.tibwiki.io/entity/Q625,https://climatekg.tibwiki.io/entity/Q77,https://climatekg.tibwiki.io/entity/Q1,Glaciated,Working Group I: Climate Change 2021 – The Physical Science Basis,Category
https://climatekg.tibwiki.io/entity/Q626,https://climatekg.tibwiki.io/entity/Q77,https://climatekg.tibwiki.io/entity/Q1,Glacier,Working Group I: Climate Change 2021 – The Physical Science Basis,Category
https://climatekg.tibwiki.io/entity/Q626,https://climatekg.tibwiki.io/entity/Q106,https://climatekg.tibwiki.io/entity/Q1,Glacier,"Working Group II: Climate Change 2022 – Impacts, Adaptation and Vulnerability",Category
https://climatekg.tibwiki.io/entity/Q627,https://climatekg.tibwiki.io/entity/Q77,https://climatekg.tibwiki.io/entity/Q1,Glacierized,Working Group I: Climate Change 2021 – The Physical Science Basis,Category
https://climatekg.tibwiki.io/entity/Q629,https://climatekg.tibwiki.io/entity/Q77,https://climatekg.tibwiki.io/entity/Q1,Global carbon budget,Working Group I: Climate Change 2021 – The Physical Science Basis,Category
https://climatekg.tibwiki.io/entity/Q629,https://climatekg.tibwiki.io/entity/Q150,https://climatekg.tibwiki.io/entity/Q1,Global carbon budget,Working Group III: Climate Change 2022 – Mitigation of Climate Change,Category
https://climatekg.tibwiki.io/entity/Q630,https://climatekg.tibwiki.io/entity/Q106,https://climatekg.tibwiki.io/entity/Q1,Global change,"Working Group II: Climate Change 2022 – Impacts, Adaptation and Vulnerability",Category
https://climatekg.tibwiki.io/entity/Q631,https://climatekg.tibwiki.io/entity/Q77,https://climatekg.tibwiki.io/entity/Q1,Global dimming,Working Group I: Climate Change 2021 – The Physical Science Basis,Category
https://climatekg.tibwiki.io/entity/Q632,https://climatekg.tibwiki.io/entity/Q77,https://climatekg.tibwiki.io/entity/Q1,Global energy budget,Working Group I: Climate Change 2021 – The Physical Science Basis,Category
https://climatekg.tibwiki.io/entity/Q633,https://climatekg.tibwiki.io/entity/Q77,https://climatekg.tibwiki.io/entity/Q1,Global energy inventory,Working Group I: Climate Change 2021 – The Physical Science Basis,Category
https://climatekg.tibwiki.io/entity/Q634,https://climatekg.tibwiki.io/entity/Q77,https://climatekg.tibwiki.io/entity/Q1,Global mean sea level change,Working Group I: Climate Change 2021 – The Physical Science Basis,Category
https://climatekg.tibwiki.io/entity/Q634,https://climatekg.tibwiki.io/entity/Q106,https://climatekg.tibwiki.io/entity/Q1,Global mean sea level change,"Working Group II: Climate Change 2022 – Impacts, Adaptation and Vulnerability",Category
https://climatekg.tibwiki.io/entity/Q635,https://climatekg.tibwiki.io/entity/Q77,https://climatekg.tibwiki.io/entity/Q1,Global mean surface air temperature,Working Group I: Climate Change 2021 – The Physical Science Basis,Category
https://climatekg.tibwiki.io/entity/Q635,https://climatekg.tibwiki.io/entity/Q106,https://climatekg.tibwiki.io/entity/Q1,Global mean surface air temperature,"Working Group II: Climate Change 2022 – Impacts, Adaptation and Vulnerability",Category
https://climatekg.tibwiki.io/entity/Q635,https://climatekg.tibwiki.io/entity/Q150,https://climatekg.tibwiki.io/entity/Q1,Global mean surface air temperature,Working Group III: Climate Change 2022 – Mitigation of Climate Change,Category
https://climatekg.tibwiki.io/entity/Q636,https://climatekg.tibwiki.io/entity/Q77,https://climatekg.tibwiki.io/entity/Q1,Global mean surface temperature,Working Group I: Climate Change 2021 – The Physical Science Basis,Category
https://climatekg.tibwiki.io/entity/Q636,https://climatekg.tibwiki.io/entity/Q106,https://climatekg.tibwiki.io/entity/Q1,Global mean surface temperature,"Working Group II: Climate Change 2022 – Impacts, Adaptation and Vulnerability",Category
https://climatekg.tibwiki.io/entity/Q636,https://climatekg.tibwiki.io/entity/Q150,https://climatekg.tibwiki.io/entity/Q1,Global mean surface temperature,Working Group III: Climate Change 2022 – Mitigation of Climate Change,Category
https://climatekg.tibwiki.io/entity/Q637,https://climatekg.tibwiki.io/entity/Q77,https://climatekg.tibwiki.io/entity/Q1,Global monsoon,Working Group I: Climate Change 2021 – The Physical Science Basis,Category
https://climatekg.tibwiki.io/entity/Q637,https://climatekg.tibwiki.io/entity/Q106,https://climatekg.tibwiki.io/entity/Q1,Global monsoon,"Working Group II: Climate Change 2022 – Impacts, Adaptation and Vulnerability",Category
https://climatekg.tibwiki.io/entity/Q638,https://climatekg.tibwiki.io/entity/Q77,https://climatekg.tibwiki.io/entity/Q1,Global warming,Working Group I: Climate Change 2021 – The Physical Science Basis,Category
https://climatekg.tibwiki.io/entity/Q638,https://climatekg.tibwiki.io/entity/Q106,https://climatekg.tibwiki.io/entity/Q1,Global warming,"Working Group II: Climate Change 2022 – Impacts, Adaptation and Vulnerability",Category
https://climatekg.tibwiki.io/entity/Q638,https://climatekg.tibwiki.io/entity/Q150,https://climatekg.tibwiki.io/entity/Q1,Global warming,Working Group III: Climate Change 2022 – Mitigation of Climate Change,Category
https://climatekg.tibwiki.io/entity/Q639,https://climatekg.tibwiki.io/entity/Q77,https://climatekg.tibwiki.io/entity/Q1,Global warming potential,Working Group I: Climate Change 2021 – The Physical Science Basis,Category
https://climatekg.tibwiki.io/entity/Q639,https://climatekg.tibwiki.io/entity/Q150,https://climatekg.tibwiki.io/entity/Q1,Global warming potential,Working Group III: Climate Change 2022 – Mitigation of Climate Change,Category
https://climatekg.tibwiki.io/entity/Q640,https://climatekg.tibwiki.io/entity/Q106,https://climatekg.tibwiki.io/entity/Q1,Governance,"Working Group II: Climate Change 2022 – Impacts, Adaptation and Vulnerability",Category
https://climatekg.tibwiki.io/entity/Q640,https://climatekg.tibwiki.io/entity/Q150,https://climatekg.tibwiki.io/entity/Q1,Governance,Working Group III: Climate Change 2022 – Mitigation of Climate Change,Category
https://climatekg.tibwiki.io/entity/Q641,https://climatekg.tibwiki.io/entity/Q106,https://climatekg.tibwiki.io/entity/Q1,Governance capacity,"Working Group II: Climate Change 2022 – Impacts, Adaptation and Vulnerability",Category
https://climatekg.tibwiki.io/entity/Q641,https://climatekg.tibwiki.io/entity/Q150,https://climatekg.tibwiki.io/entity/Q1,Governance capacity,Working Group III: Climate Change 2022 – Mitigation of Climate Change,Category
https://climatekg.tibwiki.io/entity/Q642,https://climatekg.tibwiki.io/entity/Q77,https://climatekg.tibwiki.io/entity/Q1,"Gravitational, rotational and deformational effects",Working Group I: Climate Change 2021 – The Physical Science Basis,Category
https://climatekg.tibwiki.io/entity/Q643,https://climatekg.tibwiki.io/entity/Q77,https://climatekg.tibwiki.io/entity/Q1,Gravity Recovery and Climate Experiment,Working Group I: Climate Change 2021 – The Physical Science Basis,Category
https://climatekg.tibwiki.io/entity/Q644,https://climatekg.tibwiki.io/entity/Q150,https://climatekg.tibwiki.io/entity/Q1,Grazing land,Working Group III: Climate Change 2022 – Mitigation of Climate Change,Category
https://climatekg.tibwiki.io/entity/Q645,https://climatekg.tibwiki.io/entity/Q106,https://climatekg.tibwiki.io/entity/Q1,Green Climate Fund,"Working Group II: Climate Change 2022 – Impacts, Adaptation and Vulnerability",Category
https://climatekg.tibwiki.io/entity/Q645,https://climatekg.tibwiki.io/entity/Q150,https://climatekg.tibwiki.io/entity/Q1,Green Climate Fund,Working Group III: Climate Change 2022 – Mitigation of Climate Change,Category
https://climatekg.tibwiki.io/entity/Q646,https://climatekg.tibwiki.io/entity/Q106,https://climatekg.tibwiki.io/entity/Q1,Green infrastructure,"Working Group II: Climate Change 2022 – Impacts, Adaptation and Vulnerability",Category
https://climatekg.tibwiki.io/entity/Q646,https://climatekg.tibwiki.io/entity/Q150,https://climatekg.tibwiki.io/entity/Q1,Green infrastructure,Working Group III: Climate Change 2022 – Mitigation of Climate Change,Category
https://climatekg.tibwiki.io/entity/Q647,https://climatekg.tibwiki.io/entity/Q77,https://climatekg.tibwiki.io/entity/Q1,Greenhouse effect,Working Group I: Climate Change 2021 – The Physical Science Basis,Category
https://climatekg.tibwiki.io/entity/Q648,https://climatekg.tibwiki.io/entity/Q77,https://climatekg.tibwiki.io/entity/Q1,Greenhouse gas emission metric,Working Group I: Climate Change 2021 – The Physical Science Basis,Category
https://climatekg.tibwiki.io/entity/Q648,https://climatekg.tibwiki.io/entity/Q150,https://climatekg.tibwiki.io/entity/Q1,Greenhouse gas emission metric,Working Group III: Climate Change 2022 – Mitigation of Climate Change,Category
https://climatekg.tibwiki.io/entity/Q649,https://climatekg.tibwiki.io/entity/Q77,https://climatekg.tibwiki.io/entity/Q1,Greenhouse gas neutrality,Working Group I: Climate Change 2021 – The Physical Science Basis,Category
https://climatekg.tibwiki.io/entity/Q649,https://climatekg.tibwiki.io/entity/Q150,https://climatekg.tibwiki.io/entity/Q1,Greenhouse gas neutrality,Working Group III: Climate Change 2022 – Mitigation of Climate Change,Category
https://climatekg.tibwiki.io/entity/Q650,https://climatekg.tibwiki.io/entity/Q77,https://climatekg.tibwiki.io/entity/Q1,Greenhouse gases,Working Group I: Climate Change 2021 – The Physical Science Basis,Category
https://climatekg.tibwiki.io/entity/Q650,https://climatekg.tibwiki.io/entity/Q106,https://climatekg.tibwiki.io/entity/Q1,Greenhouse gases,"Working Group II: Climate Change 2022 – Impacts, Adaptation and Vulnerability",Category
https://climatekg.tibwiki.io/entity/Q650,https://climatekg.tibwiki.io/entity/Q150,https://climatekg.tibwiki.io/entity/Q1,Greenhouse gases,Working Group III: Climate Change 2022 – Mitigation of Climate Change,Category
https://climatekg.tibwiki.io/entity/Q651,https://climatekg.tibwiki.io/entity/Q77,https://climatekg.tibwiki.io/entity/Q1,Greenland Ice Sheet,Working Group I: Climate Change 2021 – The Physical Science Basis,Category
https://climatekg.tibwiki.io/entity/Q652,https://climatekg.tibwiki.io/entity/Q106,https://climatekg.tibwiki.io/entity/Q1,Grey infrastructure,"Working Group II: Climate Change 2022 – Impacts, Adaptation and Vulnerability",Category
https://climatekg.tibwiki.io/entity/Q652,https://climatekg.tibwiki.io/entity/Q150,https://climatekg.tibwiki.io/entity/Q1,Grey infrastructure,Working Group III: Climate Change 2022 – Mitigation of Climate Change,Category
https://climatekg.tibwiki.io/entity/Q653,https://climatekg.tibwiki.io/entity/Q106,https://climatekg.tibwiki.io/entity/Q1,Gross domestic product,"Working Group II: Climate Change 2022 – Impacts, Adaptation and Vulnerability",Category
https://climatekg.tibwiki.io/entity/Q653,https://climatekg.tibwiki.io/entity/Q150,https://climatekg.tibwiki.io/entity/Q1,Gross domestic product,Working Group III: Climate Change 2022 – Mitigation of Climate Change,Category
https://climatekg.tibwiki.io/entity/Q654,https://climatekg.tibwiki.io/entity/Q77,https://climatekg.tibwiki.io/entity/Q1,Gross primary production,Working Group I: Climate Change 2021 – The Physical Science Basis,Category
https://climatekg.tibwiki.io/entity/Q655,https://climatekg.tibwiki.io/entity/Q77,https://climatekg.tibwiki.io/entity/Q1,Ground-level ozone,Working Group I: Climate Change 2021 – The Physical Science Basis,Category
https://climatekg.tibwiki.io/entity/Q656,https://climatekg.tibwiki.io/entity/Q77,https://climatekg.tibwiki.io/entity/Q1,Grounding line,Working Group I: Climate Change 2021 – The Physical Science Basis,Category
https://climatekg.tibwiki.io/entity/Q657,https://climatekg.tibwiki.io/entity/Q106,https://climatekg.tibwiki.io/entity/Q1,Groundwater recharge,"Working Group II: Climate Change 2022 – Impacts, Adaptation and Vulnerability",Category
https://climatekg.tibwiki.io/entity/Q658,https://climatekg.tibwiki.io/entity/Q77,https://climatekg.tibwiki.io/entity/Q1,Gyre,Working Group I: Climate Change 2021 – The Physical Science Basis,Category
https://climatekg.tibwiki.io/entity/Q659,https://climatekg.tibwiki.io/entity/Q106,https://climatekg.tibwiki.io/entity/Q1,Habitability,"Working Group II: Climate Change 2022 – Impacts, Adaptation and Vulnerability",Category
https://climatekg.tibwiki.io/entity/Q660,https://climatekg.tibwiki.io/entity/Q77,https://climatekg.tibwiki.io/entity/Q1,Hadley circulation,Working Group I: Climate Change 2021 – The Physical Science Basis,Category
https://climatekg.tibwiki.io/entity/Q661,https://climatekg.tibwiki.io/entity/Q77,https://climatekg.tibwiki.io/entity/Q1,Halocarbons,Working Group I: Climate Change 2021 – The Physical Science Basis,Category
https://climatekg.tibwiki.io/entity/Q661,https://climatekg.tibwiki.io/entity/Q150,https://climatekg.tibwiki.io/entity/Q1,Halocarbons,Working Group III: Climate Change 2022 – Mitigation of Climate Change,Category
https://climatekg.tibwiki.io/entity/Q662,https://climatekg.tibwiki.io/entity/Q77,https://climatekg.tibwiki.io/entity/Q1,Halocline,Working Group I: Climate Change 2021 – The Physical Science Basis,Category
https://climatekg.tibwiki.io/entity/Q663,https://climatekg.tibwiki.io/entity/Q77,https://climatekg.tibwiki.io/entity/Q1,Halosteric,Working Group I: Climate Change 2021 – The Physical Science Basis,Category
https://climatekg.tibwiki.io/entity/Q664,https://climatekg.tibwiki.io/entity/Q77,https://climatekg.tibwiki.io/entity/Q1,Halosteric sea level change,Working Group I: Climate Change 2021 – The Physical Science Basis,Category
https://climatekg.tibwiki.io/entity/Q665,https://climatekg.tibwiki.io/entity/Q77,https://climatekg.tibwiki.io/entity/Q1,Hazard,Working Group I: Climate Change 2021 – The Physical Science Basis,Category
https://climatekg.tibwiki.io/entity/Q665,https://climatekg.tibwiki.io/entity/Q106,https://climatekg.tibwiki.io/entity/Q1,Hazard,"Working Group II: Climate Change 2022 – Impacts, Adaptation and Vulnerability",Category
https://climatekg.tibwiki.io/entity/Q666,https://climatekg.tibwiki.io/entity/Q106,https://climatekg.tibwiki.io/entity/Q1,Health,"Working Group II: Climate Change 2022 – Impacts, Adaptation and Vulnerability",Category
https://climatekg.tibwiki.io/entity/Q667,https://climatekg.tibwiki.io/entity/Q77,https://climatekg.tibwiki.io/entity/Q1,Heat index,Working Group I: Climate Change 2021 – The Physical Science Basis,Category
https://climatekg.tibwiki.io/entity/Q667,https://climatekg.tibwiki.io/entity/Q106,https://climatekg.tibwiki.io/entity/Q1,Heat index,"Working Group II: Climate Change 2022 – Impacts, Adaptation and Vulnerability",Category
https://climatekg.tibwiki.io/entity/Q668,https://climatekg.tibwiki.io/entity/Q77,https://climatekg.tibwiki.io/entity/Q1,Heat stress,Working Group I: Climate Change 2021 – The Physical Science Basis,Category
https://climatekg.tibwiki.io/entity/Q668,https://climatekg.tibwiki.io/entity/Q106,https://climatekg.tibwiki.io/entity/Q1,Heat stress,"Working Group II: Climate Change 2022 – Impacts, Adaptation and Vulnerability",Category
https://climatekg.tibwiki.io/entity/Q669,https://climatekg.tibwiki.io/entity/Q77,https://climatekg.tibwiki.io/entity/Q1,Heatwave,Working Group I: Climate Change 2021 – The Physical Science Basis,Category
https://climatekg.tibwiki.io/entity/Q669,https://climatekg.tibwiki.io/entity/Q106,https://climatekg.tibwiki.io/entity/Q1,Heatwave,"Working Group II: Climate Change 2022 – Impacts, Adaptation and Vulnerability",Category
https://climatekg.tibwiki.io/entity/Q670,https://climatekg.tibwiki.io/entity/Q77,https://climatekg.tibwiki.io/entity/Q1,Heavy precipitation event,Working Group I: Climate Change 2021 – The Physical Science Basis,Category
https://climatekg.tibwiki.io/entity/Q670,https://climatekg.tibwiki.io/entity/Q106,https://climatekg.tibwiki.io/entity/Q1,Heavy precipitation event,"Working Group II: Climate Change 2022 – Impacts, Adaptation and Vulnerability",Category
https://climatekg.tibwiki.io/entity/Q671,https://climatekg.tibwiki.io/entity/Q150,https://climatekg.tibwiki.io/entity/Q1,Hedonic,Working Group III: Climate Change 2022 – Mitigation of Climate Change,Category
https://climatekg.tibwiki.io/entity/Q672,https://climatekg.tibwiki.io/entity/Q77,https://climatekg.tibwiki.io/entity/Q1,Heinrich event,Working Group I: Climate Change 2021 – The Physical Science Basis,Category
https://climatekg.tibwiki.io/entity/Q673,https://climatekg.tibwiki.io/entity/Q77,https://climatekg.tibwiki.io/entity/Q1,Heterotrophic respiration,Working Group I: Climate Change 2021 – The Physical Science Basis,Category
https://climatekg.tibwiki.io/entity/Q674,https://climatekg.tibwiki.io/entity/Q77,https://climatekg.tibwiki.io/entity/Q1,Hindcast or retrospective forecast,Working Group I: Climate Change 2021 – The Physical Science Basis,Category
https://climatekg.tibwiki.io/entity/Q675,https://climatekg.tibwiki.io/entity/Q77,https://climatekg.tibwiki.io/entity/Q1,Holocene,Working Group I: Climate Change 2021 – The Physical Science Basis,Category
https://climatekg.tibwiki.io/entity/Q676,https://climatekg.tibwiki.io/entity/Q150,https://climatekg.tibwiki.io/entity/Q1,Household carbon footprint,Working Group III: Climate Change 2022 – Mitigation of Climate Change,Category
https://climatekg.tibwiki.io/entity/Q677,https://climatekg.tibwiki.io/entity/Q106,https://climatekg.tibwiki.io/entity/Q1,Human behaviour,"Working Group II: Climate Change 2022 – Impacts, Adaptation and Vulnerability",Category
https://climatekg.tibwiki.io/entity/Q677,https://climatekg.tibwiki.io/entity/Q150,https://climatekg.tibwiki.io/entity/Q1,Human behaviour,Working Group III: Climate Change 2022 – Mitigation of Climate Change,Category
https://climatekg.tibwiki.io/entity/Q678,https://climatekg.tibwiki.io/entity/Q77,https://climatekg.tibwiki.io/entity/Q1,Human influence on the climate system,Working Group I: Climate Change 2021 – The Physical Science Basis,Category
https://climatekg.tibwiki.io/entity/Q679,https://climatekg.tibwiki.io/entity/Q106,https://climatekg.tibwiki.io/entity/Q1,Human mobility,"Working Group II: Climate Change 2022 – Impacts, Adaptation and Vulnerability",Category
https://climatekg.tibwiki.io/entity/Q680,https://climatekg.tibwiki.io/entity/Q106,https://climatekg.tibwiki.io/entity/Q1,Human rights,"Working Group II: Climate Change 2022 – Impacts, Adaptation and Vulnerability",Category
https://climatekg.tibwiki.io/entity/Q680,https://climatekg.tibwiki.io/entity/Q150,https://climatekg.tibwiki.io/entity/Q1,Human rights,Working Group III: Climate Change 2022 – Mitigation of Climate Change,Category
https://climatekg.tibwiki.io/entity/Q681,https://climatekg.tibwiki.io/entity/Q106,https://climatekg.tibwiki.io/entity/Q1,Human security,"Working Group II: Climate Change 2022 – Impacts, Adaptation and Vulnerability",Category
https://climatekg.tibwiki.io/entity/Q681,https://climatekg.tibwiki.io/entity/Q150,https://climatekg.tibwiki.io/entity/Q1,Human security,Working Group III: Climate Change 2022 – Mitigation of Climate Change,Category
https://climatekg.tibwiki.io/entity/Q682,https://climatekg.tibwiki.io/entity/Q77,https://climatekg.tibwiki.io/entity/Q1,Human system,Working Group I: Climate Change 2021 – The Physical Science Basis,Category
https://climatekg.tibwiki.io/entity/Q682,https://climatekg.tibwiki.io/entity/Q106,https://climatekg.tibwiki.io/entity/Q1,Human system,"Working Group II: Climate Change 2022 – Impacts, Adaptation and Vulnerability",Category
https://climatekg.tibwiki.io/entity/Q682,https://climatekg.tibwiki.io/entity/Q150,https://climatekg.tibwiki.io/entity/Q1,Human system,Working Group III: Climate Change 2022 – Mitigation of Climate Change,Category
https://climatekg.tibwiki.io/entity/Q683,https://climatekg.tibwiki.io/entity/Q77,https://climatekg.tibwiki.io/entity/Q1,Hydroclimate,Working Group I: Climate Change 2021 – The Physical Science Basis,Category
https://climatekg.tibwiki.io/entity/Q684,https://climatekg.tibwiki.io/entity/Q77,https://climatekg.tibwiki.io/entity/Q1,Hydrofluorocarbons,Working Group I: Climate Change 2021 – The Physical Science Basis,Category
https://climatekg.tibwiki.io/entity/Q685,https://climatekg.tibwiki.io/entity/Q77,https://climatekg.tibwiki.io/entity/Q1,Hydrological cycle,Working Group I: Climate Change 2021 – The Physical Science Basis,Category
https://climatekg.tibwiki.io/entity/Q685,https://climatekg.tibwiki.io/entity/Q106,https://climatekg.tibwiki.io/entity/Q1,Hydrological cycle,"Working Group II: Climate Change 2022 – Impacts, Adaptation and Vulnerability",Category
https://climatekg.tibwiki.io/entity/Q686,https://climatekg.tibwiki.io/entity/Q77,https://climatekg.tibwiki.io/entity/Q1,Hydrological drought,Working Group I: Climate Change 2021 – The Physical Science Basis,Category
https://climatekg.tibwiki.io/entity/Q686,https://climatekg.tibwiki.io/entity/Q106,https://climatekg.tibwiki.io/entity/Q1,Hydrological drought,"Working Group II: Climate Change 2022 – Impacts, Adaptation and Vulnerability",Category
https://climatekg.tibwiki.io/entity/Q687,https://climatekg.tibwiki.io/entity/Q77,https://climatekg.tibwiki.io/entity/Q1,Hydrological sensitivity,Working Group I: Climate Change 2021 – The Physical Science Basis,Category
https://climatekg.tibwiki.io/entity/Q688,https://climatekg.tibwiki.io/entity/Q106,https://climatekg.tibwiki.io/entity/Q1,Hydropower,"Working Group II: Climate Change 2022 – Impacts, Adaptation and Vulnerability",Category
https://climatekg.tibwiki.io/entity/Q688,https://climatekg.tibwiki.io/entity/Q150,https://climatekg.tibwiki.io/entity/Q1,Hydropower,Working Group III: Climate Change 2022 – Mitigation of Climate Change,Category
https://climatekg.tibwiki.io/entity/Q689,https://climatekg.tibwiki.io/entity/Q77,https://climatekg.tibwiki.io/entity/Q1,Hydrosphere,Working Group I: Climate Change 2021 – The Physical Science Basis,Category
https://climatekg.tibwiki.io/entity/Q690,https://climatekg.tibwiki.io/entity/Q106,https://climatekg.tibwiki.io/entity/Q1,Hyperthermal events,"Working Group II: Climate Change 2022 – Impacts, Adaptation and Vulnerability",Category
https://climatekg.tibwiki.io/entity/Q691,https://climatekg.tibwiki.io/entity/Q77,https://climatekg.tibwiki.io/entity/Q1,Hypoxic,Working Group I: Climate Change 2021 – The Physical Science Basis,Category
https://climatekg.tibwiki.io/entity/Q691,https://climatekg.tibwiki.io/entity/Q106,https://climatekg.tibwiki.io/entity/Q1,Hypoxic,"Working Group II: Climate Change 2022 – Impacts, Adaptation and Vulnerability",Category
https://climatekg.tibwiki.io/entity/Q692,https://climatekg.tibwiki.io/entity/Q106,https://climatekg.tibwiki.io/entity/Q1,Hypoxic events,"Working Group II: Climate Change 2022 – Impacts, Adaptation and Vulnerability",Category
https://climatekg.tibwiki.io/entity/Q693,https://climatekg.tibwiki.io/entity/Q77,https://climatekg.tibwiki.io/entity/Q1,Hypsometry,Working Group I: Climate Change 2021 – The Physical Science Basis,Category
https://climatekg.tibwiki.io/entity/Q694,https://climatekg.tibwiki.io/entity/Q77,https://climatekg.tibwiki.io/entity/Q1,Ice age,Working Group I: Climate Change 2021 – The Physical Science Basis,Category
https://climatekg.tibwiki.io/entity/Q696,https://climatekg.tibwiki.io/entity/Q77,https://climatekg.tibwiki.io/entity/Q1,Ice core,Working Group I: Climate Change 2021 – The Physical Science Basis,Category
https://climatekg.tibwiki.io/entity/Q697,https://climatekg.tibwiki.io/entity/Q77,https://climatekg.tibwiki.io/entity/Q1,Ice sheet,Working Group I: Climate Change 2021 – The Physical Science Basis,Category
https://climatekg.tibwiki.io/entity/Q697,https://climatekg.tibwiki.io/entity/Q106,https://climatekg.tibwiki.io/entity/Q1,Ice sheet,"Working Group II: Climate Change 2022 – Impacts, Adaptation and Vulnerability",Category
https://climatekg.tibwiki.io/entity/Q698,https://climatekg.tibwiki.io/entity/Q77,https://climatekg.tibwiki.io/entity/Q1,Ice shelf,Working Group I: Climate Change 2021 – The Physical Science Basis,Category
https://climatekg.tibwiki.io/entity/Q699,https://climatekg.tibwiki.io/entity/Q77,https://climatekg.tibwiki.io/entity/Q1,Ice stream,Working Group I: Climate Change 2021 – The Physical Science Basis,Category
https://climatekg.tibwiki.io/entity/Q700,https://climatekg.tibwiki.io/entity/Q77,https://climatekg.tibwiki.io/entity/Q1,Iceberg,Working Group I: Climate Change 2021 – The Physical Science Basis,Category
https://climatekg.tibwiki.io/entity/Q695,https://climatekg.tibwiki.io/entity/Q77,https://climatekg.tibwiki.io/entity/Q1,Ice–albedo feedback,Working Group I: Climate Change 2021 – The Physical Science Basis,Category
https://climatekg.tibwiki.io/entity/Q701,https://climatekg.tibwiki.io/entity/Q106,https://climatekg.tibwiki.io/entity/Q1,Impacts,"Working Group II: Climate Change 2022 – Impacts, Adaptation and Vulnerability",Category
https://climatekg.tibwiki.io/entity/Q701,https://climatekg.tibwiki.io/entity/Q150,https://climatekg.tibwiki.io/entity/Q1,Impacts,Working Group III: Climate Change 2022 – Mitigation of Climate Change,Category
https://climatekg.tibwiki.io/entity/Q702,https://climatekg.tibwiki.io/entity/Q106,https://climatekg.tibwiki.io/entity/Q1,Income,"Working Group II: Climate Change 2022 – Impacts, Adaptation and Vulnerability",Category
https://climatekg.tibwiki.io/entity/Q703,https://climatekg.tibwiki.io/entity/Q106,https://climatekg.tibwiki.io/entity/Q1,Incremental adaptation,"Working Group II: Climate Change 2022 – Impacts, Adaptation and Vulnerability",Category
https://climatekg.tibwiki.io/entity/Q703,https://climatekg.tibwiki.io/entity/Q150,https://climatekg.tibwiki.io/entity/Q1,Incremental adaptation,Working Group III: Climate Change 2022 – Mitigation of Climate Change,Category
https://climatekg.tibwiki.io/entity/Q704,https://climatekg.tibwiki.io/entity/Q77,https://climatekg.tibwiki.io/entity/Q1,Indian Ocean Dipole,Working Group I: Climate Change 2021 – The Physical Science Basis,Category
https://climatekg.tibwiki.io/entity/Q705,https://climatekg.tibwiki.io/entity/Q77,https://climatekg.tibwiki.io/entity/Q1,Indian Ocean basin mode,Working Group I: Climate Change 2021 – The Physical Science Basis,Category
https://climatekg.tibwiki.io/entity/Q706,https://climatekg.tibwiki.io/entity/Q106,https://climatekg.tibwiki.io/entity/Q1,Indigenous Peoples,"Working Group II: Climate Change 2022 – Impacts, Adaptation and Vulnerability",Category
https://climatekg.tibwiki.io/entity/Q707,https://climatekg.tibwiki.io/entity/Q106,https://climatekg.tibwiki.io/entity/Q1,Indigenous knowledge,"Working Group II: Climate Change 2022 – Impacts, Adaptation and Vulnerability",Category
https://climatekg.tibwiki.io/entity/Q707,https://climatekg.tibwiki.io/entity/Q150,https://climatekg.tibwiki.io/entity/Q1,Indigenous knowledge,Working Group III: Climate Change 2022 – Mitigation of Climate Change,Category
https://climatekg.tibwiki.io/entity/Q708,https://climatekg.tibwiki.io/entity/Q150,https://climatekg.tibwiki.io/entity/Q1,Indirect emissions,Working Group III: Climate Change 2022 – Mitigation of Climate Change,Category
https://climatekg.tibwiki.io/entity/Q709,https://climatekg.tibwiki.io/entity/Q77,https://climatekg.tibwiki.io/entity/Q1,Indirect land-use change,Working Group I: Climate Change 2021 – The Physical Science Basis,Category
https://climatekg.tibwiki.io/entity/Q709,https://climatekg.tibwiki.io/entity/Q150,https://climatekg.tibwiki.io/entity/Q1,Indirect land-use change,Working Group III: Climate Change 2022 – Mitigation of Climate Change,Category
https://climatekg.tibwiki.io/entity/Q710,https://climatekg.tibwiki.io/entity/Q77,https://climatekg.tibwiki.io/entity/Q1,Industrial revolution,Working Group I: Climate Change 2021 – The Physical Science Basis,Category
https://climatekg.tibwiki.io/entity/Q710,https://climatekg.tibwiki.io/entity/Q150,https://climatekg.tibwiki.io/entity/Q1,Industrial revolution,Working Group III: Climate Change 2022 – Mitigation of Climate Change,Category
https://climatekg.tibwiki.io/entity/Q711,https://climatekg.tibwiki.io/entity/Q106,https://climatekg.tibwiki.io/entity/Q1,Inequality,"Working Group II: Climate Change 2022 – Impacts, Adaptation and Vulnerability",Category
https://climatekg.tibwiki.io/entity/Q711,https://climatekg.tibwiki.io/entity/Q150,https://climatekg.tibwiki.io/entity/Q1,Inequality,Working Group III: Climate Change 2022 – Mitigation of Climate Change,Category
https://climatekg.tibwiki.io/entity/Q712,https://climatekg.tibwiki.io/entity/Q106,https://climatekg.tibwiki.io/entity/Q1,Informal settlement,"Working Group II: Climate Change 2022 – Impacts, Adaptation and Vulnerability",Category
https://climatekg.tibwiki.io/entity/Q713,https://climatekg.tibwiki.io/entity/Q106,https://climatekg.tibwiki.io/entity/Q1,Infrastructure,"Working Group II: Climate Change 2022 – Impacts, Adaptation and Vulnerability",Category
https://climatekg.tibwiki.io/entity/Q713,https://climatekg.tibwiki.io/entity/Q150,https://climatekg.tibwiki.io/entity/Q1,Infrastructure,Working Group III: Climate Change 2022 – Mitigation of Climate Change,Category
https://climatekg.tibwiki.io/entity/Q714,https://climatekg.tibwiki.io/entity/Q77,https://climatekg.tibwiki.io/entity/Q1,Insolation,Working Group I: Climate Change 2021 – The Physical Science Basis,Category
https://climatekg.tibwiki.io/entity/Q715,https://climatekg.tibwiki.io/entity/Q77,https://climatekg.tibwiki.io/entity/Q1,Instantaneous radiative forcing due to aerosol–cloud interactions,Working Group I: Climate Change 2021 – The Physical Science Basis,Category
https://climatekg.tibwiki.io/entity/Q716,https://climatekg.tibwiki.io/entity/Q77,https://climatekg.tibwiki.io/entity/Q1,Instantaneous radiative forcing due to aerosol–radiation interactions,Working Group I: Climate Change 2021 – The Physical Science Basis,Category
https://climatekg.tibwiki.io/entity/Q717,https://climatekg.tibwiki.io/entity/Q106,https://climatekg.tibwiki.io/entity/Q1,Institutional capacity,"Working Group II: Climate Change 2022 – Impacts, Adaptation and Vulnerability",Category
https://climatekg.tibwiki.io/entity/Q717,https://climatekg.tibwiki.io/entity/Q150,https://climatekg.tibwiki.io/entity/Q1,Institutional capacity,Working Group III: Climate Change 2022 – Mitigation of Climate Change,Category
https://climatekg.tibwiki.io/entity/Q718,https://climatekg.tibwiki.io/entity/Q106,https://climatekg.tibwiki.io/entity/Q1,Institutions,"Working Group II: Climate Change 2022 – Impacts, Adaptation and Vulnerability",Category
https://climatekg.tibwiki.io/entity/Q718,https://climatekg.tibwiki.io/entity/Q150,https://climatekg.tibwiki.io/entity/Q1,Institutions,Working Group III: Climate Change 2022 – Mitigation of Climate Change,Category
https://climatekg.tibwiki.io/entity/Q719,https://climatekg.tibwiki.io/entity/Q106,https://climatekg.tibwiki.io/entity/Q1,Insurance/reinsurance,"Working Group II: Climate Change 2022 – Impacts, Adaptation and Vulnerability",Category
https://climatekg.tibwiki.io/entity/Q720,https://climatekg.tibwiki.io/entity/Q106,https://climatekg.tibwiki.io/entity/Q1,Integrated assessment,"Working Group II: Climate Change 2022 – Impacts, Adaptation and Vulnerability",Category
https://climatekg.tibwiki.io/entity/Q720,https://climatekg.tibwiki.io/entity/Q150,https://climatekg.tibwiki.io/entity/Q1,Integrated assessment,Working Group III: Climate Change 2022 – Mitigation of Climate Change,Category
https://climatekg.tibwiki.io/entity/Q721,https://climatekg.tibwiki.io/entity/Q77,https://climatekg.tibwiki.io/entity/Q1,Integrated assessment model,Working Group I: Climate Change 2021 – The Physical Science Basis,Category
https://climatekg.tibwiki.io/entity/Q721,https://climatekg.tibwiki.io/entity/Q106,https://climatekg.tibwiki.io/entity/Q1,Integrated assessment model,"Working Group II: Climate Change 2022 – Impacts, Adaptation and Vulnerability",Category
https://climatekg.tibwiki.io/entity/Q721,https://climatekg.tibwiki.io/entity/Q150,https://climatekg.tibwiki.io/entity/Q1,Integrated assessment model,Working Group III: Climate Change 2022 – Mitigation of Climate Change,Category
https://climatekg.tibwiki.io/entity/Q722,https://climatekg.tibwiki.io/entity/Q150,https://climatekg.tibwiki.io/entity/Q1,Integrated assessment scenario ensemble,Working Group III: Climate Change 2022 – Mitigation of Climate Change,Category
https://climatekg.tibwiki.io/entity/Q723,https://climatekg.tibwiki.io/entity/Q77,https://climatekg.tibwiki.io/entity/Q1,Inter-decadal Pacific Oscillation,Working Group I: Climate Change 2021 – The Physical Science Basis,Category
https://climatekg.tibwiki.io/entity/Q724,https://climatekg.tibwiki.io/entity/Q77,https://climatekg.tibwiki.io/entity/Q1,Inter-tropical Convergence Zone,Working Group I: Climate Change 2021 – The Physical Science Basis,Category
https://climatekg.tibwiki.io/entity/Q725,https://climatekg.tibwiki.io/entity/Q77,https://climatekg.tibwiki.io/entity/Q1,Interglacial or interglaciation,Working Group I: Climate Change 2021 – The Physical Science Basis,Category
https://climatekg.tibwiki.io/entity/Q726,https://climatekg.tibwiki.io/entity/Q77,https://climatekg.tibwiki.io/entity/Q1,Internal climate variability,Working Group I: Climate Change 2021 – The Physical Science Basis,Category
https://climatekg.tibwiki.io/entity/Q727,https://climatekg.tibwiki.io/entity/Q77,https://climatekg.tibwiki.io/entity/Q1,Internal variability,Working Group I: Climate Change 2021 – The Physical Science Basis,Category
https://climatekg.tibwiki.io/entity/Q728,https://climatekg.tibwiki.io/entity/Q150,https://climatekg.tibwiki.io/entity/Q1,Internet of Things,Working Group III: Climate Change 2022 – Mitigation of Climate Change,Category
https://climatekg.tibwiki.io/entity/Q729,https://climatekg.tibwiki.io/entity/Q77,https://climatekg.tibwiki.io/entity/Q1,Interpolation uncertainty,Working Group I: Climate Change 2021 – The Physical Science Basis,Category
https://climatekg.tibwiki.io/entity/Q730,https://climatekg.tibwiki.io/entity/Q77,https://climatekg.tibwiki.io/entity/Q1,Interstadial or interstade,Working Group I: Climate Change 2021 – The Physical Science Basis,Category
https://climatekg.tibwiki.io/entity/Q731,https://climatekg.tibwiki.io/entity/Q106,https://climatekg.tibwiki.io/entity/Q1,Invasive species,"Working Group II: Climate Change 2022 – Impacts, Adaptation and Vulnerability",Category
https://climatekg.tibwiki.io/entity/Q732,https://climatekg.tibwiki.io/entity/Q77,https://climatekg.tibwiki.io/entity/Q1,Irreversibility,Working Group I: Climate Change 2021 – The Physical Science Basis,Category
https://climatekg.tibwiki.io/entity/Q732,https://climatekg.tibwiki.io/entity/Q150,https://climatekg.tibwiki.io/entity/Q1,Irreversibility,Working Group III: Climate Change 2022 – Mitigation of Climate Change,Category
https://climatekg.tibwiki.io/entity/Q733,https://climatekg.tibwiki.io/entity/Q77,https://climatekg.tibwiki.io/entity/Q1,Isostatic or Isostasy,Working Group I: Climate Change 2021 – The Physical Science Basis,Category
https://climatekg.tibwiki.io/entity/Q734,https://climatekg.tibwiki.io/entity/Q77,https://climatekg.tibwiki.io/entity/Q1,Isotopes,Working Group I: Climate Change 2021 – The Physical Science Basis,Category
https://climatekg.tibwiki.io/entity/Q735,https://climatekg.tibwiki.io/entity/Q106,https://climatekg.tibwiki.io/entity/Q1,Just transitions,"Working Group II: Climate Change 2022 – Impacts, Adaptation and Vulnerability",Category
https://climatekg.tibwiki.io/entity/Q735,https://climatekg.tibwiki.io/entity/Q150,https://climatekg.tibwiki.io/entity/Q1,Just transitions,Working Group III: Climate Change 2022 – Mitigation of Climate Change,Category
https://climatekg.tibwiki.io/entity/Q736,https://climatekg.tibwiki.io/entity/Q106,https://climatekg.tibwiki.io/entity/Q1,Justice,"Working Group II: Climate Change 2022 – Impacts, Adaptation and Vulnerability",Category
https://climatekg.tibwiki.io/entity/Q736,https://climatekg.tibwiki.io/entity/Q150,https://climatekg.tibwiki.io/entity/Q1,Justice,Working Group III: Climate Change 2022 – Mitigation of Climate Change,Category
https://climatekg.tibwiki.io/entity/Q737,https://climatekg.tibwiki.io/entity/Q150,https://climatekg.tibwiki.io/entity/Q1,Kaya identity,Working Group III: Climate Change 2022 – Mitigation of Climate Change,Category
https://climatekg.tibwiki.io/entity/Q738,https://climatekg.tibwiki.io/entity/Q77,https://climatekg.tibwiki.io/entity/Q1,Key climate indicators,Working Group I: Climate Change 2021 – The Physical Science Basis,Category
https://climatekg.tibwiki.io/entity/Q739,https://climatekg.tibwiki.io/entity/Q106,https://climatekg.tibwiki.io/entity/Q1,Key risk,"Working Group II: Climate Change 2022 – Impacts, Adaptation and Vulnerability",Category
https://climatekg.tibwiki.io/entity/Q740,https://climatekg.tibwiki.io/entity/Q77,https://climatekg.tibwiki.io/entity/Q1,Kriging,Working Group I: Climate Change 2021 – The Physical Science Basis,Category
https://climatekg.tibwiki.io/entity/Q741,https://climatekg.tibwiki.io/entity/Q77,https://climatekg.tibwiki.io/entity/Q1,Land,Working Group I: Climate Change 2021 – The Physical Science Basis,Category
https://climatekg.tibwiki.io/entity/Q741,https://climatekg.tibwiki.io/entity/Q106,https://climatekg.tibwiki.io/entity/Q1,Land,"Working Group II: Climate Change 2022 – Impacts, Adaptation and Vulnerability",Category
https://climatekg.tibwiki.io/entity/Q741,https://climatekg.tibwiki.io/entity/Q150,https://climatekg.tibwiki.io/entity/Q1,Land,Working Group III: Climate Change 2022 – Mitigation of Climate Change,Category
https://climatekg.tibwiki.io/entity/Q742,https://climatekg.tibwiki.io/entity/Q77,https://climatekg.tibwiki.io/entity/Q1,Land cover,Working Group I: Climate Change 2021 – The Physical Science Basis,Category
https://climatekg.tibwiki.io/entity/Q742,https://climatekg.tibwiki.io/entity/Q106,https://climatekg.tibwiki.io/entity/Q1,Land cover,"Working Group II: Climate Change 2022 – Impacts, Adaptation and Vulnerability",Category
https://climatekg.tibwiki.io/entity/Q742,https://climatekg.tibwiki.io/entity/Q150,https://climatekg.tibwiki.io/entity/Q1,Land cover,Working Group III: Climate Change 2022 – Mitigation of Climate Change,Category
https://climatekg.tibwiki.io/entity/Q744,https://climatekg.tibwiki.io/entity/Q106,https://climatekg.tibwiki.io/entity/Q1,Land degradation,"Working Group II: Climate Change 2022 – Impacts, Adaptation and Vulnerability",Category
https://climatekg.tibwiki.io/entity/Q744,https://climatekg.tibwiki.io/entity/Q150,https://climatekg.tibwiki.io/entity/Q1,Land degradation,Working Group III: Climate Change 2022 – Mitigation of Climate Change,Category
https://climatekg.tibwiki.io/entity/Q745,https://climatekg.tibwiki.io/entity/Q150,https://climatekg.tibwiki.io/entity/Q1,Land degradation neutrality,Working Group III: Climate Change 2022 – Mitigation of Climate Change,Category
https://climatekg.tibwiki.io/entity/Q746,https://climatekg.tibwiki.io/entity/Q106,https://climatekg.tibwiki.io/entity/Q1,Land management,"Working Group II: Climate Change 2022 – Impacts, Adaptation and Vulnerability",Category
https://climatekg.tibwiki.io/entity/Q746,https://climatekg.tibwiki.io/entity/Q150,https://climatekg.tibwiki.io/entity/Q1,Land management,Working Group III: Climate Change 2022 – Mitigation of Climate Change,Category
https://climatekg.tibwiki.io/entity/Q747,https://climatekg.tibwiki.io/entity/Q150,https://climatekg.tibwiki.io/entity/Q1,Land management change,Working Group III: Climate Change 2022 – Mitigation of Climate Change,Category
https://climatekg.tibwiki.io/entity/Q748,https://climatekg.tibwiki.io/entity/Q150,https://climatekg.tibwiki.io/entity/Q1,Land potential,Working Group III: Climate Change 2022 – Mitigation of Climate Change,Category
https://climatekg.tibwiki.io/entity/Q749,https://climatekg.tibwiki.io/entity/Q150,https://climatekg.tibwiki.io/entity/Q1,Land rehabilitation,Working Group III: Climate Change 2022 – Mitigation of Climate Change,Category
https://climatekg.tibwiki.io/entity/Q750,https://climatekg.tibwiki.io/entity/Q150,https://climatekg.tibwiki.io/entity/Q1,Land restoration,Working Group III: Climate Change 2022 – Mitigation of Climate Change,Category
https://climatekg.tibwiki.io/entity/Q751,https://climatekg.tibwiki.io/entity/Q77,https://climatekg.tibwiki.io/entity/Q1,Land surface air temperature,Working Group I: Climate Change 2021 – The Physical Science Basis,Category
https://climatekg.tibwiki.io/entity/Q752,https://climatekg.tibwiki.io/entity/Q77,https://climatekg.tibwiki.io/entity/Q1,Land use,Working Group I: Climate Change 2021 – The Physical Science Basis,Category
https://climatekg.tibwiki.io/entity/Q752,https://climatekg.tibwiki.io/entity/Q106,https://climatekg.tibwiki.io/entity/Q1,Land use,"Working Group II: Climate Change 2022 – Impacts, Adaptation and Vulnerability",Category
https://climatekg.tibwiki.io/entity/Q752,https://climatekg.tibwiki.io/entity/Q150,https://climatekg.tibwiki.io/entity/Q1,Land use,Working Group III: Climate Change 2022 – Mitigation of Climate Change,Category
https://climatekg.tibwiki.io/entity/Q753,https://climatekg.tibwiki.io/entity/Q150,https://climatekg.tibwiki.io/entity/Q1,"Land use, land-use change and forestry",Working Group III: Climate Change 2022 – Mitigation of Climate Change,Category
https://climatekg.tibwiki.io/entity/Q755,https://climatekg.tibwiki.io/entity/Q77,https://climatekg.tibwiki.io/entity/Q1,Land water storage,Working Group I: Climate Change 2021 – The Physical Science Basis,Category
https://climatekg.tibwiki.io/entity/Q743,https://climatekg.tibwiki.io/entity/Q77,https://climatekg.tibwiki.io/entity/Q1,Land-cover change,Working Group I: Climate Change 2021 – The Physical Science Basis,Category
https://climatekg.tibwiki.io/entity/Q743,https://climatekg.tibwiki.io/entity/Q106,https://climatekg.tibwiki.io/entity/Q1,Land-cover change,"Working Group II: Climate Change 2022 – Impacts, Adaptation and Vulnerability",Category
https://climatekg.tibwiki.io/entity/Q743,https://climatekg.tibwiki.io/entity/Q150,https://climatekg.tibwiki.io/entity/Q1,Land-cover change,Working Group III: Climate Change 2022 – Mitigation of Climate Change,Category
https://climatekg.tibwiki.io/entity/Q754,https://climatekg.tibwiki.io/entity/Q77,https://climatekg.tibwiki.io/entity/Q1,Land-use change,Working Group I: Climate Change 2021 – The Physical Science Basis,Category
https://climatekg.tibwiki.io/entity/Q754,https://climatekg.tibwiki.io/entity/Q106,https://climatekg.tibwiki.io/entity/Q1,Land-use change,"Working Group II: Climate Change 2022 – Impacts, Adaptation and Vulnerability",Category
https://climatekg.tibwiki.io/entity/Q754,https://climatekg.tibwiki.io/entity/Q150,https://climatekg.tibwiki.io/entity/Q1,Land-use change,Working Group III: Climate Change 2022 – Mitigation of Climate Change,Category
https://climatekg.tibwiki.io/entity/Q756,https://climatekg.tibwiki.io/entity/Q77,https://climatekg.tibwiki.io/entity/Q1,Lapse rate,Working Group I: Climate Change 2021 – The Physical Science Basis,Category
https://climatekg.tibwiki.io/entity/Q757,https://climatekg.tibwiki.io/entity/Q77,https://climatekg.tibwiki.io/entity/Q1,Large-scale,Working Group I: Climate Change 2021 – The Physical Science Basis,Category
https://climatekg.tibwiki.io/entity/Q758,https://climatekg.tibwiki.io/entity/Q77,https://climatekg.tibwiki.io/entity/Q1,Last millennium,Working Group I: Climate Change 2021 – The Physical Science Basis,Category
https://climatekg.tibwiki.io/entity/Q759,https://climatekg.tibwiki.io/entity/Q77,https://climatekg.tibwiki.io/entity/Q1,Latent heat flux,Working Group I: Climate Change 2021 – The Physical Science Basis,Category
https://climatekg.tibwiki.io/entity/Q759,https://climatekg.tibwiki.io/entity/Q150,https://climatekg.tibwiki.io/entity/Q1,Latent heat flux,Working Group III: Climate Change 2022 – Mitigation of Climate Change,Category
https://climatekg.tibwiki.io/entity/Q760,https://climatekg.tibwiki.io/entity/Q150,https://climatekg.tibwiki.io/entity/Q1,Leakage,Working Group III: Climate Change 2022 – Mitigation of Climate Change,Category
https://climatekg.tibwiki.io/entity/Q761,https://climatekg.tibwiki.io/entity/Q150,https://climatekg.tibwiki.io/entity/Q1,Leapfrogging,Working Group III: Climate Change 2022 – Mitigation of Climate Change,Category
https://climatekg.tibwiki.io/entity/Q762,https://climatekg.tibwiki.io/entity/Q106,https://climatekg.tibwiki.io/entity/Q1,Least Developed Countries,"Working Group II: Climate Change 2022 – Impacts, Adaptation and Vulnerability",Category
https://climatekg.tibwiki.io/entity/Q763,https://climatekg.tibwiki.io/entity/Q150,https://climatekg.tibwiki.io/entity/Q1,Lifecycle assessment,Working Group III: Climate Change 2022 – Mitigation of Climate Change,Category
https://climatekg.tibwiki.io/entity/Q764,https://climatekg.tibwiki.io/entity/Q77,https://climatekg.tibwiki.io/entity/Q1,Lifetime,Working Group I: Climate Change 2021 – The Physical Science Basis,Category
https://climatekg.tibwiki.io/entity/Q765,https://climatekg.tibwiki.io/entity/Q77,https://climatekg.tibwiki.io/entity/Q1,Light-absorbing particles,Working Group I: Climate Change 2021 – The Physical Science Basis,Category
https://climatekg.tibwiki.io/entity/Q766,https://climatekg.tibwiki.io/entity/Q77,https://climatekg.tibwiki.io/entity/Q1,Likelihood,Working Group I: Climate Change 2021 – The Physical Science Basis,Category
https://climatekg.tibwiki.io/entity/Q766,https://climatekg.tibwiki.io/entity/Q106,https://climatekg.tibwiki.io/entity/Q1,Likelihood,"Working Group II: Climate Change 2022 – Impacts, Adaptation and Vulnerability",Category
https://climatekg.tibwiki.io/entity/Q766,https://climatekg.tibwiki.io/entity/Q150,https://climatekg.tibwiki.io/entity/Q1,Likelihood,Working Group III: Climate Change 2022 – Mitigation of Climate Change,Category
https://climatekg.tibwiki.io/entity/Q767,https://climatekg.tibwiki.io/entity/Q77,https://climatekg.tibwiki.io/entity/Q1,Lithosphere,Working Group I: Climate Change 2021 – The Physical Science Basis,Category
https://climatekg.tibwiki.io/entity/Q768,https://climatekg.tibwiki.io/entity/Q77,https://climatekg.tibwiki.io/entity/Q1,Livelihood,Working Group I: Climate Change 2021 – The Physical Science Basis,Category
https://climatekg.tibwiki.io/entity/Q768,https://climatekg.tibwiki.io/entity/Q106,https://climatekg.tibwiki.io/entity/Q1,Livelihood,"Working Group II: Climate Change 2022 – Impacts, Adaptation and Vulnerability",Category
https://climatekg.tibwiki.io/entity/Q768,https://climatekg.tibwiki.io/entity/Q150,https://climatekg.tibwiki.io/entity/Q1,Livelihood,Working Group III: Climate Change 2022 – Mitigation of Climate Change,Category
https://climatekg.tibwiki.io/entity/Q769,https://climatekg.tibwiki.io/entity/Q106,https://climatekg.tibwiki.io/entity/Q1,Local extinction,"Working Group II: Climate Change 2022 – Impacts, Adaptation and Vulnerability",Category
https://climatekg.tibwiki.io/entity/Q770,https://climatekg.tibwiki.io/entity/Q106,https://climatekg.tibwiki.io/entity/Q1,Local knowledge,"Working Group II: Climate Change 2022 – Impacts, Adaptation and Vulnerability",Category
https://climatekg.tibwiki.io/entity/Q770,https://climatekg.tibwiki.io/entity/Q150,https://climatekg.tibwiki.io/entity/Q1,Local knowledge,Working Group III: Climate Change 2022 – Mitigation of Climate Change,Category
https://climatekg.tibwiki.io/entity/Q771,https://climatekg.tibwiki.io/entity/Q77,https://climatekg.tibwiki.io/entity/Q1,Local sea level change,Working Group I: Climate Change 2021 – The Physical Science Basis,Category
https://climatekg.tibwiki.io/entity/Q772,https://climatekg.tibwiki.io/entity/Q106,https://climatekg.tibwiki.io/entity/Q1,Lock-in,"Working Group II: Climate Change 2022 – Impacts, Adaptation and Vulnerability",Category
https://climatekg.tibwiki.io/entity/Q772,https://climatekg.tibwiki.io/entity/Q150,https://climatekg.tibwiki.io/entity/Q1,Lock-in,Working Group III: Climate Change 2022 – Mitigation of Climate Change,Category
https://climatekg.tibwiki.io/entity/Q773,https://climatekg.tibwiki.io/entity/Q150,https://climatekg.tibwiki.io/entity/Q1,Long-lived climate forcers,Working Group III: Climate Change 2022 – Mitigation of Climate Change,Category
https://climatekg.tibwiki.io/entity/Q774,https://climatekg.tibwiki.io/entity/Q77,https://climatekg.tibwiki.io/entity/Q1,Long-lived greenhouse gases,Working Group I: Climate Change 2021 – The Physical Science Basis,Category
https://climatekg.tibwiki.io/entity/Q775,https://climatekg.tibwiki.io/entity/Q106,https://climatekg.tibwiki.io/entity/Q1,"Loss and Damage, and losses and damages","Working Group II: Climate Change 2022 – Impacts, Adaptation and Vulnerability",Category
https://climatekg.tibwiki.io/entity/Q775,https://climatekg.tibwiki.io/entity/Q150,https://climatekg.tibwiki.io/entity/Q1,"Loss and Damage, and losses and damages",Working Group III: Climate Change 2022 – Mitigation of Climate Change,Category
https://climatekg.tibwiki.io/entity/Q776,https://climatekg.tibwiki.io/entity/Q106,https://climatekg.tibwiki.io/entity/Q1,Low Elevation Coastal Zones,"Working Group II: Climate Change 2022 – Impacts, Adaptation and Vulnerability",Category
https://climatekg.tibwiki.io/entity/Q777,https://climatekg.tibwiki.io/entity/Q77,https://climatekg.tibwiki.io/entity/Q1,"Low-likelihood, high impact outcomes",Working Group I: Climate Change 2021 – The Physical Science Basis,Category
https://climatekg.tibwiki.io/entity/Q777,https://climatekg.tibwiki.io/entity/Q106,https://climatekg.tibwiki.io/entity/Q1,"Low-likelihood, high impact outcomes","Working Group II: Climate Change 2022 – Impacts, Adaptation and Vulnerability",Category
https://climatekg.tibwiki.io/entity/Q778,https://climatekg.tibwiki.io/entity/Q77,https://climatekg.tibwiki.io/entity/Q1,Madden–Julian Oscillation,Working Group I: Climate Change 2021 – The Physical Science Basis,Category
https://climatekg.tibwiki.io/entity/Q779,https://climatekg.tibwiki.io/entity/Q77,https://climatekg.tibwiki.io/entity/Q1,Maladaptive actions,Working Group I: Climate Change 2021 – The Physical Science Basis,Category
https://climatekg.tibwiki.io/entity/Q779,https://climatekg.tibwiki.io/entity/Q106,https://climatekg.tibwiki.io/entity/Q1,Maladaptive actions,"Working Group II: Climate Change 2022 – Impacts, Adaptation and Vulnerability",Category
https://climatekg.tibwiki.io/entity/Q779,https://climatekg.tibwiki.io/entity/Q150,https://climatekg.tibwiki.io/entity/Q1,Maladaptive actions,Working Group III: Climate Change 2022 – Mitigation of Climate Change,Category
https://climatekg.tibwiki.io/entity/Q780,https://climatekg.tibwiki.io/entity/Q106,https://climatekg.tibwiki.io/entity/Q1,Malnutrition,"Working Group II: Climate Change 2022 – Impacts, Adaptation and Vulnerability",Category
https://climatekg.tibwiki.io/entity/Q780,https://climatekg.tibwiki.io/entity/Q150,https://climatekg.tibwiki.io/entity/Q1,Malnutrition,Working Group III: Climate Change 2022 – Mitigation of Climate Change,Category
https://climatekg.tibwiki.io/entity/Q781,https://climatekg.tibwiki.io/entity/Q150,https://climatekg.tibwiki.io/entity/Q1,Managed forest,Working Group III: Climate Change 2022 – Mitigation of Climate Change,Category
https://climatekg.tibwiki.io/entity/Q782,https://climatekg.tibwiki.io/entity/Q150,https://climatekg.tibwiki.io/entity/Q1,Managed grassland,Working Group III: Climate Change 2022 – Mitigation of Climate Change,Category
https://climatekg.tibwiki.io/entity/Q783,https://climatekg.tibwiki.io/entity/Q150,https://climatekg.tibwiki.io/entity/Q1,Managed land,Working Group III: Climate Change 2022 – Mitigation of Climate Change,Category
https://climatekg.tibwiki.io/entity/Q785,https://climatekg.tibwiki.io/entity/Q77,https://climatekg.tibwiki.io/entity/Q1,Marine cloud brightening,Working Group I: Climate Change 2021 – The Physical Science Basis,Category
https://climatekg.tibwiki.io/entity/Q786,https://climatekg.tibwiki.io/entity/Q77,https://climatekg.tibwiki.io/entity/Q1,Marine heatwave,Working Group I: Climate Change 2021 – The Physical Science Basis,Category
https://climatekg.tibwiki.io/entity/Q786,https://climatekg.tibwiki.io/entity/Q106,https://climatekg.tibwiki.io/entity/Q1,Marine heatwave,"Working Group II: Climate Change 2022 – Impacts, Adaptation and Vulnerability",Category
https://climatekg.tibwiki.io/entity/Q787,https://climatekg.tibwiki.io/entity/Q77,https://climatekg.tibwiki.io/entity/Q1,Marine ice cliff instability,Working Group I: Climate Change 2021 – The Physical Science Basis,Category
https://climatekg.tibwiki.io/entity/Q788,https://climatekg.tibwiki.io/entity/Q77,https://climatekg.tibwiki.io/entity/Q1,Marine ice sheet instability,Working Group I: Climate Change 2021 – The Physical Science Basis,Category
https://climatekg.tibwiki.io/entity/Q789,https://climatekg.tibwiki.io/entity/Q77,https://climatekg.tibwiki.io/entity/Q1,Marine isotope stage,Working Group I: Climate Change 2021 – The Physical Science Basis,Category
https://climatekg.tibwiki.io/entity/Q784,https://climatekg.tibwiki.io/entity/Q77,https://climatekg.tibwiki.io/entity/Q1,Marine-based ice sheet,Working Group I: Climate Change 2021 – The Physical Science Basis,Category
https://climatekg.tibwiki.io/entity/Q790,https://climatekg.tibwiki.io/entity/Q150,https://climatekg.tibwiki.io/entity/Q1,Market failure,Working Group III: Climate Change 2022 – Mitigation of Climate Change,Category
https://climatekg.tibwiki.io/entity/Q791,https://climatekg.tibwiki.io/entity/Q77,https://climatekg.tibwiki.io/entity/Q1,Mass balance/budget,Working Group I: Climate Change 2021 – The Physical Science Basis,Category
https://climatekg.tibwiki.io/entity/Q792,https://climatekg.tibwiki.io/entity/Q150,https://climatekg.tibwiki.io/entity/Q1,Material substitution,Working Group III: Climate Change 2022 – Mitigation of Climate Change,Category
https://climatekg.tibwiki.io/entity/Q793,https://climatekg.tibwiki.io/entity/Q77,https://climatekg.tibwiki.io/entity/Q1,Mean sea level,Working Group I: Climate Change 2021 – The Physical Science Basis,Category
https://climatekg.tibwiki.io/entity/Q793,https://climatekg.tibwiki.io/entity/Q106,https://climatekg.tibwiki.io/entity/Q1,Mean sea level,"Working Group II: Climate Change 2022 – Impacts, Adaptation and Vulnerability",Category
https://climatekg.tibwiki.io/entity/Q794,https://climatekg.tibwiki.io/entity/Q106,https://climatekg.tibwiki.io/entity/Q1,Measurement,"Working Group II: Climate Change 2022 – Impacts, Adaptation and Vulnerability",Category
https://climatekg.tibwiki.io/entity/Q794,https://climatekg.tibwiki.io/entity/Q150,https://climatekg.tibwiki.io/entity/Q1,Measurement,Working Group III: Climate Change 2022 – Mitigation of Climate Change,Category
https://climatekg.tibwiki.io/entity/Q795,https://climatekg.tibwiki.io/entity/Q150,https://climatekg.tibwiki.io/entity/Q1,"Measurement, Reporting and Verification",Working Group III: Climate Change 2022 – Mitigation of Climate Change,Category
https://climatekg.tibwiki.io/entity/Q796,https://climatekg.tibwiki.io/entity/Q77,https://climatekg.tibwiki.io/entity/Q1,Megacity,Working Group I: Climate Change 2021 – The Physical Science Basis,Category
https://climatekg.tibwiki.io/entity/Q796,https://climatekg.tibwiki.io/entity/Q106,https://climatekg.tibwiki.io/entity/Q1,Megacity,"Working Group II: Climate Change 2022 – Impacts, Adaptation and Vulnerability",Category
https://climatekg.tibwiki.io/entity/Q796,https://climatekg.tibwiki.io/entity/Q150,https://climatekg.tibwiki.io/entity/Q1,Megacity,Working Group III: Climate Change 2022 – Mitigation of Climate Change,Category
https://climatekg.tibwiki.io/entity/Q797,https://climatekg.tibwiki.io/entity/Q106,https://climatekg.tibwiki.io/entity/Q1,Megadrought,"Working Group II: Climate Change 2022 – Impacts, Adaptation and Vulnerability",Category
https://climatekg.tibwiki.io/entity/Q798,https://climatekg.tibwiki.io/entity/Q77,https://climatekg.tibwiki.io/entity/Q1,Meltwater Pulse 1A,Working Group I: Climate Change 2021 – The Physical Science Basis,Category
https://climatekg.tibwiki.io/entity/Q799,https://climatekg.tibwiki.io/entity/Q106,https://climatekg.tibwiki.io/entity/Q1,Mental health,"Working Group II: Climate Change 2022 – Impacts, Adaptation and Vulnerability",Category
https://climatekg.tibwiki.io/entity/Q800,https://climatekg.tibwiki.io/entity/Q77,https://climatekg.tibwiki.io/entity/Q1,Meridional overturning circulation,Working Group I: Climate Change 2021 – The Physical Science Basis,Category
https://climatekg.tibwiki.io/entity/Q801,https://climatekg.tibwiki.io/entity/Q77,https://climatekg.tibwiki.io/entity/Q1,Meteorological drought,Working Group I: Climate Change 2021 – The Physical Science Basis,Category
https://climatekg.tibwiki.io/entity/Q801,https://climatekg.tibwiki.io/entity/Q106,https://climatekg.tibwiki.io/entity/Q1,Meteorological drought,"Working Group II: Climate Change 2022 – Impacts, Adaptation and Vulnerability",Category
https://climatekg.tibwiki.io/entity/Q802,https://climatekg.tibwiki.io/entity/Q77,https://climatekg.tibwiki.io/entity/Q1,Methane,Working Group I: Climate Change 2021 – The Physical Science Basis,Category
https://climatekg.tibwiki.io/entity/Q802,https://climatekg.tibwiki.io/entity/Q106,https://climatekg.tibwiki.io/entity/Q1,Methane,"Working Group II: Climate Change 2022 – Impacts, Adaptation and Vulnerability",Category
https://climatekg.tibwiki.io/entity/Q802,https://climatekg.tibwiki.io/entity/Q150,https://climatekg.tibwiki.io/entity/Q1,Methane,Working Group III: Climate Change 2022 – Mitigation of Climate Change,Category
https://climatekg.tibwiki.io/entity/Q803,https://climatekg.tibwiki.io/entity/Q106,https://climatekg.tibwiki.io/entity/Q1,Metric,"Working Group II: Climate Change 2022 – Impacts, Adaptation and Vulnerability",Category
https://climatekg.tibwiki.io/entity/Q804,https://climatekg.tibwiki.io/entity/Q77,https://climatekg.tibwiki.io/entity/Q1,Microclimate,Working Group I: Climate Change 2021 – The Physical Science Basis,Category
https://climatekg.tibwiki.io/entity/Q804,https://climatekg.tibwiki.io/entity/Q106,https://climatekg.tibwiki.io/entity/Q1,Microclimate,"Working Group II: Climate Change 2022 – Impacts, Adaptation and Vulnerability",Category
https://climatekg.tibwiki.io/entity/Q805,https://climatekg.tibwiki.io/entity/Q77,https://climatekg.tibwiki.io/entity/Q1,Microwave sounding unit,Working Group I: Climate Change 2021 – The Physical Science Basis,Category
https://climatekg.tibwiki.io/entity/Q806,https://climatekg.tibwiki.io/entity/Q106,https://climatekg.tibwiki.io/entity/Q1,Migrant,"Working Group II: Climate Change 2022 – Impacts, Adaptation and Vulnerability",Category
https://climatekg.tibwiki.io/entity/Q806,https://climatekg.tibwiki.io/entity/Q150,https://climatekg.tibwiki.io/entity/Q1,Migrant,Working Group III: Climate Change 2022 – Mitigation of Climate Change,Category
https://climatekg.tibwiki.io/entity/Q807,https://climatekg.tibwiki.io/entity/Q106,https://climatekg.tibwiki.io/entity/Q1,Migration,"Working Group II: Climate Change 2022 – Impacts, Adaptation and Vulnerability",Category
https://climatekg.tibwiki.io/entity/Q807,https://climatekg.tibwiki.io/entity/Q150,https://climatekg.tibwiki.io/entity/Q1,Migration,Working Group III: Climate Change 2022 – Mitigation of Climate Change,Category
https://climatekg.tibwiki.io/entity/Q808,https://climatekg.tibwiki.io/entity/Q77,https://climatekg.tibwiki.io/entity/Q1,Mineralization/Remineralization,Working Group I: Climate Change 2021 – The Physical Science Basis,Category
https://climatekg.tibwiki.io/entity/Q809,https://climatekg.tibwiki.io/entity/Q77,https://climatekg.tibwiki.io/entity/Q1,Mitigation,Working Group I: Climate Change 2021 – The Physical Science Basis,Category
https://climatekg.tibwiki.io/entity/Q809,https://climatekg.tibwiki.io/entity/Q106,https://climatekg.tibwiki.io/entity/Q1,Mitigation,"Working Group II: Climate Change 2022 – Impacts, Adaptation and Vulnerability",Category
https://climatekg.tibwiki.io/entity/Q809,https://climatekg.tibwiki.io/entity/Q150,https://climatekg.tibwiki.io/entity/Q1,Mitigation,Working Group III: Climate Change 2022 – Mitigation of Climate Change,Category
https://climatekg.tibwiki.io/entity/Q810,https://climatekg.tibwiki.io/entity/Q106,https://climatekg.tibwiki.io/entity/Q1,Mitigation measures,"Working Group II: Climate Change 2022 – Impacts, Adaptation and Vulnerability",Category
https://climatekg.tibwiki.io/entity/Q810,https://climatekg.tibwiki.io/entity/Q150,https://climatekg.tibwiki.io/entity/Q1,Mitigation measures,Working Group III: Climate Change 2022 – Mitigation of Climate Change,Category
https://climatekg.tibwiki.io/entity/Q811,https://climatekg.tibwiki.io/entity/Q106,https://climatekg.tibwiki.io/entity/Q1,Mitigation option,"Working Group II: Climate Change 2022 – Impacts, Adaptation and Vulnerability",Category
https://climatekg.tibwiki.io/entity/Q811,https://climatekg.tibwiki.io/entity/Q150,https://climatekg.tibwiki.io/entity/Q1,Mitigation option,Working Group III: Climate Change 2022 – Mitigation of Climate Change,Category
https://climatekg.tibwiki.io/entity/Q812,https://climatekg.tibwiki.io/entity/Q77,https://climatekg.tibwiki.io/entity/Q1,Mitigation pathways,Working Group I: Climate Change 2021 – The Physical Science Basis,Category
https://climatekg.tibwiki.io/entity/Q812,https://climatekg.tibwiki.io/entity/Q150,https://climatekg.tibwiki.io/entity/Q1,Mitigation pathways,Working Group III: Climate Change 2022 – Mitigation of Climate Change,Category
https://climatekg.tibwiki.io/entity/Q813,https://climatekg.tibwiki.io/entity/Q77,https://climatekg.tibwiki.io/entity/Q1,Mitigation potential,Working Group I: Climate Change 2021 – The Physical Science Basis,Category
https://climatekg.tibwiki.io/entity/Q813,https://climatekg.tibwiki.io/entity/Q150,https://climatekg.tibwiki.io/entity/Q1,Mitigation potential,Working Group III: Climate Change 2022 – Mitigation of Climate Change,Category
https://climatekg.tibwiki.io/entity/Q814,https://climatekg.tibwiki.io/entity/Q77,https://climatekg.tibwiki.io/entity/Q1,Mitigation scenario,Working Group I: Climate Change 2021 – The Physical Science Basis,Category
https://climatekg.tibwiki.io/entity/Q814,https://climatekg.tibwiki.io/entity/Q106,https://climatekg.tibwiki.io/entity/Q1,Mitigation scenario,"Working Group II: Climate Change 2022 – Impacts, Adaptation and Vulnerability",Category
https://climatekg.tibwiki.io/entity/Q814,https://climatekg.tibwiki.io/entity/Q150,https://climatekg.tibwiki.io/entity/Q1,Mitigation scenario,Working Group III: Climate Change 2022 – Mitigation of Climate Change,Category
https://climatekg.tibwiki.io/entity/Q815,https://climatekg.tibwiki.io/entity/Q77,https://climatekg.tibwiki.io/entity/Q1,Model initialization,Working Group I: Climate Change 2021 – The Physical Science Basis,Category
https://climatekg.tibwiki.io/entity/Q816,https://climatekg.tibwiki.io/entity/Q77,https://climatekg.tibwiki.io/entity/Q1,Model spread,Working Group I: Climate Change 2021 – The Physical Science Basis,Category
https://climatekg.tibwiki.io/entity/Q817,https://climatekg.tibwiki.io/entity/Q106,https://climatekg.tibwiki.io/entity/Q1,Models,"Working Group II: Climate Change 2022 – Impacts, Adaptation and Vulnerability",Category
https://climatekg.tibwiki.io/entity/Q818,https://climatekg.tibwiki.io/entity/Q77,https://climatekg.tibwiki.io/entity/Q1,Modes of climate variability,Working Group I: Climate Change 2021 – The Physical Science Basis,Category
https://climatekg.tibwiki.io/entity/Q819,https://climatekg.tibwiki.io/entity/Q77,https://climatekg.tibwiki.io/entity/Q1,Mole fraction or mixing ratio,Working Group I: Climate Change 2021 – The Physical Science Basis,Category
https://climatekg.tibwiki.io/entity/Q820,https://climatekg.tibwiki.io/entity/Q106,https://climatekg.tibwiki.io/entity/Q1,Monitoring and evaluation,"Working Group II: Climate Change 2022 – Impacts, Adaptation and Vulnerability",Category
https://climatekg.tibwiki.io/entity/Q821,https://climatekg.tibwiki.io/entity/Q77,https://climatekg.tibwiki.io/entity/Q1,Montreal Protocol,Working Group I: Climate Change 2021 – The Physical Science Basis,Category
https://climatekg.tibwiki.io/entity/Q822,https://climatekg.tibwiki.io/entity/Q106,https://climatekg.tibwiki.io/entity/Q1,Mountains,"Working Group II: Climate Change 2022 – Impacts, Adaptation and Vulnerability",Category
https://climatekg.tibwiki.io/entity/Q823,https://climatekg.tibwiki.io/entity/Q106,https://climatekg.tibwiki.io/entity/Q1,Multi-level governance,"Working Group II: Climate Change 2022 – Impacts, Adaptation and Vulnerability",Category
https://climatekg.tibwiki.io/entity/Q823,https://climatekg.tibwiki.io/entity/Q150,https://climatekg.tibwiki.io/entity/Q1,Multi-level governance,Working Group III: Climate Change 2022 – Mitigation of Climate Change,Category
https://climatekg.tibwiki.io/entity/Q824,https://climatekg.tibwiki.io/entity/Q77,https://climatekg.tibwiki.io/entity/Q1,Narrative,Working Group I: Climate Change 2021 – The Physical Science Basis,Category
https://climatekg.tibwiki.io/entity/Q824,https://climatekg.tibwiki.io/entity/Q106,https://climatekg.tibwiki.io/entity/Q1,Narrative,"Working Group II: Climate Change 2022 – Impacts, Adaptation and Vulnerability",Category
https://climatekg.tibwiki.io/entity/Q824,https://climatekg.tibwiki.io/entity/Q150,https://climatekg.tibwiki.io/entity/Q1,Narrative,Working Group III: Climate Change 2022 – Mitigation of Climate Change,Category
https://climatekg.tibwiki.io/entity/Q825,https://climatekg.tibwiki.io/entity/Q106,https://climatekg.tibwiki.io/entity/Q1,Native species,"Working Group II: Climate Change 2022 – Impacts, Adaptation and Vulnerability",Category
https://climatekg.tibwiki.io/entity/Q826,https://climatekg.tibwiki.io/entity/Q77,https://climatekg.tibwiki.io/entity/Q1,Natural systems,Working Group I: Climate Change 2021 – The Physical Science Basis,Category
https://climatekg.tibwiki.io/entity/Q826,https://climatekg.tibwiki.io/entity/Q106,https://climatekg.tibwiki.io/entity/Q1,Natural systems,"Working Group II: Climate Change 2022 – Impacts, Adaptation and Vulnerability",Category
https://climatekg.tibwiki.io/entity/Q827,https://climatekg.tibwiki.io/entity/Q77,https://climatekg.tibwiki.io/entity/Q1,Natural variability,Working Group I: Climate Change 2021 – The Physical Science Basis,Category
https://climatekg.tibwiki.io/entity/Q829,https://climatekg.tibwiki.io/entity/Q150,https://climatekg.tibwiki.io/entity/Q1,Nature's contributions to people,Working Group III: Climate Change 2022 – Mitigation of Climate Change,Category
https://climatekg.tibwiki.io/entity/Q828,https://climatekg.tibwiki.io/entity/Q106,https://climatekg.tibwiki.io/entity/Q1,Nature-based solutions,"Working Group II: Climate Change 2022 – Impacts, Adaptation and Vulnerability",Category
https://climatekg.tibwiki.io/entity/Q828,https://climatekg.tibwiki.io/entity/Q150,https://climatekg.tibwiki.io/entity/Q1,Nature-based solutions,Working Group III: Climate Change 2022 – Mitigation of Climate Change,Category
https://climatekg.tibwiki.io/entity/Q830,https://climatekg.tibwiki.io/entity/Q77,https://climatekg.tibwiki.io/entity/Q1,Near-surface permafrost,Working Group I: Climate Change 2021 – The Physical Science Basis,Category
https://climatekg.tibwiki.io/entity/Q831,https://climatekg.tibwiki.io/entity/Q77,https://climatekg.tibwiki.io/entity/Q1,Negative greenhouse gas emissions,Working Group I: Climate Change 2021 – The Physical Science Basis,Category
https://climatekg.tibwiki.io/entity/Q832,https://climatekg.tibwiki.io/entity/Q77,https://climatekg.tibwiki.io/entity/Q1,Net negative greenhouse gas emissions,Working Group I: Climate Change 2021 – The Physical Science Basis,Category
https://climatekg.tibwiki.io/entity/Q832,https://climatekg.tibwiki.io/entity/Q150,https://climatekg.tibwiki.io/entity/Q1,Net negative greenhouse gas emissions,Working Group III: Climate Change 2022 – Mitigation of Climate Change,Category
https://climatekg.tibwiki.io/entity/Q833,https://climatekg.tibwiki.io/entity/Q77,https://climatekg.tibwiki.io/entity/Q1,Net primary production,Working Group I: Climate Change 2021 – The Physical Science Basis,Category
https://climatekg.tibwiki.io/entity/Q833,https://climatekg.tibwiki.io/entity/Q106,https://climatekg.tibwiki.io/entity/Q1,Net primary production,"Working Group II: Climate Change 2022 – Impacts, Adaptation and Vulnerability",Category
https://climatekg.tibwiki.io/entity/Q834,https://climatekg.tibwiki.io/entity/Q77,https://climatekg.tibwiki.io/entity/Q1,Net zero CO2 emissions,Working Group I: Climate Change 2021 – The Physical Science Basis,Category
https://climatekg.tibwiki.io/entity/Q834,https://climatekg.tibwiki.io/entity/Q106,https://climatekg.tibwiki.io/entity/Q1,Net zero CO2 emissions,"Working Group II: Climate Change 2022 – Impacts, Adaptation and Vulnerability",Category
https://climatekg.tibwiki.io/entity/Q834,https://climatekg.tibwiki.io/entity/Q150,https://climatekg.tibwiki.io/entity/Q1,Net zero CO2 emissions,Working Group III: Climate Change 2022 – Mitigation of Climate Change,Category
https://climatekg.tibwiki.io/entity/Q835,https://climatekg.tibwiki.io/entity/Q77,https://climatekg.tibwiki.io/entity/Q1,Net zero greenhouse gas emissions,Working Group I: Climate Change 2021 – The Physical Science Basis,Category
https://climatekg.tibwiki.io/entity/Q835,https://climatekg.tibwiki.io/entity/Q150,https://climatekg.tibwiki.io/entity/Q1,Net zero greenhouse gas emissions,Working Group III: Climate Change 2022 – Mitigation of Climate Change,Category
https://climatekg.tibwiki.io/entity/Q836,https://climatekg.tibwiki.io/entity/Q106,https://climatekg.tibwiki.io/entity/Q1,New Urban Agenda,"Working Group II: Climate Change 2022 – Impacts, Adaptation and Vulnerability",Category
https://climatekg.tibwiki.io/entity/Q837,https://climatekg.tibwiki.io/entity/Q77,https://climatekg.tibwiki.io/entity/Q1,Nitrogen deposition,Working Group I: Climate Change 2021 – The Physical Science Basis,Category
https://climatekg.tibwiki.io/entity/Q838,https://climatekg.tibwiki.io/entity/Q77,https://climatekg.tibwiki.io/entity/Q1,Nitrous oxide,Working Group I: Climate Change 2021 – The Physical Science Basis,Category
https://climatekg.tibwiki.io/entity/Q838,https://climatekg.tibwiki.io/entity/Q150,https://climatekg.tibwiki.io/entity/Q1,Nitrous oxide,Working Group III: Climate Change 2022 – Mitigation of Climate Change,Category
https://climatekg.tibwiki.io/entity/Q839,https://climatekg.tibwiki.io/entity/Q77,https://climatekg.tibwiki.io/entity/Q1,Non-CO2 emissions and radiative forcing,Working Group I: Climate Change 2021 – The Physical Science Basis,Category
https://climatekg.tibwiki.io/entity/Q840,https://climatekg.tibwiki.io/entity/Q106,https://climatekg.tibwiki.io/entity/Q1,Non-climatic driver,"Working Group II: Climate Change 2022 – Impacts, Adaptation and Vulnerability",Category
https://climatekg.tibwiki.io/entity/Q841,https://climatekg.tibwiki.io/entity/Q106,https://climatekg.tibwiki.io/entity/Q1,Non-communicable diseases,"Working Group II: Climate Change 2022 – Impacts, Adaptation and Vulnerability",Category
https://climatekg.tibwiki.io/entity/Q842,https://climatekg.tibwiki.io/entity/Q77,https://climatekg.tibwiki.io/entity/Q1,Non-linearity,Working Group I: Climate Change 2021 – The Physical Science Basis,Category
https://climatekg.tibwiki.io/entity/Q843,https://climatekg.tibwiki.io/entity/Q77,https://climatekg.tibwiki.io/entity/Q1,Non-methane volatile organic compounds,Working Group I: Climate Change 2021 – The Physical Science Basis,Category
https://climatekg.tibwiki.io/entity/Q844,https://climatekg.tibwiki.io/entity/Q77,https://climatekg.tibwiki.io/entity/Q1,Non-overshoot pathways,Working Group I: Climate Change 2021 – The Physical Science Basis,Category
https://climatekg.tibwiki.io/entity/Q844,https://climatekg.tibwiki.io/entity/Q150,https://climatekg.tibwiki.io/entity/Q1,Non-overshoot pathways,Working Group III: Climate Change 2022 – Mitigation of Climate Change,Category
https://climatekg.tibwiki.io/entity/Q845,https://climatekg.tibwiki.io/entity/Q77,https://climatekg.tibwiki.io/entity/Q1,North American monsoon,Working Group I: Climate Change 2021 – The Physical Science Basis,Category
https://climatekg.tibwiki.io/entity/Q846,https://climatekg.tibwiki.io/entity/Q77,https://climatekg.tibwiki.io/entity/Q1,North Atlantic Oscillation,Working Group I: Climate Change 2021 – The Physical Science Basis,Category
https://climatekg.tibwiki.io/entity/Q847,https://climatekg.tibwiki.io/entity/Q77,https://climatekg.tibwiki.io/entity/Q1,Northern Annular Mode,Working Group I: Climate Change 2021 – The Physical Science Basis,Category
https://climatekg.tibwiki.io/entity/Q848,https://climatekg.tibwiki.io/entity/Q77,https://climatekg.tibwiki.io/entity/Q1,Ocean,Working Group I: Climate Change 2021 – The Physical Science Basis,Category
https://climatekg.tibwiki.io/entity/Q848,https://climatekg.tibwiki.io/entity/Q106,https://climatekg.tibwiki.io/entity/Q1,Ocean,"Working Group II: Climate Change 2022 – Impacts, Adaptation and Vulnerability",Category
https://climatekg.tibwiki.io/entity/Q849,https://climatekg.tibwiki.io/entity/Q77,https://climatekg.tibwiki.io/entity/Q1,Ocean acidification,Working Group I: Climate Change 2021 – The Physical Science Basis,Category
https://climatekg.tibwiki.io/entity/Q849,https://climatekg.tibwiki.io/entity/Q106,https://climatekg.tibwiki.io/entity/Q1,Ocean acidification,"Working Group II: Climate Change 2022 – Impacts, Adaptation and Vulnerability",Category
https://climatekg.tibwiki.io/entity/Q850,https://climatekg.tibwiki.io/entity/Q77,https://climatekg.tibwiki.io/entity/Q1,Ocean alkalinization/Ocean alkalinity enhancement,Working Group I: Climate Change 2021 – The Physical Science Basis,Category
https://climatekg.tibwiki.io/entity/Q850,https://climatekg.tibwiki.io/entity/Q150,https://climatekg.tibwiki.io/entity/Q1,Ocean alkalinization/Ocean alkalinity enhancement,Working Group III: Climate Change 2022 – Mitigation of Climate Change,Category
https://climatekg.tibwiki.io/entity/Q851,https://climatekg.tibwiki.io/entity/Q77,https://climatekg.tibwiki.io/entity/Q1,Ocean carbon cycle,Working Group I: Climate Change 2021 – The Physical Science Basis,Category
https://climatekg.tibwiki.io/entity/Q852,https://climatekg.tibwiki.io/entity/Q77,https://climatekg.tibwiki.io/entity/Q1,Ocean deoxygenation,Working Group I: Climate Change 2021 – The Physical Science Basis,Category
https://climatekg.tibwiki.io/entity/Q852,https://climatekg.tibwiki.io/entity/Q106,https://climatekg.tibwiki.io/entity/Q1,Ocean deoxygenation,"Working Group II: Climate Change 2022 – Impacts, Adaptation and Vulnerability",Category
https://climatekg.tibwiki.io/entity/Q853,https://climatekg.tibwiki.io/entity/Q77,https://climatekg.tibwiki.io/entity/Q1,Ocean dynamic sea level change,Working Group I: Climate Change 2021 – The Physical Science Basis,Category
https://climatekg.tibwiki.io/entity/Q854,https://climatekg.tibwiki.io/entity/Q77,https://climatekg.tibwiki.io/entity/Q1,Ocean fertilisation,Working Group I: Climate Change 2021 – The Physical Science Basis,Category
https://climatekg.tibwiki.io/entity/Q854,https://climatekg.tibwiki.io/entity/Q150,https://climatekg.tibwiki.io/entity/Q1,Ocean fertilisation,Working Group III: Climate Change 2022 – Mitigation of Climate Change,Category
https://climatekg.tibwiki.io/entity/Q855,https://climatekg.tibwiki.io/entity/Q77,https://climatekg.tibwiki.io/entity/Q1,Ocean heat uptake efficiency,Working Group I: Climate Change 2021 – The Physical Science Basis,Category
https://climatekg.tibwiki.io/entity/Q856,https://climatekg.tibwiki.io/entity/Q77,https://climatekg.tibwiki.io/entity/Q1,Ocean stratification,Working Group I: Climate Change 2021 – The Physical Science Basis,Category
https://climatekg.tibwiki.io/entity/Q856,https://climatekg.tibwiki.io/entity/Q106,https://climatekg.tibwiki.io/entity/Q1,Ocean stratification,"Working Group II: Climate Change 2022 – Impacts, Adaptation and Vulnerability",Category
https://climatekg.tibwiki.io/entity/Q857,https://climatekg.tibwiki.io/entity/Q150,https://climatekg.tibwiki.io/entity/Q1,Offset,Working Group III: Climate Change 2022 – Mitigation of Climate Change,Category
https://climatekg.tibwiki.io/entity/Q858,https://climatekg.tibwiki.io/entity/Q77,https://climatekg.tibwiki.io/entity/Q1,Orbital forcing,Working Group I: Climate Change 2021 – The Physical Science Basis,Category
https://climatekg.tibwiki.io/entity/Q859,https://climatekg.tibwiki.io/entity/Q77,https://climatekg.tibwiki.io/entity/Q1,Organic aerosol,Working Group I: Climate Change 2021 – The Physical Science Basis,Category
https://climatekg.tibwiki.io/entity/Q860,https://climatekg.tibwiki.io/entity/Q150,https://climatekg.tibwiki.io/entity/Q1,Organic farming,Working Group III: Climate Change 2022 – Mitigation of Climate Change,Category
https://climatekg.tibwiki.io/entity/Q861,https://climatekg.tibwiki.io/entity/Q106,https://climatekg.tibwiki.io/entity/Q1,Outbreak,"Working Group II: Climate Change 2022 – Impacts, Adaptation and Vulnerability",Category
https://climatekg.tibwiki.io/entity/Q862,https://climatekg.tibwiki.io/entity/Q77,https://climatekg.tibwiki.io/entity/Q1,Outgoing longwave radiation,Working Group I: Climate Change 2021 – The Physical Science Basis,Category
https://climatekg.tibwiki.io/entity/Q863,https://climatekg.tibwiki.io/entity/Q77,https://climatekg.tibwiki.io/entity/Q1,Outlet glacier,Working Group I: Climate Change 2021 – The Physical Science Basis,Category
https://climatekg.tibwiki.io/entity/Q864,https://climatekg.tibwiki.io/entity/Q77,https://climatekg.tibwiki.io/entity/Q1,Overshoot pathways,Working Group I: Climate Change 2021 – The Physical Science Basis,Category
https://climatekg.tibwiki.io/entity/Q864,https://climatekg.tibwiki.io/entity/Q150,https://climatekg.tibwiki.io/entity/Q1,Overshoot pathways,Working Group III: Climate Change 2022 – Mitigation of Climate Change,Category
https://climatekg.tibwiki.io/entity/Q865,https://climatekg.tibwiki.io/entity/Q77,https://climatekg.tibwiki.io/entity/Q1,Oxygen minimum zone,Working Group I: Climate Change 2021 – The Physical Science Basis,Category
https://climatekg.tibwiki.io/entity/Q865,https://climatekg.tibwiki.io/entity/Q106,https://climatekg.tibwiki.io/entity/Q1,Oxygen minimum zone,"Working Group II: Climate Change 2022 – Impacts, Adaptation and Vulnerability",Category
https://climatekg.tibwiki.io/entity/Q866,https://climatekg.tibwiki.io/entity/Q77,https://climatekg.tibwiki.io/entity/Q1,Ozone,Working Group I: Climate Change 2021 – The Physical Science Basis,Category
https://climatekg.tibwiki.io/entity/Q866,https://climatekg.tibwiki.io/entity/Q106,https://climatekg.tibwiki.io/entity/Q1,Ozone,"Working Group II: Climate Change 2022 – Impacts, Adaptation and Vulnerability",Category
https://climatekg.tibwiki.io/entity/Q866,https://climatekg.tibwiki.io/entity/Q150,https://climatekg.tibwiki.io/entity/Q1,Ozone,Working Group III: Climate Change 2022 – Mitigation of Climate Change,Category
https://climatekg.tibwiki.io/entity/Q868,https://climatekg.tibwiki.io/entity/Q77,https://climatekg.tibwiki.io/entity/Q1,Ozone layer,Working Group I: Climate Change 2021 – The Physical Science Basis,Category
https://climatekg.tibwiki.io/entity/Q867,https://climatekg.tibwiki.io/entity/Q77,https://climatekg.tibwiki.io/entity/Q1,Ozone-depleting substances,Working Group I: Climate Change 2021 – The Physical Science Basis,Category
https://climatekg.tibwiki.io/entity/Q869,https://climatekg.tibwiki.io/entity/Q77,https://climatekg.tibwiki.io/entity/Q1,Ozonesonde,Working Group I: Climate Change 2021 – The Physical Science Basis,Category
https://climatekg.tibwiki.io/entity/Q870,https://climatekg.tibwiki.io/entity/Q77,https://climatekg.tibwiki.io/entity/Q1,Pacific Decadal Oscillation,Working Group I: Climate Change 2021 – The Physical Science Basis,Category
https://climatekg.tibwiki.io/entity/Q871,https://climatekg.tibwiki.io/entity/Q77,https://climatekg.tibwiki.io/entity/Q1,Pacific Decadal Variability,Working Group I: Climate Change 2021 – The Physical Science Basis,Category
https://climatekg.tibwiki.io/entity/Q872,https://climatekg.tibwiki.io/entity/Q77,https://climatekg.tibwiki.io/entity/Q1,Pacific-North American pattern,Working Group I: Climate Change 2021 – The Physical Science Basis,Category
https://climatekg.tibwiki.io/entity/Q873,https://climatekg.tibwiki.io/entity/Q77,https://climatekg.tibwiki.io/entity/Q1,Palaeocene–Eocene Thermal Maximum,Working Group I: Climate Change 2021 – The Physical Science Basis,Category
https://climatekg.tibwiki.io/entity/Q874,https://climatekg.tibwiki.io/entity/Q77,https://climatekg.tibwiki.io/entity/Q1,Paleoclimate,Working Group I: Climate Change 2021 – The Physical Science Basis,Category
https://climatekg.tibwiki.io/entity/Q875,https://climatekg.tibwiki.io/entity/Q106,https://climatekg.tibwiki.io/entity/Q1,Pandemic,"Working Group II: Climate Change 2022 – Impacts, Adaptation and Vulnerability",Category
https://climatekg.tibwiki.io/entity/Q876,https://climatekg.tibwiki.io/entity/Q150,https://climatekg.tibwiki.io/entity/Q1,Pareto optimum,Working Group III: Climate Change 2022 – Mitigation of Climate Change,Category
https://climatekg.tibwiki.io/entity/Q877,https://climatekg.tibwiki.io/entity/Q150,https://climatekg.tibwiki.io/entity/Q1,Participatory governance,Working Group III: Climate Change 2022 – Mitigation of Climate Change,Category
https://climatekg.tibwiki.io/entity/Q878,https://climatekg.tibwiki.io/entity/Q106,https://climatekg.tibwiki.io/entity/Q1,Particulate matter,"Working Group II: Climate Change 2022 – Impacts, Adaptation and Vulnerability",Category
https://climatekg.tibwiki.io/entity/Q878,https://climatekg.tibwiki.io/entity/Q150,https://climatekg.tibwiki.io/entity/Q1,Particulate matter,Working Group III: Climate Change 2022 – Mitigation of Climate Change,Category
https://climatekg.tibwiki.io/entity/Q879,https://climatekg.tibwiki.io/entity/Q106,https://climatekg.tibwiki.io/entity/Q1,Pasture,"Working Group II: Climate Change 2022 – Impacts, Adaptation and Vulnerability",Category
https://climatekg.tibwiki.io/entity/Q880,https://climatekg.tibwiki.io/entity/Q106,https://climatekg.tibwiki.io/entity/Q1,Path dependence,"Working Group II: Climate Change 2022 – Impacts, Adaptation and Vulnerability",Category
https://climatekg.tibwiki.io/entity/Q880,https://climatekg.tibwiki.io/entity/Q150,https://climatekg.tibwiki.io/entity/Q1,Path dependence,Working Group III: Climate Change 2022 – Mitigation of Climate Change,Category
https://climatekg.tibwiki.io/entity/Q881,https://climatekg.tibwiki.io/entity/Q77,https://climatekg.tibwiki.io/entity/Q1,Pathways,Working Group I: Climate Change 2021 – The Physical Science Basis,Category
https://climatekg.tibwiki.io/entity/Q881,https://climatekg.tibwiki.io/entity/Q106,https://climatekg.tibwiki.io/entity/Q1,Pathways,"Working Group II: Climate Change 2022 – Impacts, Adaptation and Vulnerability",Category
https://climatekg.tibwiki.io/entity/Q881,https://climatekg.tibwiki.io/entity/Q150,https://climatekg.tibwiki.io/entity/Q1,Pathways,Working Group III: Climate Change 2022 – Mitigation of Climate Change,Category
https://climatekg.tibwiki.io/entity/Q882,https://climatekg.tibwiki.io/entity/Q77,https://climatekg.tibwiki.io/entity/Q1,Pattern scaling,Working Group I: Climate Change 2021 – The Physical Science Basis,Category
https://climatekg.tibwiki.io/entity/Q883,https://climatekg.tibwiki.io/entity/Q77,https://climatekg.tibwiki.io/entity/Q1,Peat,Working Group I: Climate Change 2021 – The Physical Science Basis,Category
https://climatekg.tibwiki.io/entity/Q883,https://climatekg.tibwiki.io/entity/Q106,https://climatekg.tibwiki.io/entity/Q1,Peat,"Working Group II: Climate Change 2022 – Impacts, Adaptation and Vulnerability",Category
https://climatekg.tibwiki.io/entity/Q884,https://climatekg.tibwiki.io/entity/Q77,https://climatekg.tibwiki.io/entity/Q1,Peatlands,Working Group I: Climate Change 2021 – The Physical Science Basis,Category
https://climatekg.tibwiki.io/entity/Q884,https://climatekg.tibwiki.io/entity/Q106,https://climatekg.tibwiki.io/entity/Q1,Peatlands,"Working Group II: Climate Change 2022 – Impacts, Adaptation and Vulnerability",Category
https://climatekg.tibwiki.io/entity/Q885,https://climatekg.tibwiki.io/entity/Q106,https://climatekg.tibwiki.io/entity/Q1,Pelagic,"Working Group II: Climate Change 2022 – Impacts, Adaptation and Vulnerability",Category
https://climatekg.tibwiki.io/entity/Q886,https://climatekg.tibwiki.io/entity/Q106,https://climatekg.tibwiki.io/entity/Q1,Pelagos,"Working Group II: Climate Change 2022 – Impacts, Adaptation and Vulnerability",Category
https://climatekg.tibwiki.io/entity/Q887,https://climatekg.tibwiki.io/entity/Q77,https://climatekg.tibwiki.io/entity/Q1,Percentile,Working Group I: Climate Change 2021 – The Physical Science Basis,Category
https://climatekg.tibwiki.io/entity/Q888,https://climatekg.tibwiki.io/entity/Q106,https://climatekg.tibwiki.io/entity/Q1,Peri-urban areas,"Working Group II: Climate Change 2022 – Impacts, Adaptation and Vulnerability",Category
https://climatekg.tibwiki.io/entity/Q888,https://climatekg.tibwiki.io/entity/Q150,https://climatekg.tibwiki.io/entity/Q1,Peri-urban areas,Working Group III: Climate Change 2022 – Mitigation of Climate Change,Category
https://climatekg.tibwiki.io/entity/Q889,https://climatekg.tibwiki.io/entity/Q77,https://climatekg.tibwiki.io/entity/Q1,Permafrost,Working Group I: Climate Change 2021 – The Physical Science Basis,Category
https://climatekg.tibwiki.io/entity/Q889,https://climatekg.tibwiki.io/entity/Q106,https://climatekg.tibwiki.io/entity/Q1,Permafrost,"Working Group II: Climate Change 2022 – Impacts, Adaptation and Vulnerability",Category
https://climatekg.tibwiki.io/entity/Q890,https://climatekg.tibwiki.io/entity/Q77,https://climatekg.tibwiki.io/entity/Q1,Permafrost degradation,Working Group I: Climate Change 2021 – The Physical Science Basis,Category
https://climatekg.tibwiki.io/entity/Q890,https://climatekg.tibwiki.io/entity/Q106,https://climatekg.tibwiki.io/entity/Q1,Permafrost degradation,"Working Group II: Climate Change 2022 – Impacts, Adaptation and Vulnerability",Category
https://climatekg.tibwiki.io/entity/Q891,https://climatekg.tibwiki.io/entity/Q77,https://climatekg.tibwiki.io/entity/Q1,Permafrost thaw,Working Group I: Climate Change 2021 – The Physical Science Basis,Category
https://climatekg.tibwiki.io/entity/Q891,https://climatekg.tibwiki.io/entity/Q106,https://climatekg.tibwiki.io/entity/Q1,Permafrost thaw,"Working Group II: Climate Change 2022 – Impacts, Adaptation and Vulnerability",Category
https://climatekg.tibwiki.io/entity/Q892,https://climatekg.tibwiki.io/entity/Q77,https://climatekg.tibwiki.io/entity/Q1,Perturbed parameter ensemble,Working Group I: Climate Change 2021 – The Physical Science Basis,Category
https://climatekg.tibwiki.io/entity/Q893,https://climatekg.tibwiki.io/entity/Q77,https://climatekg.tibwiki.io/entity/Q1,Phenology,Working Group I: Climate Change 2021 – The Physical Science Basis,Category
https://climatekg.tibwiki.io/entity/Q893,https://climatekg.tibwiki.io/entity/Q106,https://climatekg.tibwiki.io/entity/Q1,Phenology,"Working Group II: Climate Change 2022 – Impacts, Adaptation and Vulnerability",Category
https://climatekg.tibwiki.io/entity/Q894,https://climatekg.tibwiki.io/entity/Q77,https://climatekg.tibwiki.io/entity/Q1,Photosynthesis,Working Group I: Climate Change 2021 – The Physical Science Basis,Category
https://climatekg.tibwiki.io/entity/Q894,https://climatekg.tibwiki.io/entity/Q106,https://climatekg.tibwiki.io/entity/Q1,Photosynthesis,"Working Group II: Climate Change 2022 – Impacts, Adaptation and Vulnerability",Category
https://climatekg.tibwiki.io/entity/Q895,https://climatekg.tibwiki.io/entity/Q77,https://climatekg.tibwiki.io/entity/Q1,Physical climate storyline,Working Group I: Climate Change 2021 – The Physical Science Basis,Category
https://climatekg.tibwiki.io/entity/Q896,https://climatekg.tibwiki.io/entity/Q106,https://climatekg.tibwiki.io/entity/Q1,Planetary health,"Working Group II: Climate Change 2022 – Impacts, Adaptation and Vulnerability",Category
https://climatekg.tibwiki.io/entity/Q897,https://climatekg.tibwiki.io/entity/Q77,https://climatekg.tibwiki.io/entity/Q1,Plankton,Working Group I: Climate Change 2021 – The Physical Science Basis,Category
https://climatekg.tibwiki.io/entity/Q897,https://climatekg.tibwiki.io/entity/Q106,https://climatekg.tibwiki.io/entity/Q1,Plankton,"Working Group II: Climate Change 2022 – Impacts, Adaptation and Vulnerability",Category
https://climatekg.tibwiki.io/entity/Q898,https://climatekg.tibwiki.io/entity/Q106,https://climatekg.tibwiki.io/entity/Q1,Planned relocation,"Working Group II: Climate Change 2022 – Impacts, Adaptation and Vulnerability",Category
https://climatekg.tibwiki.io/entity/Q899,https://climatekg.tibwiki.io/entity/Q77,https://climatekg.tibwiki.io/entity/Q1,Plant evaporative stress,Working Group I: Climate Change 2021 – The Physical Science Basis,Category
https://climatekg.tibwiki.io/entity/Q900,https://climatekg.tibwiki.io/entity/Q106,https://climatekg.tibwiki.io/entity/Q1,Plasticity,"Working Group II: Climate Change 2022 – Impacts, Adaptation and Vulnerability",Category
https://climatekg.tibwiki.io/entity/Q901,https://climatekg.tibwiki.io/entity/Q77,https://climatekg.tibwiki.io/entity/Q1,Pleistocene,Working Group I: Climate Change 2021 – The Physical Science Basis,Category
https://climatekg.tibwiki.io/entity/Q902,https://climatekg.tibwiki.io/entity/Q77,https://climatekg.tibwiki.io/entity/Q1,Pliocene,Working Group I: Climate Change 2021 – The Physical Science Basis,Category
https://climatekg.tibwiki.io/entity/Q903,https://climatekg.tibwiki.io/entity/Q77,https://climatekg.tibwiki.io/entity/Q1,Polar amplification,Working Group I: Climate Change 2021 – The Physical Science Basis,Category
https://climatekg.tibwiki.io/entity/Q904,https://climatekg.tibwiki.io/entity/Q106,https://climatekg.tibwiki.io/entity/Q1,Policies,"Working Group II: Climate Change 2022 – Impacts, Adaptation and Vulnerability",Category
https://climatekg.tibwiki.io/entity/Q904,https://climatekg.tibwiki.io/entity/Q150,https://climatekg.tibwiki.io/entity/Q1,Policies,Working Group III: Climate Change 2022 – Mitigation of Climate Change,Category
https://climatekg.tibwiki.io/entity/Q905,https://climatekg.tibwiki.io/entity/Q106,https://climatekg.tibwiki.io/entity/Q1,Political economy,"Working Group II: Climate Change 2022 – Impacts, Adaptation and Vulnerability",Category
https://climatekg.tibwiki.io/entity/Q905,https://climatekg.tibwiki.io/entity/Q150,https://climatekg.tibwiki.io/entity/Q1,Political economy,Working Group III: Climate Change 2022 – Mitigation of Climate Change,Category
https://climatekg.tibwiki.io/entity/Q906,https://climatekg.tibwiki.io/entity/Q77,https://climatekg.tibwiki.io/entity/Q1,Pollen analysis,Working Group I: Climate Change 2021 – The Physical Science Basis,Category
https://climatekg.tibwiki.io/entity/Q907,https://climatekg.tibwiki.io/entity/Q106,https://climatekg.tibwiki.io/entity/Q1,Polycentric governance,"Working Group II: Climate Change 2022 – Impacts, Adaptation and Vulnerability",Category
https://climatekg.tibwiki.io/entity/Q908,https://climatekg.tibwiki.io/entity/Q150,https://climatekg.tibwiki.io/entity/Q1,"Pool, carbon and nitrogen",Working Group III: Climate Change 2022 – Mitigation of Climate Change,Category
https://climatekg.tibwiki.io/entity/Q909,https://climatekg.tibwiki.io/entity/Q77,https://climatekg.tibwiki.io/entity/Q1,Potential evapotranspiration,Working Group I: Climate Change 2021 – The Physical Science Basis,Category
https://climatekg.tibwiki.io/entity/Q909,https://climatekg.tibwiki.io/entity/Q106,https://climatekg.tibwiki.io/entity/Q1,Potential evapotranspiration,"Working Group II: Climate Change 2022 – Impacts, Adaptation and Vulnerability",Category
https://climatekg.tibwiki.io/entity/Q910,https://climatekg.tibwiki.io/entity/Q106,https://climatekg.tibwiki.io/entity/Q1,Poverty,"Working Group II: Climate Change 2022 – Impacts, Adaptation and Vulnerability",Category
https://climatekg.tibwiki.io/entity/Q910,https://climatekg.tibwiki.io/entity/Q150,https://climatekg.tibwiki.io/entity/Q1,Poverty,Working Group III: Climate Change 2022 – Mitigation of Climate Change,Category
https://climatekg.tibwiki.io/entity/Q911,https://climatekg.tibwiki.io/entity/Q150,https://climatekg.tibwiki.io/entity/Q1,Poverty eradication,Working Group III: Climate Change 2022 – Mitigation of Climate Change,Category
https://climatekg.tibwiki.io/entity/Q912,https://climatekg.tibwiki.io/entity/Q106,https://climatekg.tibwiki.io/entity/Q1,Poverty trap,"Working Group II: Climate Change 2022 – Impacts, Adaptation and Vulnerability",Category
https://climatekg.tibwiki.io/entity/Q913,https://climatekg.tibwiki.io/entity/Q77,https://climatekg.tibwiki.io/entity/Q1,Pre-industrial,Working Group I: Climate Change 2021 – The Physical Science Basis,Category
https://climatekg.tibwiki.io/entity/Q913,https://climatekg.tibwiki.io/entity/Q106,https://climatekg.tibwiki.io/entity/Q1,Pre-industrial,"Working Group II: Climate Change 2022 – Impacts, Adaptation and Vulnerability",Category
https://climatekg.tibwiki.io/entity/Q913,https://climatekg.tibwiki.io/entity/Q150,https://climatekg.tibwiki.io/entity/Q1,Pre-industrial,Working Group III: Climate Change 2022 – Mitigation of Climate Change,Category
https://climatekg.tibwiki.io/entity/Q914,https://climatekg.tibwiki.io/entity/Q77,https://climatekg.tibwiki.io/entity/Q1,Precipitable water,Working Group I: Climate Change 2021 – The Physical Science Basis,Category
https://climatekg.tibwiki.io/entity/Q915,https://climatekg.tibwiki.io/entity/Q106,https://climatekg.tibwiki.io/entity/Q1,Precipitation deficit,"Working Group II: Climate Change 2022 – Impacts, Adaptation and Vulnerability",Category
https://climatekg.tibwiki.io/entity/Q916,https://climatekg.tibwiki.io/entity/Q77,https://climatekg.tibwiki.io/entity/Q1,Precursors,Working Group I: Climate Change 2021 – The Physical Science Basis,Category
https://climatekg.tibwiki.io/entity/Q916,https://climatekg.tibwiki.io/entity/Q106,https://climatekg.tibwiki.io/entity/Q1,Precursors,"Working Group II: Climate Change 2022 – Impacts, Adaptation and Vulnerability",Category
https://climatekg.tibwiki.io/entity/Q916,https://climatekg.tibwiki.io/entity/Q150,https://climatekg.tibwiki.io/entity/Q1,Precursors,Working Group III: Climate Change 2022 – Mitigation of Climate Change,Category
https://climatekg.tibwiki.io/entity/Q917,https://climatekg.tibwiki.io/entity/Q77,https://climatekg.tibwiki.io/entity/Q1,Predictability,Working Group I: Climate Change 2021 – The Physical Science Basis,Category
https://climatekg.tibwiki.io/entity/Q917,https://climatekg.tibwiki.io/entity/Q106,https://climatekg.tibwiki.io/entity/Q1,Predictability,"Working Group II: Climate Change 2022 – Impacts, Adaptation and Vulnerability",Category
https://climatekg.tibwiki.io/entity/Q918,https://climatekg.tibwiki.io/entity/Q77,https://climatekg.tibwiki.io/entity/Q1,Prediction quality/skill,Working Group I: Climate Change 2021 – The Physical Science Basis,Category
https://climatekg.tibwiki.io/entity/Q919,https://climatekg.tibwiki.io/entity/Q150,https://climatekg.tibwiki.io/entity/Q1,Primary energy,Working Group III: Climate Change 2022 – Mitigation of Climate Change,Category
https://climatekg.tibwiki.io/entity/Q920,https://climatekg.tibwiki.io/entity/Q77,https://climatekg.tibwiki.io/entity/Q1,Primary production,Working Group I: Climate Change 2021 – The Physical Science Basis,Category
https://climatekg.tibwiki.io/entity/Q920,https://climatekg.tibwiki.io/entity/Q106,https://climatekg.tibwiki.io/entity/Q1,Primary production,"Working Group II: Climate Change 2022 – Impacts, Adaptation and Vulnerability",Category
https://climatekg.tibwiki.io/entity/Q920,https://climatekg.tibwiki.io/entity/Q150,https://climatekg.tibwiki.io/entity/Q1,Primary production,Working Group III: Climate Change 2022 – Mitigation of Climate Change,Category
https://climatekg.tibwiki.io/entity/Q921,https://climatekg.tibwiki.io/entity/Q150,https://climatekg.tibwiki.io/entity/Q1,Private costs,Working Group III: Climate Change 2022 – Mitigation of Climate Change,Category
https://climatekg.tibwiki.io/entity/Q922,https://climatekg.tibwiki.io/entity/Q77,https://climatekg.tibwiki.io/entity/Q1,Probability density function,Working Group I: Climate Change 2021 – The Physical Science Basis,Category
https://climatekg.tibwiki.io/entity/Q923,https://climatekg.tibwiki.io/entity/Q106,https://climatekg.tibwiki.io/entity/Q1,Procedural justice,"Working Group II: Climate Change 2022 – Impacts, Adaptation and Vulnerability",Category
https://climatekg.tibwiki.io/entity/Q924,https://climatekg.tibwiki.io/entity/Q77,https://climatekg.tibwiki.io/entity/Q1,Process-based model,Working Group I: Climate Change 2021 – The Physical Science Basis,Category
https://climatekg.tibwiki.io/entity/Q925,https://climatekg.tibwiki.io/entity/Q150,https://climatekg.tibwiki.io/entity/Q1,Production-based emissions,Working Group III: Climate Change 2022 – Mitigation of Climate Change,Category
https://climatekg.tibwiki.io/entity/Q926,https://climatekg.tibwiki.io/entity/Q77,https://climatekg.tibwiki.io/entity/Q1,Projection,Working Group I: Climate Change 2021 – The Physical Science Basis,Category
https://climatekg.tibwiki.io/entity/Q926,https://climatekg.tibwiki.io/entity/Q106,https://climatekg.tibwiki.io/entity/Q1,Projection,"Working Group II: Climate Change 2022 – Impacts, Adaptation and Vulnerability",Category
https://climatekg.tibwiki.io/entity/Q926,https://climatekg.tibwiki.io/entity/Q150,https://climatekg.tibwiki.io/entity/Q1,Projection,Working Group III: Climate Change 2022 – Mitigation of Climate Change,Category
https://climatekg.tibwiki.io/entity/Q927,https://climatekg.tibwiki.io/entity/Q150,https://climatekg.tibwiki.io/entity/Q1,Prosumers,Working Group III: Climate Change 2022 – Mitigation of Climate Change,Category
https://climatekg.tibwiki.io/entity/Q928,https://climatekg.tibwiki.io/entity/Q77,https://climatekg.tibwiki.io/entity/Q1,Proxy,Working Group I: Climate Change 2021 – The Physical Science Basis,Category
https://climatekg.tibwiki.io/entity/Q928,https://climatekg.tibwiki.io/entity/Q106,https://climatekg.tibwiki.io/entity/Q1,Proxy,"Working Group II: Climate Change 2022 – Impacts, Adaptation and Vulnerability",Category
https://climatekg.tibwiki.io/entity/Q929,https://climatekg.tibwiki.io/entity/Q77,https://climatekg.tibwiki.io/entity/Q1,Quasi-Biennial Oscillation,Working Group I: Climate Change 2021 – The Physical Science Basis,Category
https://climatekg.tibwiki.io/entity/Q930,https://climatekg.tibwiki.io/entity/Q77,https://climatekg.tibwiki.io/entity/Q1,Quaternary,Working Group I: Climate Change 2021 – The Physical Science Basis,Category
https://climatekg.tibwiki.io/entity/Q931,https://climatekg.tibwiki.io/entity/Q77,https://climatekg.tibwiki.io/entity/Q1,Radiative forcing,Working Group I: Climate Change 2021 – The Physical Science Basis,Category
https://climatekg.tibwiki.io/entity/Q931,https://climatekg.tibwiki.io/entity/Q106,https://climatekg.tibwiki.io/entity/Q1,Radiative forcing,"Working Group II: Climate Change 2022 – Impacts, Adaptation and Vulnerability",Category
https://climatekg.tibwiki.io/entity/Q931,https://climatekg.tibwiki.io/entity/Q150,https://climatekg.tibwiki.io/entity/Q1,Radiative forcing,Working Group III: Climate Change 2022 – Mitigation of Climate Change,Category
https://climatekg.tibwiki.io/entity/Q932,https://climatekg.tibwiki.io/entity/Q77,https://climatekg.tibwiki.io/entity/Q1,Rapid dynamical change,Working Group I: Climate Change 2021 – The Physical Science Basis,Category
https://climatekg.tibwiki.io/entity/Q933,https://climatekg.tibwiki.io/entity/Q77,https://climatekg.tibwiki.io/entity/Q1,Reanalysis,Working Group I: Climate Change 2021 – The Physical Science Basis,Category
https://climatekg.tibwiki.io/entity/Q934,https://climatekg.tibwiki.io/entity/Q77,https://climatekg.tibwiki.io/entity/Q1,Reasons for Concern,Working Group I: Climate Change 2021 – The Physical Science Basis,Category
https://climatekg.tibwiki.io/entity/Q934,https://climatekg.tibwiki.io/entity/Q106,https://climatekg.tibwiki.io/entity/Q1,Reasons for Concern,"Working Group II: Climate Change 2022 – Impacts, Adaptation and Vulnerability",Category
https://climatekg.tibwiki.io/entity/Q935,https://climatekg.tibwiki.io/entity/Q150,https://climatekg.tibwiki.io/entity/Q1,Rebound effect,Working Group III: Climate Change 2022 – Mitigation of Climate Change,Category
https://climatekg.tibwiki.io/entity/Q936,https://climatekg.tibwiki.io/entity/Q77,https://climatekg.tibwiki.io/entity/Q1,Reconstruction,Working Group I: Climate Change 2021 – The Physical Science Basis,Category
https://climatekg.tibwiki.io/entity/Q937,https://climatekg.tibwiki.io/entity/Q150,https://climatekg.tibwiki.io/entity/Q1,Reducing Emissions from Deforestation and Forest Degradation,Working Group III: Climate Change 2022 – Mitigation of Climate Change,Category
https://climatekg.tibwiki.io/entity/Q938,https://climatekg.tibwiki.io/entity/Q77,https://climatekg.tibwiki.io/entity/Q1,Reference period,Working Group I: Climate Change 2021 – The Physical Science Basis,Category
https://climatekg.tibwiki.io/entity/Q938,https://climatekg.tibwiki.io/entity/Q106,https://climatekg.tibwiki.io/entity/Q1,Reference period,"Working Group II: Climate Change 2022 – Impacts, Adaptation and Vulnerability",Category
https://climatekg.tibwiki.io/entity/Q938,https://climatekg.tibwiki.io/entity/Q150,https://climatekg.tibwiki.io/entity/Q1,Reference period,Working Group III: Climate Change 2022 – Mitigation of Climate Change,Category
https://climatekg.tibwiki.io/entity/Q939,https://climatekg.tibwiki.io/entity/Q77,https://climatekg.tibwiki.io/entity/Q1,Reference scenario,Working Group I: Climate Change 2021 – The Physical Science Basis,Category
https://climatekg.tibwiki.io/entity/Q939,https://climatekg.tibwiki.io/entity/Q106,https://climatekg.tibwiki.io/entity/Q1,Reference scenario,"Working Group II: Climate Change 2022 – Impacts, Adaptation and Vulnerability",Category
https://climatekg.tibwiki.io/entity/Q939,https://climatekg.tibwiki.io/entity/Q150,https://climatekg.tibwiki.io/entity/Q1,Reference scenario,Working Group III: Climate Change 2022 – Mitigation of Climate Change,Category
https://climatekg.tibwiki.io/entity/Q940,https://climatekg.tibwiki.io/entity/Q77,https://climatekg.tibwiki.io/entity/Q1,Reforestation,Working Group I: Climate Change 2021 – The Physical Science Basis,Category
https://climatekg.tibwiki.io/entity/Q940,https://climatekg.tibwiki.io/entity/Q106,https://climatekg.tibwiki.io/entity/Q1,Reforestation,"Working Group II: Climate Change 2022 – Impacts, Adaptation and Vulnerability",Category
https://climatekg.tibwiki.io/entity/Q940,https://climatekg.tibwiki.io/entity/Q150,https://climatekg.tibwiki.io/entity/Q1,Reforestation,Working Group III: Climate Change 2022 – Mitigation of Climate Change,Category
https://climatekg.tibwiki.io/entity/Q941,https://climatekg.tibwiki.io/entity/Q106,https://climatekg.tibwiki.io/entity/Q1,Refugium,"Working Group II: Climate Change 2022 – Impacts, Adaptation and Vulnerability",Category
https://climatekg.tibwiki.io/entity/Q942,https://climatekg.tibwiki.io/entity/Q150,https://climatekg.tibwiki.io/entity/Q1,Regenerative agriculture,Working Group III: Climate Change 2022 – Mitigation of Climate Change,Category
https://climatekg.tibwiki.io/entity/Q943,https://climatekg.tibwiki.io/entity/Q77,https://climatekg.tibwiki.io/entity/Q1,Region,Working Group I: Climate Change 2021 – The Physical Science Basis,Category
https://climatekg.tibwiki.io/entity/Q943,https://climatekg.tibwiki.io/entity/Q106,https://climatekg.tibwiki.io/entity/Q1,Region,"Working Group II: Climate Change 2022 – Impacts, Adaptation and Vulnerability",Category
https://climatekg.tibwiki.io/entity/Q943,https://climatekg.tibwiki.io/entity/Q150,https://climatekg.tibwiki.io/entity/Q1,Region,Working Group III: Climate Change 2022 – Mitigation of Climate Change,Category
https://climatekg.tibwiki.io/entity/Q944,https://climatekg.tibwiki.io/entity/Q77,https://climatekg.tibwiki.io/entity/Q1,Regional climate messages,Working Group I: Climate Change 2021 – The Physical Science Basis,Category
https://climatekg.tibwiki.io/entity/Q945,https://climatekg.tibwiki.io/entity/Q77,https://climatekg.tibwiki.io/entity/Q1,Regional climate model,Working Group I: Climate Change 2021 – The Physical Science Basis,Category
https://climatekg.tibwiki.io/entity/Q946,https://climatekg.tibwiki.io/entity/Q77,https://climatekg.tibwiki.io/entity/Q1,Regional sea level change,Working Group I: Climate Change 2021 – The Physical Science Basis,Category
https://climatekg.tibwiki.io/entity/Q947,https://climatekg.tibwiki.io/entity/Q106,https://climatekg.tibwiki.io/entity/Q1,Regulation,"Working Group II: Climate Change 2022 – Impacts, Adaptation and Vulnerability",Category
https://climatekg.tibwiki.io/entity/Q948,https://climatekg.tibwiki.io/entity/Q77,https://climatekg.tibwiki.io/entity/Q1,Relative humidity,Working Group I: Climate Change 2021 – The Physical Science Basis,Category
https://climatekg.tibwiki.io/entity/Q948,https://climatekg.tibwiki.io/entity/Q106,https://climatekg.tibwiki.io/entity/Q1,Relative humidity,"Working Group II: Climate Change 2022 – Impacts, Adaptation and Vulnerability",Category
https://climatekg.tibwiki.io/entity/Q949,https://climatekg.tibwiki.io/entity/Q77,https://climatekg.tibwiki.io/entity/Q1,Relative sea level change,Working Group I: Climate Change 2021 – The Physical Science Basis,Category
https://climatekg.tibwiki.io/entity/Q950,https://climatekg.tibwiki.io/entity/Q77,https://climatekg.tibwiki.io/entity/Q1,Remaining carbon budget,Working Group I: Climate Change 2021 – The Physical Science Basis,Category
https://climatekg.tibwiki.io/entity/Q950,https://climatekg.tibwiki.io/entity/Q150,https://climatekg.tibwiki.io/entity/Q1,Remaining carbon budget,Working Group III: Climate Change 2022 – Mitigation of Climate Change,Category
https://climatekg.tibwiki.io/entity/Q951,https://climatekg.tibwiki.io/entity/Q150,https://climatekg.tibwiki.io/entity/Q1,Renewable energy,Working Group III: Climate Change 2022 – Mitigation of Climate Change,Category
https://climatekg.tibwiki.io/entity/Q952,https://climatekg.tibwiki.io/entity/Q106,https://climatekg.tibwiki.io/entity/Q1,Reporting,"Working Group II: Climate Change 2022 – Impacts, Adaptation and Vulnerability",Category
https://climatekg.tibwiki.io/entity/Q952,https://climatekg.tibwiki.io/entity/Q150,https://climatekg.tibwiki.io/entity/Q1,Reporting,Working Group III: Climate Change 2022 – Mitigation of Climate Change,Category
https://climatekg.tibwiki.io/entity/Q953,https://climatekg.tibwiki.io/entity/Q77,https://climatekg.tibwiki.io/entity/Q1,Representative Concentration Pathways,Working Group I: Climate Change 2021 – The Physical Science Basis,Category
https://climatekg.tibwiki.io/entity/Q953,https://climatekg.tibwiki.io/entity/Q106,https://climatekg.tibwiki.io/entity/Q1,Representative Concentration Pathways,"Working Group II: Climate Change 2022 – Impacts, Adaptation and Vulnerability",Category
https://climatekg.tibwiki.io/entity/Q953,https://climatekg.tibwiki.io/entity/Q150,https://climatekg.tibwiki.io/entity/Q1,Representative Concentration Pathways,Working Group III: Climate Change 2022 – Mitigation of Climate Change,Category
https://climatekg.tibwiki.io/entity/Q954,https://climatekg.tibwiki.io/entity/Q106,https://climatekg.tibwiki.io/entity/Q1,Representative Key Risks,"Working Group II: Climate Change 2022 – Impacts, Adaptation and Vulnerability",Category
https://climatekg.tibwiki.io/entity/Q955,https://climatekg.tibwiki.io/entity/Q77,https://climatekg.tibwiki.io/entity/Q1,Reservoir,Working Group I: Climate Change 2021 – The Physical Science Basis,Category
https://climatekg.tibwiki.io/entity/Q955,https://climatekg.tibwiki.io/entity/Q106,https://climatekg.tibwiki.io/entity/Q1,Reservoir,"Working Group II: Climate Change 2022 – Impacts, Adaptation and Vulnerability",Category
https://climatekg.tibwiki.io/entity/Q956,https://climatekg.tibwiki.io/entity/Q106,https://climatekg.tibwiki.io/entity/Q1,Residual risk,"Working Group II: Climate Change 2022 – Impacts, Adaptation and Vulnerability",Category
https://climatekg.tibwiki.io/entity/Q957,https://climatekg.tibwiki.io/entity/Q77,https://climatekg.tibwiki.io/entity/Q1,Resilience,Working Group I: Climate Change 2021 – The Physical Science Basis,Category
https://climatekg.tibwiki.io/entity/Q957,https://climatekg.tibwiki.io/entity/Q106,https://climatekg.tibwiki.io/entity/Q1,Resilience,"Working Group II: Climate Change 2022 – Impacts, Adaptation and Vulnerability",Category
https://climatekg.tibwiki.io/entity/Q957,https://climatekg.tibwiki.io/entity/Q150,https://climatekg.tibwiki.io/entity/Q1,Resilience,Working Group III: Climate Change 2022 – Mitigation of Climate Change,Category
https://climatekg.tibwiki.io/entity/Q958,https://climatekg.tibwiki.io/entity/Q77,https://climatekg.tibwiki.io/entity/Q1,Resolution,Working Group I: Climate Change 2021 – The Physical Science Basis,Category
https://climatekg.tibwiki.io/entity/Q958,https://climatekg.tibwiki.io/entity/Q106,https://climatekg.tibwiki.io/entity/Q1,Resolution,"Working Group II: Climate Change 2022 – Impacts, Adaptation and Vulnerability",Category
https://climatekg.tibwiki.io/entity/Q959,https://climatekg.tibwiki.io/entity/Q150,https://climatekg.tibwiki.io/entity/Q1,Resource cascade,Working Group III: Climate Change 2022 – Mitigation of Climate Change,Category
https://climatekg.tibwiki.io/entity/Q960,https://climatekg.tibwiki.io/entity/Q77,https://climatekg.tibwiki.io/entity/Q1,Respiration,Working Group I: Climate Change 2021 – The Physical Science Basis,Category
https://climatekg.tibwiki.io/entity/Q960,https://climatekg.tibwiki.io/entity/Q106,https://climatekg.tibwiki.io/entity/Q1,Respiration,"Working Group II: Climate Change 2022 – Impacts, Adaptation and Vulnerability",Category
https://climatekg.tibwiki.io/entity/Q961,https://climatekg.tibwiki.io/entity/Q77,https://climatekg.tibwiki.io/entity/Q1,Response time or adjustment time,Working Group I: Climate Change 2021 – The Physical Science Basis,Category
https://climatekg.tibwiki.io/entity/Q962,https://climatekg.tibwiki.io/entity/Q106,https://climatekg.tibwiki.io/entity/Q1,Restoration,"Working Group II: Climate Change 2022 – Impacts, Adaptation and Vulnerability",Category
https://climatekg.tibwiki.io/entity/Q963,https://climatekg.tibwiki.io/entity/Q77,https://climatekg.tibwiki.io/entity/Q1,Return period,Working Group I: Climate Change 2021 – The Physical Science Basis,Category
https://climatekg.tibwiki.io/entity/Q963,https://climatekg.tibwiki.io/entity/Q106,https://climatekg.tibwiki.io/entity/Q1,Return period,"Working Group II: Climate Change 2022 – Impacts, Adaptation and Vulnerability",Category
https://climatekg.tibwiki.io/entity/Q964,https://climatekg.tibwiki.io/entity/Q77,https://climatekg.tibwiki.io/entity/Q1,Return value,Working Group I: Climate Change 2021 – The Physical Science Basis,Category
https://climatekg.tibwiki.io/entity/Q965,https://climatekg.tibwiki.io/entity/Q77,https://climatekg.tibwiki.io/entity/Q1,Risk,Working Group I: Climate Change 2021 – The Physical Science Basis,Category
https://climatekg.tibwiki.io/entity/Q965,https://climatekg.tibwiki.io/entity/Q106,https://climatekg.tibwiki.io/entity/Q1,Risk,"Working Group II: Climate Change 2022 – Impacts, Adaptation and Vulnerability",Category
https://climatekg.tibwiki.io/entity/Q965,https://climatekg.tibwiki.io/entity/Q150,https://climatekg.tibwiki.io/entity/Q1,Risk,Working Group III: Climate Change 2022 – Mitigation of Climate Change,Category
https://climatekg.tibwiki.io/entity/Q966,https://climatekg.tibwiki.io/entity/Q77,https://climatekg.tibwiki.io/entity/Q1,Risk assessment,Working Group I: Climate Change 2021 – The Physical Science Basis,Category
https://climatekg.tibwiki.io/entity/Q966,https://climatekg.tibwiki.io/entity/Q106,https://climatekg.tibwiki.io/entity/Q1,Risk assessment,"Working Group II: Climate Change 2022 – Impacts, Adaptation and Vulnerability",Category
https://climatekg.tibwiki.io/entity/Q966,https://climatekg.tibwiki.io/entity/Q150,https://climatekg.tibwiki.io/entity/Q1,Risk assessment,Working Group III: Climate Change 2022 – Mitigation of Climate Change,Category
https://climatekg.tibwiki.io/entity/Q967,https://climatekg.tibwiki.io/entity/Q77,https://climatekg.tibwiki.io/entity/Q1,Risk framework,Working Group I: Climate Change 2021 – The Physical Science Basis,Category
https://climatekg.tibwiki.io/entity/Q968,https://climatekg.tibwiki.io/entity/Q77,https://climatekg.tibwiki.io/entity/Q1,Risk management,Working Group I: Climate Change 2021 – The Physical Science Basis,Category
https://climatekg.tibwiki.io/entity/Q968,https://climatekg.tibwiki.io/entity/Q106,https://climatekg.tibwiki.io/entity/Q1,Risk management,"Working Group II: Climate Change 2022 – Impacts, Adaptation and Vulnerability",Category
https://climatekg.tibwiki.io/entity/Q968,https://climatekg.tibwiki.io/entity/Q150,https://climatekg.tibwiki.io/entity/Q1,Risk management,Working Group III: Climate Change 2022 – Mitigation of Climate Change,Category
https://climatekg.tibwiki.io/entity/Q969,https://climatekg.tibwiki.io/entity/Q77,https://climatekg.tibwiki.io/entity/Q1,Risk perception,Working Group I: Climate Change 2021 – The Physical Science Basis,Category
https://climatekg.tibwiki.io/entity/Q969,https://climatekg.tibwiki.io/entity/Q106,https://climatekg.tibwiki.io/entity/Q1,Risk perception,"Working Group II: Climate Change 2022 – Impacts, Adaptation and Vulnerability",Category
https://climatekg.tibwiki.io/entity/Q969,https://climatekg.tibwiki.io/entity/Q150,https://climatekg.tibwiki.io/entity/Q1,Risk perception,Working Group III: Climate Change 2022 – Mitigation of Climate Change,Category
https://climatekg.tibwiki.io/entity/Q970,https://climatekg.tibwiki.io/entity/Q77,https://climatekg.tibwiki.io/entity/Q1,Risk trade-off,Working Group I: Climate Change 2021 – The Physical Science Basis,Category
https://climatekg.tibwiki.io/entity/Q970,https://climatekg.tibwiki.io/entity/Q150,https://climatekg.tibwiki.io/entity/Q1,Risk trade-off,Working Group III: Climate Change 2022 – Mitigation of Climate Change,Category
https://climatekg.tibwiki.io/entity/Q971,https://climatekg.tibwiki.io/entity/Q106,https://climatekg.tibwiki.io/entity/Q1,Risk transfer,"Working Group II: Climate Change 2022 – Impacts, Adaptation and Vulnerability",Category
https://climatekg.tibwiki.io/entity/Q972,https://climatekg.tibwiki.io/entity/Q77,https://climatekg.tibwiki.io/entity/Q1,River discharge,Working Group I: Climate Change 2021 – The Physical Science Basis,Category
https://climatekg.tibwiki.io/entity/Q973,https://climatekg.tibwiki.io/entity/Q77,https://climatekg.tibwiki.io/entity/Q1,Rock glacier,Working Group I: Climate Change 2021 – The Physical Science Basis,Category
https://climatekg.tibwiki.io/entity/Q974,https://climatekg.tibwiki.io/entity/Q77,https://climatekg.tibwiki.io/entity/Q1,Runoff,Working Group I: Climate Change 2021 – The Physical Science Basis,Category
https://climatekg.tibwiki.io/entity/Q974,https://climatekg.tibwiki.io/entity/Q106,https://climatekg.tibwiki.io/entity/Q1,Runoff,"Working Group II: Climate Change 2022 – Impacts, Adaptation and Vulnerability",Category
https://climatekg.tibwiki.io/entity/Q975,https://climatekg.tibwiki.io/entity/Q106,https://climatekg.tibwiki.io/entity/Q1,Salt-water intrusion/encroachment,"Working Group II: Climate Change 2022 – Impacts, Adaptation and Vulnerability",Category
https://climatekg.tibwiki.io/entity/Q976,https://climatekg.tibwiki.io/entity/Q77,https://climatekg.tibwiki.io/entity/Q1,Sampling uncertainty,Working Group I: Climate Change 2021 – The Physical Science Basis,Category
https://climatekg.tibwiki.io/entity/Q977,https://climatekg.tibwiki.io/entity/Q77,https://climatekg.tibwiki.io/entity/Q1,Scenario,Working Group I: Climate Change 2021 – The Physical Science Basis,Category
https://climatekg.tibwiki.io/entity/Q977,https://climatekg.tibwiki.io/entity/Q106,https://climatekg.tibwiki.io/entity/Q1,Scenario,"Working Group II: Climate Change 2022 – Impacts, Adaptation and Vulnerability",Category
https://climatekg.tibwiki.io/entity/Q977,https://climatekg.tibwiki.io/entity/Q150,https://climatekg.tibwiki.io/entity/Q1,Scenario,Working Group III: Climate Change 2022 – Mitigation of Climate Change,Category
https://climatekg.tibwiki.io/entity/Q978,https://climatekg.tibwiki.io/entity/Q77,https://climatekg.tibwiki.io/entity/Q1,Scenario storyline,Working Group I: Climate Change 2021 – The Physical Science Basis,Category
https://climatekg.tibwiki.io/entity/Q978,https://climatekg.tibwiki.io/entity/Q150,https://climatekg.tibwiki.io/entity/Q1,Scenario storyline,Working Group III: Climate Change 2022 – Mitigation of Climate Change,Category
https://climatekg.tibwiki.io/entity/Q979,https://climatekg.tibwiki.io/entity/Q77,https://climatekg.tibwiki.io/entity/Q1,Sea ice,Working Group I: Climate Change 2021 – The Physical Science Basis,Category
https://climatekg.tibwiki.io/entity/Q979,https://climatekg.tibwiki.io/entity/Q106,https://climatekg.tibwiki.io/entity/Q1,Sea ice,"Working Group II: Climate Change 2022 – Impacts, Adaptation and Vulnerability",Category
https://climatekg.tibwiki.io/entity/Q980,https://climatekg.tibwiki.io/entity/Q77,https://climatekg.tibwiki.io/entity/Q1,Sea ice area,Working Group I: Climate Change 2021 – The Physical Science Basis,Category
https://climatekg.tibwiki.io/entity/Q981,https://climatekg.tibwiki.io/entity/Q77,https://climatekg.tibwiki.io/entity/Q1,Sea ice concentration,Working Group I: Climate Change 2021 – The Physical Science Basis,Category
https://climatekg.tibwiki.io/entity/Q982,https://climatekg.tibwiki.io/entity/Q77,https://climatekg.tibwiki.io/entity/Q1,Sea ice extent,Working Group I: Climate Change 2021 – The Physical Science Basis,Category
https://climatekg.tibwiki.io/entity/Q983,https://climatekg.tibwiki.io/entity/Q77,https://climatekg.tibwiki.io/entity/Q1,Sea level change,Working Group I: Climate Change 2021 – The Physical Science Basis,Category
https://climatekg.tibwiki.io/entity/Q983,https://climatekg.tibwiki.io/entity/Q106,https://climatekg.tibwiki.io/entity/Q1,Sea level change,"Working Group II: Climate Change 2022 – Impacts, Adaptation and Vulnerability",Category
https://climatekg.tibwiki.io/entity/Q984,https://climatekg.tibwiki.io/entity/Q77,https://climatekg.tibwiki.io/entity/Q1,Sea level equivalent,Working Group I: Climate Change 2021 – The Physical Science Basis,Category
https://climatekg.tibwiki.io/entity/Q985,https://climatekg.tibwiki.io/entity/Q77,https://climatekg.tibwiki.io/entity/Q1,Sea level rise,Working Group I: Climate Change 2021 – The Physical Science Basis,Category
https://climatekg.tibwiki.io/entity/Q986,https://climatekg.tibwiki.io/entity/Q77,https://climatekg.tibwiki.io/entity/Q1,Sea surface temperature,Working Group I: Climate Change 2021 – The Physical Science Basis,Category
https://climatekg.tibwiki.io/entity/Q986,https://climatekg.tibwiki.io/entity/Q106,https://climatekg.tibwiki.io/entity/Q1,Sea surface temperature,"Working Group II: Climate Change 2022 – Impacts, Adaptation and Vulnerability",Category
https://climatekg.tibwiki.io/entity/Q986,https://climatekg.tibwiki.io/entity/Q150,https://climatekg.tibwiki.io/entity/Q1,Sea surface temperature,Working Group III: Climate Change 2022 – Mitigation of Climate Change,Category
https://climatekg.tibwiki.io/entity/Q987,https://climatekg.tibwiki.io/entity/Q106,https://climatekg.tibwiki.io/entity/Q1,Semi-arid zone,"Working Group II: Climate Change 2022 – Impacts, Adaptation and Vulnerability",Category
https://climatekg.tibwiki.io/entity/Q988,https://climatekg.tibwiki.io/entity/Q77,https://climatekg.tibwiki.io/entity/Q1,Semi-empirical model,Working Group I: Climate Change 2021 – The Physical Science Basis,Category
https://climatekg.tibwiki.io/entity/Q989,https://climatekg.tibwiki.io/entity/Q106,https://climatekg.tibwiki.io/entity/Q1,Sendai Framework for Disaster Risk Reduction,"Working Group II: Climate Change 2022 – Impacts, Adaptation and Vulnerability",Category
https://climatekg.tibwiki.io/entity/Q990,https://climatekg.tibwiki.io/entity/Q77,https://climatekg.tibwiki.io/entity/Q1,Sensible heat flux,Working Group I: Climate Change 2021 – The Physical Science Basis,Category
https://climatekg.tibwiki.io/entity/Q991,https://climatekg.tibwiki.io/entity/Q106,https://climatekg.tibwiki.io/entity/Q1,Sensitivity,"Working Group II: Climate Change 2022 – Impacts, Adaptation and Vulnerability",Category
https://climatekg.tibwiki.io/entity/Q992,https://climatekg.tibwiki.io/entity/Q77,https://climatekg.tibwiki.io/entity/Q1,Sequestration,Working Group I: Climate Change 2021 – The Physical Science Basis,Category
https://climatekg.tibwiki.io/entity/Q992,https://climatekg.tibwiki.io/entity/Q106,https://climatekg.tibwiki.io/entity/Q1,Sequestration,"Working Group II: Climate Change 2022 – Impacts, Adaptation and Vulnerability",Category
https://climatekg.tibwiki.io/entity/Q992,https://climatekg.tibwiki.io/entity/Q150,https://climatekg.tibwiki.io/entity/Q1,Sequestration,Working Group III: Climate Change 2022 – Mitigation of Climate Change,Category
https://climatekg.tibwiki.io/entity/Q993,https://climatekg.tibwiki.io/entity/Q77,https://climatekg.tibwiki.io/entity/Q1,Sequestration potential,Working Group I: Climate Change 2021 – The Physical Science Basis,Category
https://climatekg.tibwiki.io/entity/Q993,https://climatekg.tibwiki.io/entity/Q150,https://climatekg.tibwiki.io/entity/Q1,Sequestration potential,Working Group III: Climate Change 2022 – Mitigation of Climate Change,Category
https://climatekg.tibwiki.io/entity/Q994,https://climatekg.tibwiki.io/entity/Q150,https://climatekg.tibwiki.io/entity/Q1,Service provisioning,Working Group III: Climate Change 2022 – Mitigation of Climate Change,Category
https://climatekg.tibwiki.io/entity/Q995,https://climatekg.tibwiki.io/entity/Q150,https://climatekg.tibwiki.io/entity/Q1,Services,Working Group III: Climate Change 2022 – Mitigation of Climate Change,Category
https://climatekg.tibwiki.io/entity/Q996,https://climatekg.tibwiki.io/entity/Q106,https://climatekg.tibwiki.io/entity/Q1,Settlements,"Working Group II: Climate Change 2022 – Impacts, Adaptation and Vulnerability",Category
https://climatekg.tibwiki.io/entity/Q996,https://climatekg.tibwiki.io/entity/Q150,https://climatekg.tibwiki.io/entity/Q1,Settlements,Working Group III: Climate Change 2022 – Mitigation of Climate Change,Category
https://climatekg.tibwiki.io/entity/Q997,https://climatekg.tibwiki.io/entity/Q77,https://climatekg.tibwiki.io/entity/Q1,Shared socio-economic pathways,Working Group I: Climate Change 2021 – The Physical Science Basis,Category
https://climatekg.tibwiki.io/entity/Q997,https://climatekg.tibwiki.io/entity/Q106,https://climatekg.tibwiki.io/entity/Q1,Shared socio-economic pathways,"Working Group II: Climate Change 2022 – Impacts, Adaptation and Vulnerability",Category
https://climatekg.tibwiki.io/entity/Q997,https://climatekg.tibwiki.io/entity/Q150,https://climatekg.tibwiki.io/entity/Q1,Shared socio-economic pathways,Working Group III: Climate Change 2022 – Mitigation of Climate Change,Category
https://climatekg.tibwiki.io/entity/Q998,https://climatekg.tibwiki.io/entity/Q150,https://climatekg.tibwiki.io/entity/Q1,Sharing economy.,Working Group III: Climate Change 2022 – Mitigation of Climate Change,Category
https://climatekg.tibwiki.io/entity/Q999,https://climatekg.tibwiki.io/entity/Q106,https://climatekg.tibwiki.io/entity/Q1,Shelf seas,"Working Group II: Climate Change 2022 – Impacts, Adaptation and Vulnerability",Category
https://climatekg.tibwiki.io/entity/Q1000,https://climatekg.tibwiki.io/entity/Q150,https://climatekg.tibwiki.io/entity/Q1,Shifting development pathways,Working Group III: Climate Change 2022 – Mitigation of Climate Change,Category
https://climatekg.tibwiki.io/entity/Q1001,https://climatekg.tibwiki.io/entity/Q150,https://climatekg.tibwiki.io/entity/Q1,Shifting development pathways to sustainability,Working Group III: Climate Change 2022 – Mitigation of Climate Change,Category
https://climatekg.tibwiki.io/entity/Q1002,https://climatekg.tibwiki.io/entity/Q77,https://climatekg.tibwiki.io/entity/Q1,Short-lived climate forcers,Working Group I: Climate Change 2021 – The Physical Science Basis,Category
https://climatekg.tibwiki.io/entity/Q1002,https://climatekg.tibwiki.io/entity/Q150,https://climatekg.tibwiki.io/entity/Q1,Short-lived climate forcers,Working Group III: Climate Change 2022 – Mitigation of Climate Change,Category
https://climatekg.tibwiki.io/entity/Q1003,https://climatekg.tibwiki.io/entity/Q77,https://climatekg.tibwiki.io/entity/Q1,Short-lived climate pollutants,Working Group I: Climate Change 2021 – The Physical Science Basis,Category
https://climatekg.tibwiki.io/entity/Q1003,https://climatekg.tibwiki.io/entity/Q150,https://climatekg.tibwiki.io/entity/Q1,Short-lived climate pollutants,Working Group III: Climate Change 2022 – Mitigation of Climate Change,Category
https://climatekg.tibwiki.io/entity/Q1004,https://climatekg.tibwiki.io/entity/Q77,https://climatekg.tibwiki.io/entity/Q1,Significant wave height,Working Group I: Climate Change 2021 – The Physical Science Basis,Category
https://climatekg.tibwiki.io/entity/Q1005,https://climatekg.tibwiki.io/entity/Q77,https://climatekg.tibwiki.io/entity/Q1,Simple climate model,Working Group I: Climate Change 2021 – The Physical Science Basis,Category
https://climatekg.tibwiki.io/entity/Q1005,https://climatekg.tibwiki.io/entity/Q150,https://climatekg.tibwiki.io/entity/Q1,Simple climate model,Working Group III: Climate Change 2022 – Mitigation of Climate Change,Category
https://climatekg.tibwiki.io/entity/Q1006,https://climatekg.tibwiki.io/entity/Q77,https://climatekg.tibwiki.io/entity/Q1,Sink,Working Group I: Climate Change 2021 – The Physical Science Basis,Category
https://climatekg.tibwiki.io/entity/Q1006,https://climatekg.tibwiki.io/entity/Q106,https://climatekg.tibwiki.io/entity/Q1,Sink,"Working Group II: Climate Change 2022 – Impacts, Adaptation and Vulnerability",Category
https://climatekg.tibwiki.io/entity/Q1006,https://climatekg.tibwiki.io/entity/Q150,https://climatekg.tibwiki.io/entity/Q1,Sink,Working Group III: Climate Change 2022 – Mitigation of Climate Change,Category
https://climatekg.tibwiki.io/entity/Q1007,https://climatekg.tibwiki.io/entity/Q77,https://climatekg.tibwiki.io/entity/Q1,Small Island Developing States,Working Group I: Climate Change 2021 – The Physical Science Basis,Category
https://climatekg.tibwiki.io/entity/Q1007,https://climatekg.tibwiki.io/entity/Q106,https://climatekg.tibwiki.io/entity/Q1,Small Island Developing States,"Working Group II: Climate Change 2022 – Impacts, Adaptation and Vulnerability",Category
https://climatekg.tibwiki.io/entity/Q1007,https://climatekg.tibwiki.io/entity/Q150,https://climatekg.tibwiki.io/entity/Q1,Small Island Developing States,Working Group III: Climate Change 2022 – Mitigation of Climate Change,Category
https://climatekg.tibwiki.io/entity/Q1008,https://climatekg.tibwiki.io/entity/Q150,https://climatekg.tibwiki.io/entity/Q1,Smart grids,Working Group III: Climate Change 2022 – Mitigation of Climate Change,Category
https://climatekg.tibwiki.io/entity/Q1009,https://climatekg.tibwiki.io/entity/Q77,https://climatekg.tibwiki.io/entity/Q1,Snow cover,Working Group I: Climate Change 2021 – The Physical Science Basis,Category
https://climatekg.tibwiki.io/entity/Q1009,https://climatekg.tibwiki.io/entity/Q106,https://climatekg.tibwiki.io/entity/Q1,Snow cover,"Working Group II: Climate Change 2022 – Impacts, Adaptation and Vulnerability",Category
https://climatekg.tibwiki.io/entity/Q1010,https://climatekg.tibwiki.io/entity/Q77,https://climatekg.tibwiki.io/entity/Q1,Snow cover duration,Working Group I: Climate Change 2021 – The Physical Science Basis,Category
https://climatekg.tibwiki.io/entity/Q1011,https://climatekg.tibwiki.io/entity/Q77,https://climatekg.tibwiki.io/entity/Q1,Snow cover extent,Working Group I: Climate Change 2021 – The Physical Science Basis,Category
https://climatekg.tibwiki.io/entity/Q1012,https://climatekg.tibwiki.io/entity/Q77,https://climatekg.tibwiki.io/entity/Q1,Snow water equivalent,Working Group I: Climate Change 2021 – The Physical Science Basis,Category
https://climatekg.tibwiki.io/entity/Q1012,https://climatekg.tibwiki.io/entity/Q106,https://climatekg.tibwiki.io/entity/Q1,Snow water equivalent,"Working Group II: Climate Change 2022 – Impacts, Adaptation and Vulnerability",Category
https://climatekg.tibwiki.io/entity/Q1013,https://climatekg.tibwiki.io/entity/Q150,https://climatekg.tibwiki.io/entity/Q1,Social cost of carbon,Working Group III: Climate Change 2022 – Mitigation of Climate Change,Category
https://climatekg.tibwiki.io/entity/Q1014,https://climatekg.tibwiki.io/entity/Q150,https://climatekg.tibwiki.io/entity/Q1,Social costs,Working Group III: Climate Change 2022 – Mitigation of Climate Change,Category
https://climatekg.tibwiki.io/entity/Q1016,https://climatekg.tibwiki.io/entity/Q150,https://climatekg.tibwiki.io/entity/Q1,Social group,Working Group III: Climate Change 2022 – Mitigation of Climate Change,Category
https://climatekg.tibwiki.io/entity/Q1017,https://climatekg.tibwiki.io/entity/Q150,https://climatekg.tibwiki.io/entity/Q1,Social identity,Working Group III: Climate Change 2022 – Mitigation of Climate Change,Category
https://climatekg.tibwiki.io/entity/Q1018,https://climatekg.tibwiki.io/entity/Q106,https://climatekg.tibwiki.io/entity/Q1,Social inclusion,"Working Group II: Climate Change 2022 – Impacts, Adaptation and Vulnerability",Category
https://climatekg.tibwiki.io/entity/Q1018,https://climatekg.tibwiki.io/entity/Q150,https://climatekg.tibwiki.io/entity/Q1,Social inclusion,Working Group III: Climate Change 2022 – Mitigation of Climate Change,Category
https://climatekg.tibwiki.io/entity/Q1019,https://climatekg.tibwiki.io/entity/Q106,https://climatekg.tibwiki.io/entity/Q1,Social infrastructure,"Working Group II: Climate Change 2022 – Impacts, Adaptation and Vulnerability",Category
https://climatekg.tibwiki.io/entity/Q1019,https://climatekg.tibwiki.io/entity/Q150,https://climatekg.tibwiki.io/entity/Q1,Social infrastructure,Working Group III: Climate Change 2022 – Mitigation of Climate Change,Category
https://climatekg.tibwiki.io/entity/Q1020,https://climatekg.tibwiki.io/entity/Q106,https://climatekg.tibwiki.io/entity/Q1,Social justice,"Working Group II: Climate Change 2022 – Impacts, Adaptation and Vulnerability",Category
https://climatekg.tibwiki.io/entity/Q1021,https://climatekg.tibwiki.io/entity/Q106,https://climatekg.tibwiki.io/entity/Q1,Social learning,"Working Group II: Climate Change 2022 – Impacts, Adaptation and Vulnerability",Category
https://climatekg.tibwiki.io/entity/Q1021,https://climatekg.tibwiki.io/entity/Q150,https://climatekg.tibwiki.io/entity/Q1,Social learning,Working Group III: Climate Change 2022 – Mitigation of Climate Change,Category
https://climatekg.tibwiki.io/entity/Q1022,https://climatekg.tibwiki.io/entity/Q106,https://climatekg.tibwiki.io/entity/Q1,Social protection,"Working Group II: Climate Change 2022 – Impacts, Adaptation and Vulnerability",Category
https://climatekg.tibwiki.io/entity/Q1015,https://climatekg.tibwiki.io/entity/Q106,https://climatekg.tibwiki.io/entity/Q1,Social-ecological system,"Working Group II: Climate Change 2022 – Impacts, Adaptation and Vulnerability",Category
https://climatekg.tibwiki.io/entity/Q1015,https://climatekg.tibwiki.io/entity/Q150,https://climatekg.tibwiki.io/entity/Q1,Social-ecological system,Working Group III: Climate Change 2022 – Mitigation of Climate Change,Category
https://climatekg.tibwiki.io/entity/Q1023,https://climatekg.tibwiki.io/entity/Q106,https://climatekg.tibwiki.io/entity/Q1,Societal transformations,"Working Group II: Climate Change 2022 – Impacts, Adaptation and Vulnerability",Category
https://climatekg.tibwiki.io/entity/Q1024,https://climatekg.tibwiki.io/entity/Q77,https://climatekg.tibwiki.io/entity/Q1,Socio-economic scenario,Working Group I: Climate Change 2021 – The Physical Science Basis,Category
https://climatekg.tibwiki.io/entity/Q1024,https://climatekg.tibwiki.io/entity/Q106,https://climatekg.tibwiki.io/entity/Q1,Socio-economic scenario,"Working Group II: Climate Change 2022 – Impacts, Adaptation and Vulnerability",Category
https://climatekg.tibwiki.io/entity/Q1024,https://climatekg.tibwiki.io/entity/Q150,https://climatekg.tibwiki.io/entity/Q1,Socio-economic scenario,Working Group III: Climate Change 2022 – Mitigation of Climate Change,Category
https://climatekg.tibwiki.io/entity/Q1025,https://climatekg.tibwiki.io/entity/Q106,https://climatekg.tibwiki.io/entity/Q1,Socio-technical transitions,"Working Group II: Climate Change 2022 – Impacts, Adaptation and Vulnerability",Category
https://climatekg.tibwiki.io/entity/Q1025,https://climatekg.tibwiki.io/entity/Q150,https://climatekg.tibwiki.io/entity/Q1,Socio-technical transitions,Working Group III: Climate Change 2022 – Mitigation of Climate Change,Category
https://climatekg.tibwiki.io/entity/Q1026,https://climatekg.tibwiki.io/entity/Q150,https://climatekg.tibwiki.io/entity/Q1,Soil carbon sequestration,Working Group III: Climate Change 2022 – Mitigation of Climate Change,Category
https://climatekg.tibwiki.io/entity/Q1027,https://climatekg.tibwiki.io/entity/Q106,https://climatekg.tibwiki.io/entity/Q1,Soil erosion,"Working Group II: Climate Change 2022 – Impacts, Adaptation and Vulnerability",Category
https://climatekg.tibwiki.io/entity/Q1028,https://climatekg.tibwiki.io/entity/Q77,https://climatekg.tibwiki.io/entity/Q1,Soil moisture,Working Group I: Climate Change 2021 – The Physical Science Basis,Category
https://climatekg.tibwiki.io/entity/Q1028,https://climatekg.tibwiki.io/entity/Q106,https://climatekg.tibwiki.io/entity/Q1,Soil moisture,"Working Group II: Climate Change 2022 – Impacts, Adaptation and Vulnerability",Category
https://climatekg.tibwiki.io/entity/Q1029,https://climatekg.tibwiki.io/entity/Q106,https://climatekg.tibwiki.io/entity/Q1,Soil organic carbon,"Working Group II: Climate Change 2022 – Impacts, Adaptation and Vulnerability",Category
https://climatekg.tibwiki.io/entity/Q1029,https://climatekg.tibwiki.io/entity/Q150,https://climatekg.tibwiki.io/entity/Q1,Soil organic carbon,Working Group III: Climate Change 2022 – Mitigation of Climate Change,Category
https://climatekg.tibwiki.io/entity/Q1030,https://climatekg.tibwiki.io/entity/Q106,https://climatekg.tibwiki.io/entity/Q1,Soil organic matter,"Working Group II: Climate Change 2022 – Impacts, Adaptation and Vulnerability",Category
https://climatekg.tibwiki.io/entity/Q1030,https://climatekg.tibwiki.io/entity/Q150,https://climatekg.tibwiki.io/entity/Q1,Soil organic matter,Working Group III: Climate Change 2022 – Mitigation of Climate Change,Category
https://climatekg.tibwiki.io/entity/Q1031,https://climatekg.tibwiki.io/entity/Q77,https://climatekg.tibwiki.io/entity/Q1,Soil temperature,Working Group I: Climate Change 2021 – The Physical Science Basis,Category
https://climatekg.tibwiki.io/entity/Q1032,https://climatekg.tibwiki.io/entity/Q77,https://climatekg.tibwiki.io/entity/Q1,Solar activity,Working Group I: Climate Change 2021 – The Physical Science Basis,Category
https://climatekg.tibwiki.io/entity/Q1033,https://climatekg.tibwiki.io/entity/Q77,https://climatekg.tibwiki.io/entity/Q1,Solar cycle,Working Group I: Climate Change 2021 – The Physical Science Basis,Category
https://climatekg.tibwiki.io/entity/Q1034,https://climatekg.tibwiki.io/entity/Q150,https://climatekg.tibwiki.io/entity/Q1,Solar energy,Working Group III: Climate Change 2022 – Mitigation of Climate Change,Category
https://climatekg.tibwiki.io/entity/Q1035,https://climatekg.tibwiki.io/entity/Q77,https://climatekg.tibwiki.io/entity/Q1,Solar radiation,Working Group I: Climate Change 2021 – The Physical Science Basis,Category
https://climatekg.tibwiki.io/entity/Q1036,https://climatekg.tibwiki.io/entity/Q77,https://climatekg.tibwiki.io/entity/Q1,Solar radiation modification,Working Group I: Climate Change 2021 – The Physical Science Basis,Category
https://climatekg.tibwiki.io/entity/Q1036,https://climatekg.tibwiki.io/entity/Q106,https://climatekg.tibwiki.io/entity/Q1,Solar radiation modification,"Working Group II: Climate Change 2022 – Impacts, Adaptation and Vulnerability",Category
https://climatekg.tibwiki.io/entity/Q1036,https://climatekg.tibwiki.io/entity/Q150,https://climatekg.tibwiki.io/entity/Q1,Solar radiation modification,Working Group III: Climate Change 2022 – Mitigation of Climate Change,Category
https://climatekg.tibwiki.io/entity/Q1037,https://climatekg.tibwiki.io/entity/Q77,https://climatekg.tibwiki.io/entity/Q1,Solubility pump,Working Group I: Climate Change 2021 – The Physical Science Basis,Category
https://climatekg.tibwiki.io/entity/Q1038,https://climatekg.tibwiki.io/entity/Q106,https://climatekg.tibwiki.io/entity/Q1,Solution space,"Working Group II: Climate Change 2022 – Impacts, Adaptation and Vulnerability",Category
https://climatekg.tibwiki.io/entity/Q1039,https://climatekg.tibwiki.io/entity/Q77,https://climatekg.tibwiki.io/entity/Q1,Source,Working Group I: Climate Change 2021 – The Physical Science Basis,Category
https://climatekg.tibwiki.io/entity/Q1039,https://climatekg.tibwiki.io/entity/Q106,https://climatekg.tibwiki.io/entity/Q1,Source,"Working Group II: Climate Change 2022 – Impacts, Adaptation and Vulnerability",Category
https://climatekg.tibwiki.io/entity/Q1039,https://climatekg.tibwiki.io/entity/Q150,https://climatekg.tibwiki.io/entity/Q1,Source,Working Group III: Climate Change 2022 – Mitigation of Climate Change,Category
https://climatekg.tibwiki.io/entity/Q1040,https://climatekg.tibwiki.io/entity/Q77,https://climatekg.tibwiki.io/entity/Q1,South American monsoon,Working Group I: Climate Change 2021 – The Physical Science Basis,Category
https://climatekg.tibwiki.io/entity/Q1041,https://climatekg.tibwiki.io/entity/Q77,https://climatekg.tibwiki.io/entity/Q1,South Pacific Convergence Zone,Working Group I: Climate Change 2021 – The Physical Science Basis,Category
https://climatekg.tibwiki.io/entity/Q1042,https://climatekg.tibwiki.io/entity/Q77,https://climatekg.tibwiki.io/entity/Q1,South and South East Asian monsoon,Working Group I: Climate Change 2021 – The Physical Science Basis,Category
https://climatekg.tibwiki.io/entity/Q1043,https://climatekg.tibwiki.io/entity/Q77,https://climatekg.tibwiki.io/entity/Q1,Southern Annular Mode,Working Group I: Climate Change 2021 – The Physical Science Basis,Category
https://climatekg.tibwiki.io/entity/Q1043,https://climatekg.tibwiki.io/entity/Q106,https://climatekg.tibwiki.io/entity/Q1,Southern Annular Mode,"Working Group II: Climate Change 2022 – Impacts, Adaptation and Vulnerability",Category
https://climatekg.tibwiki.io/entity/Q1043,https://climatekg.tibwiki.io/entity/Q150,https://climatekg.tibwiki.io/entity/Q1,Southern Annular Mode,Working Group III: Climate Change 2022 – Mitigation of Climate Change,Category
https://climatekg.tibwiki.io/entity/Q1044,https://climatekg.tibwiki.io/entity/Q106,https://climatekg.tibwiki.io/entity/Q1,Southern Ocean,"Working Group II: Climate Change 2022 – Impacts, Adaptation and Vulnerability",Category
https://climatekg.tibwiki.io/entity/Q1045,https://climatekg.tibwiki.io/entity/Q106,https://climatekg.tibwiki.io/entity/Q1,Spatial and temporal scales,"Working Group II: Climate Change 2022 – Impacts, Adaptation and Vulnerability",Category
https://climatekg.tibwiki.io/entity/Q1046,https://climatekg.tibwiki.io/entity/Q77,https://climatekg.tibwiki.io/entity/Q1,Specific humidity,Working Group I: Climate Change 2021 – The Physical Science Basis,Category
https://climatekg.tibwiki.io/entity/Q1047,https://climatekg.tibwiki.io/entity/Q150,https://climatekg.tibwiki.io/entity/Q1,Spill-over effect,Working Group III: Climate Change 2022 – Mitigation of Climate Change,Category
https://climatekg.tibwiki.io/entity/Q1048,https://climatekg.tibwiki.io/entity/Q77,https://climatekg.tibwiki.io/entity/Q1,Stadial or stade,Working Group I: Climate Change 2021 – The Physical Science Basis,Category
https://climatekg.tibwiki.io/entity/Q1049,https://climatekg.tibwiki.io/entity/Q106,https://climatekg.tibwiki.io/entity/Q1,Standard,"Working Group II: Climate Change 2022 – Impacts, Adaptation and Vulnerability",Category
https://climatekg.tibwiki.io/entity/Q1050,https://climatekg.tibwiki.io/entity/Q77,https://climatekg.tibwiki.io/entity/Q1,Steric sea level change,Working Group I: Climate Change 2021 – The Physical Science Basis,Category
https://climatekg.tibwiki.io/entity/Q1051,https://climatekg.tibwiki.io/entity/Q77,https://climatekg.tibwiki.io/entity/Q1,Storm surge,Working Group I: Climate Change 2021 – The Physical Science Basis,Category
https://climatekg.tibwiki.io/entity/Q1051,https://climatekg.tibwiki.io/entity/Q106,https://climatekg.tibwiki.io/entity/Q1,Storm surge,"Working Group II: Climate Change 2022 – Impacts, Adaptation and Vulnerability",Category
https://climatekg.tibwiki.io/entity/Q1052,https://climatekg.tibwiki.io/entity/Q77,https://climatekg.tibwiki.io/entity/Q1,Storm tracks,Working Group I: Climate Change 2021 – The Physical Science Basis,Category
https://climatekg.tibwiki.io/entity/Q1053,https://climatekg.tibwiki.io/entity/Q77,https://climatekg.tibwiki.io/entity/Q1,Storyline,Working Group I: Climate Change 2021 – The Physical Science Basis,Category
https://climatekg.tibwiki.io/entity/Q1053,https://climatekg.tibwiki.io/entity/Q106,https://climatekg.tibwiki.io/entity/Q1,Storyline,"Working Group II: Climate Change 2022 – Impacts, Adaptation and Vulnerability",Category
https://climatekg.tibwiki.io/entity/Q1053,https://climatekg.tibwiki.io/entity/Q150,https://climatekg.tibwiki.io/entity/Q1,Storyline,Working Group III: Climate Change 2022 – Mitigation of Climate Change,Category
https://climatekg.tibwiki.io/entity/Q1054,https://climatekg.tibwiki.io/entity/Q106,https://climatekg.tibwiki.io/entity/Q1,Stranded assets,"Working Group II: Climate Change 2022 – Impacts, Adaptation and Vulnerability",Category
https://climatekg.tibwiki.io/entity/Q1054,https://climatekg.tibwiki.io/entity/Q150,https://climatekg.tibwiki.io/entity/Q1,Stranded assets,Working Group III: Climate Change 2022 – Mitigation of Climate Change,Category
https://climatekg.tibwiki.io/entity/Q1055,https://climatekg.tibwiki.io/entity/Q77,https://climatekg.tibwiki.io/entity/Q1,Stratification,Working Group I: Climate Change 2021 – The Physical Science Basis,Category
https://climatekg.tibwiki.io/entity/Q1055,https://climatekg.tibwiki.io/entity/Q106,https://climatekg.tibwiki.io/entity/Q1,Stratification,"Working Group II: Climate Change 2022 – Impacts, Adaptation and Vulnerability",Category
https://climatekg.tibwiki.io/entity/Q1056,https://climatekg.tibwiki.io/entity/Q77,https://climatekg.tibwiki.io/entity/Q1,Stratosphere,Working Group I: Climate Change 2021 – The Physical Science Basis,Category
https://climatekg.tibwiki.io/entity/Q1057,https://climatekg.tibwiki.io/entity/Q77,https://climatekg.tibwiki.io/entity/Q1,Stratosphere–troposphere exchange,Working Group I: Climate Change 2021 – The Physical Science Basis,Category
https://climatekg.tibwiki.io/entity/Q1058,https://climatekg.tibwiki.io/entity/Q77,https://climatekg.tibwiki.io/entity/Q1,Stratospheric aerosol injection,Working Group I: Climate Change 2021 – The Physical Science Basis,Category
https://climatekg.tibwiki.io/entity/Q1059,https://climatekg.tibwiki.io/entity/Q77,https://climatekg.tibwiki.io/entity/Q1,Stratospheric ozone,Working Group I: Climate Change 2021 – The Physical Science Basis,Category
https://climatekg.tibwiki.io/entity/Q1060,https://climatekg.tibwiki.io/entity/Q77,https://climatekg.tibwiki.io/entity/Q1,Stratospheric polar vortex,Working Group I: Climate Change 2021 – The Physical Science Basis,Category
https://climatekg.tibwiki.io/entity/Q1061,https://climatekg.tibwiki.io/entity/Q77,https://climatekg.tibwiki.io/entity/Q1,Stratospheric sounding unit,Working Group I: Climate Change 2021 – The Physical Science Basis,Category
https://climatekg.tibwiki.io/entity/Q1062,https://climatekg.tibwiki.io/entity/Q77,https://climatekg.tibwiki.io/entity/Q1,Streamflow,Working Group I: Climate Change 2021 – The Physical Science Basis,Category
https://climatekg.tibwiki.io/entity/Q1062,https://climatekg.tibwiki.io/entity/Q106,https://climatekg.tibwiki.io/entity/Q1,Streamflow,"Working Group II: Climate Change 2022 – Impacts, Adaptation and Vulnerability",Category
https://climatekg.tibwiki.io/entity/Q1063,https://climatekg.tibwiki.io/entity/Q106,https://climatekg.tibwiki.io/entity/Q1,Stressors,"Working Group II: Climate Change 2022 – Impacts, Adaptation and Vulnerability",Category
https://climatekg.tibwiki.io/entity/Q1064,https://climatekg.tibwiki.io/entity/Q77,https://climatekg.tibwiki.io/entity/Q1,Subduction,Working Group I: Climate Change 2021 – The Physical Science Basis,Category
https://climatekg.tibwiki.io/entity/Q1065,https://climatekg.tibwiki.io/entity/Q150,https://climatekg.tibwiki.io/entity/Q1,Subnational actors,Working Group III: Climate Change 2022 – Mitigation of Climate Change,Category
https://climatekg.tibwiki.io/entity/Q1066,https://climatekg.tibwiki.io/entity/Q77,https://climatekg.tibwiki.io/entity/Q1,Sudden stratospheric warming,Working Group I: Climate Change 2021 – The Physical Science Basis,Category
https://climatekg.tibwiki.io/entity/Q1067,https://climatekg.tibwiki.io/entity/Q150,https://climatekg.tibwiki.io/entity/Q1,Sufficiency,Working Group III: Climate Change 2022 – Mitigation of Climate Change,Category
https://climatekg.tibwiki.io/entity/Q1068,https://climatekg.tibwiki.io/entity/Q77,https://climatekg.tibwiki.io/entity/Q1,Sulphur hexafluoride,Working Group I: Climate Change 2021 – The Physical Science Basis,Category
https://climatekg.tibwiki.io/entity/Q1069,https://climatekg.tibwiki.io/entity/Q77,https://climatekg.tibwiki.io/entity/Q1,Sunspots,Working Group I: Climate Change 2021 – The Physical Science Basis,Category
https://climatekg.tibwiki.io/entity/Q1070,https://climatekg.tibwiki.io/entity/Q150,https://climatekg.tibwiki.io/entity/Q1,Supply-side measures,Working Group III: Climate Change 2022 – Mitigation of Climate Change,Category
https://climatekg.tibwiki.io/entity/Q1071,https://climatekg.tibwiki.io/entity/Q77,https://climatekg.tibwiki.io/entity/Q1,Surface energy budget,Working Group I: Climate Change 2021 – The Physical Science Basis,Category
https://climatekg.tibwiki.io/entity/Q1072,https://climatekg.tibwiki.io/entity/Q77,https://climatekg.tibwiki.io/entity/Q1,Surface mass balance,Working Group I: Climate Change 2021 – The Physical Science Basis,Category
https://climatekg.tibwiki.io/entity/Q1073,https://climatekg.tibwiki.io/entity/Q77,https://climatekg.tibwiki.io/entity/Q1,Surprises,Working Group I: Climate Change 2021 – The Physical Science Basis,Category
https://climatekg.tibwiki.io/entity/Q1074,https://climatekg.tibwiki.io/entity/Q106,https://climatekg.tibwiki.io/entity/Q1,Sustainability,"Working Group II: Climate Change 2022 – Impacts, Adaptation and Vulnerability",Category
https://climatekg.tibwiki.io/entity/Q1074,https://climatekg.tibwiki.io/entity/Q150,https://climatekg.tibwiki.io/entity/Q1,Sustainability,Working Group III: Climate Change 2022 – Mitigation of Climate Change,Category
https://climatekg.tibwiki.io/entity/Q1075,https://climatekg.tibwiki.io/entity/Q106,https://climatekg.tibwiki.io/entity/Q1,Sustainable Development Goals,"Working Group II: Climate Change 2022 – Impacts, Adaptation and Vulnerability",Category
https://climatekg.tibwiki.io/entity/Q1075,https://climatekg.tibwiki.io/entity/Q150,https://climatekg.tibwiki.io/entity/Q1,Sustainable Development Goals,Working Group III: Climate Change 2022 – Mitigation of Climate Change,Category
https://climatekg.tibwiki.io/entity/Q1076,https://climatekg.tibwiki.io/entity/Q106,https://climatekg.tibwiki.io/entity/Q1,Sustainable development,"Working Group II: Climate Change 2022 – Impacts, Adaptation and Vulnerability",Category
https://climatekg.tibwiki.io/entity/Q1076,https://climatekg.tibwiki.io/entity/Q150,https://climatekg.tibwiki.io/entity/Q1,Sustainable development,Working Group III: Climate Change 2022 – Mitigation of Climate Change,Category
https://climatekg.tibwiki.io/entity/Q1077,https://climatekg.tibwiki.io/entity/Q106,https://climatekg.tibwiki.io/entity/Q1,Sustainable development pathways,"Working Group II: Climate Change 2022 – Impacts, Adaptation and Vulnerability",Category
https://climatekg.tibwiki.io/entity/Q1078,https://climatekg.tibwiki.io/entity/Q106,https://climatekg.tibwiki.io/entity/Q1,Sustainable forest management,"Working Group II: Climate Change 2022 – Impacts, Adaptation and Vulnerability",Category
https://climatekg.tibwiki.io/entity/Q1078,https://climatekg.tibwiki.io/entity/Q150,https://climatekg.tibwiki.io/entity/Q1,Sustainable forest management,Working Group III: Climate Change 2022 – Mitigation of Climate Change,Category
https://climatekg.tibwiki.io/entity/Q1079,https://climatekg.tibwiki.io/entity/Q150,https://climatekg.tibwiki.io/entity/Q1,Sustainable intensification,Working Group III: Climate Change 2022 – Mitigation of Climate Change,Category
https://climatekg.tibwiki.io/entity/Q1080,https://climatekg.tibwiki.io/entity/Q106,https://climatekg.tibwiki.io/entity/Q1,Sustainable land management,"Working Group II: Climate Change 2022 – Impacts, Adaptation and Vulnerability",Category
https://climatekg.tibwiki.io/entity/Q1080,https://climatekg.tibwiki.io/entity/Q150,https://climatekg.tibwiki.io/entity/Q1,Sustainable land management,Working Group III: Climate Change 2022 – Mitigation of Climate Change,Category
https://climatekg.tibwiki.io/entity/Q1081,https://climatekg.tibwiki.io/entity/Q77,https://climatekg.tibwiki.io/entity/Q1,Swash,Working Group I: Climate Change 2021 – The Physical Science Basis,Category
https://climatekg.tibwiki.io/entity/Q1082,https://climatekg.tibwiki.io/entity/Q106,https://climatekg.tibwiki.io/entity/Q1,Sympagic,"Working Group II: Climate Change 2022 – Impacts, Adaptation and Vulnerability",Category
https://climatekg.tibwiki.io/entity/Q1083,https://climatekg.tibwiki.io/entity/Q150,https://climatekg.tibwiki.io/entity/Q1,Systems of Innovation,Working Group III: Climate Change 2022 – Mitigation of Climate Change,Category
https://climatekg.tibwiki.io/entity/Q1084,https://climatekg.tibwiki.io/entity/Q77,https://climatekg.tibwiki.io/entity/Q1,Talik,Working Group I: Climate Change 2021 – The Physical Science Basis,Category
https://climatekg.tibwiki.io/entity/Q1085,https://climatekg.tibwiki.io/entity/Q77,https://climatekg.tibwiki.io/entity/Q1,Technical potential,Working Group I: Climate Change 2021 – The Physical Science Basis,Category
https://climatekg.tibwiki.io/entity/Q1085,https://climatekg.tibwiki.io/entity/Q150,https://climatekg.tibwiki.io/entity/Q1,Technical potential,Working Group III: Climate Change 2022 – Mitigation of Climate Change,Category
https://climatekg.tibwiki.io/entity/Q1086,https://climatekg.tibwiki.io/entity/Q150,https://climatekg.tibwiki.io/entity/Q1,Technology deployment,Working Group III: Climate Change 2022 – Mitigation of Climate Change,Category
https://climatekg.tibwiki.io/entity/Q1087,https://climatekg.tibwiki.io/entity/Q150,https://climatekg.tibwiki.io/entity/Q1,Technology diffusion,Working Group III: Climate Change 2022 – Mitigation of Climate Change,Category
https://climatekg.tibwiki.io/entity/Q1088,https://climatekg.tibwiki.io/entity/Q150,https://climatekg.tibwiki.io/entity/Q1,Technology transfer,Working Group III: Climate Change 2022 – Mitigation of Climate Change,Category
https://climatekg.tibwiki.io/entity/Q1089,https://climatekg.tibwiki.io/entity/Q77,https://climatekg.tibwiki.io/entity/Q1,Teleconnection,Working Group I: Climate Change 2021 – The Physical Science Basis,Category
https://climatekg.tibwiki.io/entity/Q1089,https://climatekg.tibwiki.io/entity/Q106,https://climatekg.tibwiki.io/entity/Q1,Teleconnection,"Working Group II: Climate Change 2022 – Impacts, Adaptation and Vulnerability",Category
https://climatekg.tibwiki.io/entity/Q1089,https://climatekg.tibwiki.io/entity/Q150,https://climatekg.tibwiki.io/entity/Q1,Teleconnection,Working Group III: Climate Change 2022 – Mitigation of Climate Change,Category
https://climatekg.tibwiki.io/entity/Q1090,https://climatekg.tibwiki.io/entity/Q77,https://climatekg.tibwiki.io/entity/Q1,Teleconnection pattern,Working Group I: Climate Change 2021 – The Physical Science Basis,Category
https://climatekg.tibwiki.io/entity/Q1091,https://climatekg.tibwiki.io/entity/Q77,https://climatekg.tibwiki.io/entity/Q1,Temperature overshoot,Working Group I: Climate Change 2021 – The Physical Science Basis,Category
https://climatekg.tibwiki.io/entity/Q1091,https://climatekg.tibwiki.io/entity/Q106,https://climatekg.tibwiki.io/entity/Q1,Temperature overshoot,"Working Group II: Climate Change 2022 – Impacts, Adaptation and Vulnerability",Category
https://climatekg.tibwiki.io/entity/Q1091,https://climatekg.tibwiki.io/entity/Q150,https://climatekg.tibwiki.io/entity/Q1,Temperature overshoot,Working Group III: Climate Change 2022 – Mitigation of Climate Change,Category
https://climatekg.tibwiki.io/entity/Q1092,https://climatekg.tibwiki.io/entity/Q77,https://climatekg.tibwiki.io/entity/Q1,Terrestrial radiation,Working Group I: Climate Change 2021 – The Physical Science Basis,Category
https://climatekg.tibwiki.io/entity/Q1093,https://climatekg.tibwiki.io/entity/Q77,https://climatekg.tibwiki.io/entity/Q1,Thermocline,Working Group I: Climate Change 2021 – The Physical Science Basis,Category
https://climatekg.tibwiki.io/entity/Q1094,https://climatekg.tibwiki.io/entity/Q77,https://climatekg.tibwiki.io/entity/Q1,Thermokarst,Working Group I: Climate Change 2021 – The Physical Science Basis,Category
https://climatekg.tibwiki.io/entity/Q1095,https://climatekg.tibwiki.io/entity/Q77,https://climatekg.tibwiki.io/entity/Q1,Thermosteric sea level change,Working Group I: Climate Change 2021 – The Physical Science Basis,Category
https://climatekg.tibwiki.io/entity/Q1096,https://climatekg.tibwiki.io/entity/Q77,https://climatekg.tibwiki.io/entity/Q1,Tide gauge,Working Group I: Climate Change 2021 – The Physical Science Basis,Category
https://climatekg.tibwiki.io/entity/Q1097,https://climatekg.tibwiki.io/entity/Q106,https://climatekg.tibwiki.io/entity/Q1,Tier,"Working Group II: Climate Change 2022 – Impacts, Adaptation and Vulnerability",Category
https://climatekg.tibwiki.io/entity/Q1098,https://climatekg.tibwiki.io/entity/Q77,https://climatekg.tibwiki.io/entity/Q1,Time of emergence,Working Group I: Climate Change 2021 – The Physical Science Basis,Category
https://climatekg.tibwiki.io/entity/Q1099,https://climatekg.tibwiki.io/entity/Q77,https://climatekg.tibwiki.io/entity/Q1,Tipping element,Working Group I: Climate Change 2021 – The Physical Science Basis,Category
https://climatekg.tibwiki.io/entity/Q1099,https://climatekg.tibwiki.io/entity/Q106,https://climatekg.tibwiki.io/entity/Q1,Tipping element,"Working Group II: Climate Change 2022 – Impacts, Adaptation and Vulnerability",Category
https://climatekg.tibwiki.io/entity/Q1100,https://climatekg.tibwiki.io/entity/Q77,https://climatekg.tibwiki.io/entity/Q1,Tipping point,Working Group I: Climate Change 2021 – The Physical Science Basis,Category
https://climatekg.tibwiki.io/entity/Q1100,https://climatekg.tibwiki.io/entity/Q106,https://climatekg.tibwiki.io/entity/Q1,Tipping point,"Working Group II: Climate Change 2022 – Impacts, Adaptation and Vulnerability",Category
https://climatekg.tibwiki.io/entity/Q1100,https://climatekg.tibwiki.io/entity/Q150,https://climatekg.tibwiki.io/entity/Q1,Tipping point,Working Group III: Climate Change 2022 – Mitigation of Climate Change,Category
https://climatekg.tibwiki.io/entity/Q1101,https://climatekg.tibwiki.io/entity/Q77,https://climatekg.tibwiki.io/entity/Q1,Top-of-atmosphere energy budget,Working Group I: Climate Change 2021 – The Physical Science Basis,Category
https://climatekg.tibwiki.io/entity/Q1102,https://climatekg.tibwiki.io/entity/Q77,https://climatekg.tibwiki.io/entity/Q1,Total alkalinity,Working Group I: Climate Change 2021 – The Physical Science Basis,Category
https://climatekg.tibwiki.io/entity/Q1103,https://climatekg.tibwiki.io/entity/Q77,https://climatekg.tibwiki.io/entity/Q1,Total carbon budget,Working Group I: Climate Change 2021 – The Physical Science Basis,Category
https://climatekg.tibwiki.io/entity/Q1103,https://climatekg.tibwiki.io/entity/Q150,https://climatekg.tibwiki.io/entity/Q1,Total carbon budget,Working Group III: Climate Change 2022 – Mitigation of Climate Change,Category
https://climatekg.tibwiki.io/entity/Q1104,https://climatekg.tibwiki.io/entity/Q77,https://climatekg.tibwiki.io/entity/Q1,Total solar irradiance,Working Group I: Climate Change 2021 – The Physical Science Basis,Category
https://climatekg.tibwiki.io/entity/Q1105,https://climatekg.tibwiki.io/entity/Q77,https://climatekg.tibwiki.io/entity/Q1,Total water level,Working Group I: Climate Change 2021 – The Physical Science Basis,Category
https://climatekg.tibwiki.io/entity/Q1106,https://climatekg.tibwiki.io/entity/Q77,https://climatekg.tibwiki.io/entity/Q1,Trace gas,Working Group I: Climate Change 2021 – The Physical Science Basis,Category
https://climatekg.tibwiki.io/entity/Q1107,https://climatekg.tibwiki.io/entity/Q106,https://climatekg.tibwiki.io/entity/Q1,Trade-off,"Working Group II: Climate Change 2022 – Impacts, Adaptation and Vulnerability",Category
https://climatekg.tibwiki.io/entity/Q1107,https://climatekg.tibwiki.io/entity/Q150,https://climatekg.tibwiki.io/entity/Q1,Trade-off,Working Group III: Climate Change 2022 – Mitigation of Climate Change,Category
https://climatekg.tibwiki.io/entity/Q1108,https://climatekg.tibwiki.io/entity/Q150,https://climatekg.tibwiki.io/entity/Q1,Traditional biomass,Working Group III: Climate Change 2022 – Mitigation of Climate Change,Category
https://climatekg.tibwiki.io/entity/Q1109,https://climatekg.tibwiki.io/entity/Q106,https://climatekg.tibwiki.io/entity/Q1,Transformation,"Working Group II: Climate Change 2022 – Impacts, Adaptation and Vulnerability",Category
https://climatekg.tibwiki.io/entity/Q1109,https://climatekg.tibwiki.io/entity/Q150,https://climatekg.tibwiki.io/entity/Q1,Transformation,Working Group III: Climate Change 2022 – Mitigation of Climate Change,Category
https://climatekg.tibwiki.io/entity/Q1110,https://climatekg.tibwiki.io/entity/Q150,https://climatekg.tibwiki.io/entity/Q1,Transformation pathways,Working Group III: Climate Change 2022 – Mitigation of Climate Change,Category
https://climatekg.tibwiki.io/entity/Q1111,https://climatekg.tibwiki.io/entity/Q106,https://climatekg.tibwiki.io/entity/Q1,Transformational adaptation,"Working Group II: Climate Change 2022 – Impacts, Adaptation and Vulnerability",Category
https://climatekg.tibwiki.io/entity/Q1111,https://climatekg.tibwiki.io/entity/Q150,https://climatekg.tibwiki.io/entity/Q1,Transformational adaptation,Working Group III: Climate Change 2022 – Mitigation of Climate Change,Category
https://climatekg.tibwiki.io/entity/Q1112,https://climatekg.tibwiki.io/entity/Q106,https://climatekg.tibwiki.io/entity/Q1,Transformative change,"Working Group II: Climate Change 2022 – Impacts, Adaptation and Vulnerability",Category
https://climatekg.tibwiki.io/entity/Q1113,https://climatekg.tibwiki.io/entity/Q77,https://climatekg.tibwiki.io/entity/Q1,Transient climate response,Working Group I: Climate Change 2021 – The Physical Science Basis,Category
https://climatekg.tibwiki.io/entity/Q1113,https://climatekg.tibwiki.io/entity/Q150,https://climatekg.tibwiki.io/entity/Q1,Transient climate response,Working Group III: Climate Change 2022 – Mitigation of Climate Change,Category
https://climatekg.tibwiki.io/entity/Q1114,https://climatekg.tibwiki.io/entity/Q77,https://climatekg.tibwiki.io/entity/Q1,Transient climate response to cumulative CO2 emissions,Working Group I: Climate Change 2021 – The Physical Science Basis,Category
https://climatekg.tibwiki.io/entity/Q1114,https://climatekg.tibwiki.io/entity/Q150,https://climatekg.tibwiki.io/entity/Q1,Transient climate response to cumulative CO2 emissions,Working Group III: Climate Change 2022 – Mitigation of Climate Change,Category
https://climatekg.tibwiki.io/entity/Q1115,https://climatekg.tibwiki.io/entity/Q106,https://climatekg.tibwiki.io/entity/Q1,Transition,"Working Group II: Climate Change 2022 – Impacts, Adaptation and Vulnerability",Category
https://climatekg.tibwiki.io/entity/Q1115,https://climatekg.tibwiki.io/entity/Q150,https://climatekg.tibwiki.io/entity/Q1,Transition,Working Group III: Climate Change 2022 – Mitigation of Climate Change,Category
https://climatekg.tibwiki.io/entity/Q1116,https://climatekg.tibwiki.io/entity/Q106,https://climatekg.tibwiki.io/entity/Q1,Tree line,"Working Group II: Climate Change 2022 – Impacts, Adaptation and Vulnerability",Category
https://climatekg.tibwiki.io/entity/Q1117,https://climatekg.tibwiki.io/entity/Q77,https://climatekg.tibwiki.io/entity/Q1,Tree rings,Working Group I: Climate Change 2021 – The Physical Science Basis,Category
https://climatekg.tibwiki.io/entity/Q1118,https://climatekg.tibwiki.io/entity/Q77,https://climatekg.tibwiki.io/entity/Q1,Trend estimates uncertainty,Working Group I: Climate Change 2021 – The Physical Science Basis,Category
https://climatekg.tibwiki.io/entity/Q1119,https://climatekg.tibwiki.io/entity/Q77,https://climatekg.tibwiki.io/entity/Q1,Tropical Atlantic Variability,Working Group I: Climate Change 2021 – The Physical Science Basis,Category
https://climatekg.tibwiki.io/entity/Q1120,https://climatekg.tibwiki.io/entity/Q77,https://climatekg.tibwiki.io/entity/Q1,Tropical cyclone,Working Group I: Climate Change 2021 – The Physical Science Basis,Category
https://climatekg.tibwiki.io/entity/Q1120,https://climatekg.tibwiki.io/entity/Q106,https://climatekg.tibwiki.io/entity/Q1,Tropical cyclone,"Working Group II: Climate Change 2022 – Impacts, Adaptation and Vulnerability",Category
https://climatekg.tibwiki.io/entity/Q1121,https://climatekg.tibwiki.io/entity/Q77,https://climatekg.tibwiki.io/entity/Q1,Tropopause,Working Group I: Climate Change 2021 – The Physical Science Basis,Category
https://climatekg.tibwiki.io/entity/Q1122,https://climatekg.tibwiki.io/entity/Q77,https://climatekg.tibwiki.io/entity/Q1,Troposphere,Working Group I: Climate Change 2021 – The Physical Science Basis,Category
https://climatekg.tibwiki.io/entity/Q1123,https://climatekg.tibwiki.io/entity/Q77,https://climatekg.tibwiki.io/entity/Q1,Tropospheric ozone,Working Group I: Climate Change 2021 – The Physical Science Basis,Category
https://climatekg.tibwiki.io/entity/Q1124,https://climatekg.tibwiki.io/entity/Q106,https://climatekg.tibwiki.io/entity/Q1,Tsunami,"Working Group II: Climate Change 2022 – Impacts, Adaptation and Vulnerability",Category
https://climatekg.tibwiki.io/entity/Q1125,https://climatekg.tibwiki.io/entity/Q77,https://climatekg.tibwiki.io/entity/Q1,Tundra,Working Group I: Climate Change 2021 – The Physical Science Basis,Category
https://climatekg.tibwiki.io/entity/Q1125,https://climatekg.tibwiki.io/entity/Q106,https://climatekg.tibwiki.io/entity/Q1,Tundra,"Working Group II: Climate Change 2022 – Impacts, Adaptation and Vulnerability",Category
https://climatekg.tibwiki.io/entity/Q1126,https://climatekg.tibwiki.io/entity/Q77,https://climatekg.tibwiki.io/entity/Q1,Turnover time,Working Group I: Climate Change 2021 – The Physical Science Basis,Category
https://climatekg.tibwiki.io/entity/Q1127,https://climatekg.tibwiki.io/entity/Q77,https://climatekg.tibwiki.io/entity/Q1,Typological regions,Working Group I: Climate Change 2021 – The Physical Science Basis,Category
https://climatekg.tibwiki.io/entity/Q1128,https://climatekg.tibwiki.io/entity/Q77,https://climatekg.tibwiki.io/entity/Q1,Uncertainty,Working Group I: Climate Change 2021 – The Physical Science Basis,Category
https://climatekg.tibwiki.io/entity/Q1128,https://climatekg.tibwiki.io/entity/Q106,https://climatekg.tibwiki.io/entity/Q1,Uncertainty,"Working Group II: Climate Change 2022 – Impacts, Adaptation and Vulnerability",Category
https://climatekg.tibwiki.io/entity/Q1128,https://climatekg.tibwiki.io/entity/Q150,https://climatekg.tibwiki.io/entity/Q1,Uncertainty,Working Group III: Climate Change 2022 – Mitigation of Climate Change,Category
https://climatekg.tibwiki.io/entity/Q1129,https://climatekg.tibwiki.io/entity/Q150,https://climatekg.tibwiki.io/entity/Q1,United Nations Convention to Combat Desertification,Working Group III: Climate Change 2022 – Mitigation of Climate Change,Category
https://climatekg.tibwiki.io/entity/Q1130,https://climatekg.tibwiki.io/entity/Q77,https://climatekg.tibwiki.io/entity/Q1,United Nations Framework Convention on Climate Change,Working Group I: Climate Change 2021 – The Physical Science Basis,Category
https://climatekg.tibwiki.io/entity/Q1130,https://climatekg.tibwiki.io/entity/Q106,https://climatekg.tibwiki.io/entity/Q1,United Nations Framework Convention on Climate Change,"Working Group II: Climate Change 2022 – Impacts, Adaptation and Vulnerability",Category
https://climatekg.tibwiki.io/entity/Q1130,https://climatekg.tibwiki.io/entity/Q150,https://climatekg.tibwiki.io/entity/Q1,United Nations Framework Convention on Climate Change,Working Group III: Climate Change 2022 – Mitigation of Climate Change,Category
https://climatekg.tibwiki.io/entity/Q1131,https://climatekg.tibwiki.io/entity/Q77,https://climatekg.tibwiki.io/entity/Q1,Uptake,Working Group I: Climate Change 2021 – The Physical Science Basis,Category
https://climatekg.tibwiki.io/entity/Q1131,https://climatekg.tibwiki.io/entity/Q106,https://climatekg.tibwiki.io/entity/Q1,Uptake,"Working Group II: Climate Change 2022 – Impacts, Adaptation and Vulnerability",Category
https://climatekg.tibwiki.io/entity/Q1131,https://climatekg.tibwiki.io/entity/Q150,https://climatekg.tibwiki.io/entity/Q1,Uptake,Working Group III: Climate Change 2022 – Mitigation of Climate Change,Category
https://climatekg.tibwiki.io/entity/Q1132,https://climatekg.tibwiki.io/entity/Q77,https://climatekg.tibwiki.io/entity/Q1,Upwelling region,Working Group I: Climate Change 2021 – The Physical Science Basis,Category
https://climatekg.tibwiki.io/entity/Q1132,https://climatekg.tibwiki.io/entity/Q106,https://climatekg.tibwiki.io/entity/Q1,Upwelling region,"Working Group II: Climate Change 2022 – Impacts, Adaptation and Vulnerability",Category
https://climatekg.tibwiki.io/entity/Q1134,https://climatekg.tibwiki.io/entity/Q106,https://climatekg.tibwiki.io/entity/Q1,Urban,"Working Group II: Climate Change 2022 – Impacts, Adaptation and Vulnerability",Category
https://climatekg.tibwiki.io/entity/Q1134,https://climatekg.tibwiki.io/entity/Q150,https://climatekg.tibwiki.io/entity/Q1,Urban,Working Group III: Climate Change 2022 – Mitigation of Climate Change,Category
https://climatekg.tibwiki.io/entity/Q1133,https://climatekg.tibwiki.io/entity/Q106,https://climatekg.tibwiki.io/entity/Q1,Urban Systems,"Working Group II: Climate Change 2022 – Impacts, Adaptation and Vulnerability",Category
https://climatekg.tibwiki.io/entity/Q1133,https://climatekg.tibwiki.io/entity/Q150,https://climatekg.tibwiki.io/entity/Q1,Urban Systems,Working Group III: Climate Change 2022 – Mitigation of Climate Change,Category
https://climatekg.tibwiki.io/entity/Q1135,https://climatekg.tibwiki.io/entity/Q106,https://climatekg.tibwiki.io/entity/Q1,Urban and peri-urban agriculture,"Working Group II: Climate Change 2022 – Impacts, Adaptation and Vulnerability",Category
https://climatekg.tibwiki.io/entity/Q1136,https://climatekg.tibwiki.io/entity/Q77,https://climatekg.tibwiki.io/entity/Q1,Urban heat island,Working Group I: Climate Change 2021 – The Physical Science Basis,Category
https://climatekg.tibwiki.io/entity/Q1136,https://climatekg.tibwiki.io/entity/Q150,https://climatekg.tibwiki.io/entity/Q1,Urban heat island,Working Group III: Climate Change 2022 – Mitigation of Climate Change,Category
https://climatekg.tibwiki.io/entity/Q1137,https://climatekg.tibwiki.io/entity/Q106,https://climatekg.tibwiki.io/entity/Q1,Urbanisation,"Working Group II: Climate Change 2022 – Impacts, Adaptation and Vulnerability",Category
https://climatekg.tibwiki.io/entity/Q1137,https://climatekg.tibwiki.io/entity/Q150,https://climatekg.tibwiki.io/entity/Q1,Urbanisation,Working Group III: Climate Change 2022 – Mitigation of Climate Change,Category
https://climatekg.tibwiki.io/entity/Q1138,https://climatekg.tibwiki.io/entity/Q77,https://climatekg.tibwiki.io/entity/Q1,Urbanization,Working Group I: Climate Change 2021 – The Physical Science Basis,Category
https://climatekg.tibwiki.io/entity/Q1139,https://climatekg.tibwiki.io/entity/Q106,https://climatekg.tibwiki.io/entity/Q1,Values and beliefs,"Working Group II: Climate Change 2022 – Impacts, Adaptation and Vulnerability",Category
https://climatekg.tibwiki.io/entity/Q1140,https://climatekg.tibwiki.io/entity/Q150,https://climatekg.tibwiki.io/entity/Q1,Variable renewable energy,Working Group III: Climate Change 2022 – Mitigation of Climate Change,Category
https://climatekg.tibwiki.io/entity/Q1141,https://climatekg.tibwiki.io/entity/Q106,https://climatekg.tibwiki.io/entity/Q1,Vector-borne disease,"Working Group II: Climate Change 2022 – Impacts, Adaptation and Vulnerability",Category
https://climatekg.tibwiki.io/entity/Q1142,https://climatekg.tibwiki.io/entity/Q77,https://climatekg.tibwiki.io/entity/Q1,Ventilation,Working Group I: Climate Change 2021 – The Physical Science Basis,Category
https://climatekg.tibwiki.io/entity/Q1142,https://climatekg.tibwiki.io/entity/Q106,https://climatekg.tibwiki.io/entity/Q1,Ventilation,"Working Group II: Climate Change 2022 – Impacts, Adaptation and Vulnerability",Category
https://climatekg.tibwiki.io/entity/Q1143,https://climatekg.tibwiki.io/entity/Q150,https://climatekg.tibwiki.io/entity/Q1,Verification,Working Group III: Climate Change 2022 – Mitigation of Climate Change,Category
https://climatekg.tibwiki.io/entity/Q1144,https://climatekg.tibwiki.io/entity/Q77,https://climatekg.tibwiki.io/entity/Q1,Vertical land motion,Working Group I: Climate Change 2021 – The Physical Science Basis,Category
https://climatekg.tibwiki.io/entity/Q1145,https://climatekg.tibwiki.io/entity/Q77,https://climatekg.tibwiki.io/entity/Q1,Very short-lived halogenated substances,Working Group I: Climate Change 2021 – The Physical Science Basis,Category
https://climatekg.tibwiki.io/entity/Q1146,https://climatekg.tibwiki.io/entity/Q77,https://climatekg.tibwiki.io/entity/Q1,Volatile organic compounds,Working Group I: Climate Change 2021 – The Physical Science Basis,Category
https://climatekg.tibwiki.io/entity/Q1147,https://climatekg.tibwiki.io/entity/Q77,https://climatekg.tibwiki.io/entity/Q1,Vulnerability,Working Group I: Climate Change 2021 – The Physical Science Basis,Category
https://climatekg.tibwiki.io/entity/Q1147,https://climatekg.tibwiki.io/entity/Q106,https://climatekg.tibwiki.io/entity/Q1,Vulnerability,"Working Group II: Climate Change 2022 – Impacts, Adaptation and Vulnerability",Category
https://climatekg.tibwiki.io/entity/Q1147,https://climatekg.tibwiki.io/entity/Q150,https://climatekg.tibwiki.io/entity/Q1,Vulnerability,Working Group III: Climate Change 2022 – Mitigation of Climate Change,Category
https://climatekg.tibwiki.io/entity/Q1148,https://climatekg.tibwiki.io/entity/Q106,https://climatekg.tibwiki.io/entity/Q1,Vulnerability index,"Working Group II: Climate Change 2022 – Impacts, Adaptation and Vulnerability",Category
https://climatekg.tibwiki.io/entity/Q1149,https://climatekg.tibwiki.io/entity/Q77,https://climatekg.tibwiki.io/entity/Q1,Walker circulation,Working Group I: Climate Change 2021 – The Physical Science Basis,Category
https://climatekg.tibwiki.io/entity/Q1151,https://climatekg.tibwiki.io/entity/Q77,https://climatekg.tibwiki.io/entity/Q1,Water cycle,Working Group I: Climate Change 2021 – The Physical Science Basis,Category
https://climatekg.tibwiki.io/entity/Q1152,https://climatekg.tibwiki.io/entity/Q77,https://climatekg.tibwiki.io/entity/Q1,Water mass,Working Group I: Climate Change 2021 – The Physical Science Basis,Category
https://climatekg.tibwiki.io/entity/Q1153,https://climatekg.tibwiki.io/entity/Q77,https://climatekg.tibwiki.io/entity/Q1,Water security,Working Group I: Climate Change 2021 – The Physical Science Basis,Category
https://climatekg.tibwiki.io/entity/Q1153,https://climatekg.tibwiki.io/entity/Q106,https://climatekg.tibwiki.io/entity/Q1,Water security,"Working Group II: Climate Change 2022 – Impacts, Adaptation and Vulnerability",Category
https://climatekg.tibwiki.io/entity/Q1150,https://climatekg.tibwiki.io/entity/Q106,https://climatekg.tibwiki.io/entity/Q1,Water-borne diseases,"Working Group II: Climate Change 2022 – Impacts, Adaptation and Vulnerability",Category
https://climatekg.tibwiki.io/entity/Q1154,https://climatekg.tibwiki.io/entity/Q106,https://climatekg.tibwiki.io/entity/Q1,Water-use efficiency,"Working Group II: Climate Change 2022 – Impacts, Adaptation and Vulnerability",Category
https://climatekg.tibwiki.io/entity/Q1155,https://climatekg.tibwiki.io/entity/Q77,https://climatekg.tibwiki.io/entity/Q1,Wave setup,Working Group I: Climate Change 2021 – The Physical Science Basis,Category
https://climatekg.tibwiki.io/entity/Q1156,https://climatekg.tibwiki.io/entity/Q77,https://climatekg.tibwiki.io/entity/Q1,Weathering,Working Group I: Climate Change 2021 – The Physical Science Basis,Category
https://climatekg.tibwiki.io/entity/Q1156,https://climatekg.tibwiki.io/entity/Q106,https://climatekg.tibwiki.io/entity/Q1,Weathering,"Working Group II: Climate Change 2022 – Impacts, Adaptation and Vulnerability",Category
https://climatekg.tibwiki.io/entity/Q1157,https://climatekg.tibwiki.io/entity/Q106,https://climatekg.tibwiki.io/entity/Q1,Well-being,"Working Group II: Climate Change 2022 – Impacts, Adaptation and Vulnerability",Category
https://climatekg.tibwiki.io/entity/Q1157,https://climatekg.tibwiki.io/entity/Q150,https://climatekg.tibwiki.io/entity/Q1,Well-being,Working Group III: Climate Change 2022 – Mitigation of Climate Change,Category
https://climatekg.tibwiki.io/entity/Q1158,https://climatekg.tibwiki.io/entity/Q77,https://climatekg.tibwiki.io/entity/Q1,Well-mixed greenhouse gas,Working Group I: Climate Change 2021 – The Physical Science Basis,Category
https://climatekg.tibwiki.io/entity/Q1159,https://climatekg.tibwiki.io/entity/Q77,https://climatekg.tibwiki.io/entity/Q1,West African monsoon,Working Group I: Climate Change 2021 – The Physical Science Basis,Category
https://climatekg.tibwiki.io/entity/Q1160,https://climatekg.tibwiki.io/entity/Q77,https://climatekg.tibwiki.io/entity/Q1,Wetland,Working Group I: Climate Change 2021 – The Physical Science Basis,Category
https://climatekg.tibwiki.io/entity/Q1160,https://climatekg.tibwiki.io/entity/Q106,https://climatekg.tibwiki.io/entity/Q1,Wetland,"Working Group II: Climate Change 2022 – Impacts, Adaptation and Vulnerability",Category
https://climatekg.tibwiki.io/entity/Q1161,https://climatekg.tibwiki.io/entity/Q150,https://climatekg.tibwiki.io/entity/Q1,Wind energy,Working Group III: Climate Change 2022 – Mitigation of Climate Change,Category
https://climatekg.tibwiki.io/entity/Q1162,https://climatekg.tibwiki.io/entity/Q77,https://climatekg.tibwiki.io/entity/Q1,Younger Dryas,Working Group I: Climate Change 2021 – The Physical Science Basis,Category
https://climatekg.tibwiki.io/entity/Q1163,https://climatekg.tibwiki.io/entity/Q77,https://climatekg.tibwiki.io/entity/Q1,Zero emissions commitment,Working Group I: Climate Change 2021 – The Physical Science Basis,Category
https://climatekg.tibwiki.io/entity/Q1163,https://climatekg.tibwiki.io/entity/Q150,https://climatekg.tibwiki.io/entity/Q1,Zero emissions commitment,Working Group III: Climate Change 2022 – Mitigation of Climate Change,Category
https://climatekg.tibwiki.io/entity/Q1166,https://climatekg.tibwiki.io/entity/Q77,https://climatekg.tibwiki.io/entity/Q1,pH,Working Group I: Climate Change 2021 – The Physical Science Basis,Category
https://climatekg.tibwiki.io/entity/Q1166,https://climatekg.tibwiki.io/entity/Q106,https://climatekg.tibwiki.io/entity/Q1,pH,"Working Group II: Climate Change 2022 – Impacts, Adaptation and Vulnerability",Category
